fecha_consulta,tipo_transporte,fecha_salida,origen_codigo,origen_nombre,destino_codigo,destino_nombre,empresa_aerolinea,codigo_empresa,numero_vuelo_bus,fecha_hora_salida,fecha_hora_llegada,categoria_cabina,detalles_vehiculo,escalas_duracion,es_escala,numero_escalas,precio_bob,precio_max_bob,precio_minimo_bob
2026-08-05 10:06:04,BUS,2026-08-05,COCHABAMBA,COCHABAMBA,SUCRE,SUCRE,BUSTILLO,127,1488IXL,2026-08-05 11:00,2026-08-05 19:30,CAMA,40 IXL,8h 30m,,,0.0,0.0,0.0
2026-08-05 10:06:04,BUS,2026-08-05,COCHABAMBA,COCHABAMBA,LA PAZ,LA PAZ,TRANS FLORES,217,707,2026-08-05 11:15,2026-08-05 18:30,CAMA,CAMA LEITO 40,7h 15m,,,0.0,0.0,0.0
2026-08-05 10:06:04,BUS,2026-08-05,COCHABAMBA,COCHABAMBA,LA PAZ,LA PAZ,EL DORADO,103,GAF,2026-08-05 12:00,2026-08-05 19:00,CAMA,CAMA 3 FILAS 40,7h 0m,,,146.0,150.0,140.0
2026-08-05 10:06:04,BUS,2026-08-05,COCHABAMBA,COCHABAMBA,ORURO,ORURO,NASER,183,3817 TFB,2026-08-05 12:00,2026-08-05 17:00,SEMI CAMA,SEMI CAMA LEITO 60,5h 0m,,,0.0,0.0,0.0
2026-08-05 10:06:04,BUS,2026-08-05,COCHABAMBA,COCHABAMBA,LA PAZ,LA PAZ,BOLIVIA,113,000,2026-08-05 13:30,2026-08-05 21:00,CAMA,CAMA 40,7h 30m,,,0.0,0.0,0.0
2026-08-05 12:01:16,BUS,2026-08-05,COCHABAMBA,COCHABAMBA,LA PAZ,LA PAZ,BOLIVIA,113,CPD,2026-08-05 13:30,2026-08-05 21:00,CAMA,CAMA 3F 43 SCANIA 2019,Directo (7h 30m),False,0,0.0,0.0,0.0
2026-08-05 12:01:16,BUS,2026-08-05,COCHABAMBA,COCHABAMBA,ORURO,ORURO,NASER,183,3817 TFB,2026-08-05 14:30,2026-08-05 19:30,SEMI CAMA,SEMI CAMA LEITO 60,Directo (5h 0m),False,0,0.0,0.0,0.0
2026-08-05 10:06:04,BUS,2026-08-05,COCHABAMBA,COCHABAMBA,LA PAZ,LA PAZ,EL DORADO,103,DYP,2026-08-05 15:00,2026-08-05 22:00,CAMA,CAMA 3F 43 SCANIA 2013,7h 0m,,,150.0,150.0,140.0
2026-08-05 12:01:16,BUS,2026-08-05,COCHABAMBA,COCHABAMBA,LA PAZ,LA PAZ,EL DORADO,103,DYP,2026-08-05 15:00,2026-08-05 22:00,CAMA,CAMA 3F 43 SCANIA 2013,Directo (7h 0m),False,0,150.0,150.0,140.0
2026-08-05 10:06:04,BUS,2026-08-05,COCHABAMBA,COCHABAMBA,LA PAZ,LA PAZ,TRANS COPACABANA S.A.,110,133,2026-08-05 16:00,2026-08-06 00:00,CAMA,CAMA DD 43,8h 0m,,,180.0,180.0,150.0
2026-08-05 10:06:04,BUS,2026-08-05,COCHABAMBA,COCHABAMBA,VILLAZON,VILLAZON,ILLIMANI,179,1320UXA,2026-08-05 16:00,2026-08-06 04:38,CAMA,CAMA 41 3F 2P,12h 38m,,,0.0,0.0,0.0
2026-08-05 12:01:16,BUS,2026-08-05,COCHABAMBA,COCHABAMBA,VILLAZON,VILLAZON,ILLIMANI,179,1320UXA,2026-08-05 16:00,2026-08-06 04:38,CAMA,CAMA 41 3F 2P,Directo (12h 38m),False,0,0.0,0.0,0.0
2026-08-05 10:06:04,BUS,2026-08-05,COCHABAMBA,COCHABAMBA,LA PAZ,LA PAZ,BOLIVIA,113,000,2026-08-05 16:30,2026-08-06 00:00,CAMA,CAMA 40,7h 30m,,,0.0,0.0,0.0
2026-08-05 12:01:16,BUS,2026-08-05,COCHABAMBA,COCHABAMBA,LA PAZ,LA PAZ,BOLIVIA,113,000,2026-08-05 16:30,2026-08-06 00:00,CAMA,CAMA 40,Directo (7h 30m),False,0,0.0,0.0,0.0
2026-08-05 10:06:04,BUS,2026-08-05,COCHABAMBA,COCHABAMBA,VILLAZON,VILLAZON,ILLIMANI,179,1760LIT,2026-08-05 17:00,2026-08-06 05:38,CAMA,CAMA 45 3F 2P,12h 38m,,,0.0,0.0,0.0
2026-08-05 12:01:16,BUS,2026-08-05,COCHABAMBA,COCHABAMBA,VILLAZON,VILLAZON,ILLIMANI,179,1760LIT,2026-08-05 17:00,2026-08-06 05:38,CAMA,CAMA 45 3F 2P,Directo (12h 38m),False,0,0.0,0.0,0.0
2026-08-05 10:06:04,BUS,2026-08-05,COCHABAMBA,COCHABAMBA,SANTA CRUZ,SANTA CRUZ,RENACER,105,45,2026-08-05 17:30,2026-08-06 03:30,CAMA,CAMA 3 FILAS 1,10h 0m,,,199.0,200.0,100.0
2026-08-05 12:01:16,BUS,2026-08-05,COCHABAMBA,COCHABAMBA,SANTA CRUZ,SANTA CRUZ,RENACER,105,45,2026-08-05 17:30,2026-08-06 03:30,CAMA,CAMA 3 FILAS 1,Directo (10h 0m),False,0,199.0,200.0,190.0
2026-08-05 10:06:04,BUS,2026-08-05,COCHABAMBA,COCHABAMBA,SANTA CRUZ,SANTA CRUZ,TRANS COPACABANA S.A.,110,127,2026-08-05 19:00,2026-08-06 05:00,CAMA,CAMA D - PISO 43,10h 0m,,,250.0,250.0,200.0
2026-08-05 10:06:04,BUS,2026-08-05,COCHABAMBA,COCHABAMBA,SANTA CRUZ,SANTA CRUZ,RENACER,105,79,2026-08-05 19:15,2026-08-06 05:15,CAMA,CAMA 3 FILAS 1,10h 0m,,,188.0,200.0,200.0
2026-08-05 12:01:16,BUS,2026-08-05,COCHABAMBA,COCHABAMBA,SANTA CRUZ,SANTA CRUZ,RENACER,105,79,2026-08-05 19:15,2026-08-06 05:15,CAMA,CAMA 3 FILAS 1,Directo (10h 0m),False,0,199.0,200.0,150.0
2026-08-05 10:06:04,BUS,2026-08-05,COCHABAMBA,COCHABAMBA,POTOSI,POTOSI,TRANS COPACABANA S.A.,110,133,2026-08-05 20:00,2026-08-06 06:00,CAMA,CAMA DD 43,10h 0m,,,250.0,250.0,200.0
2026-08-05 10:06:04,BUS,2026-08-05,COCHABAMBA,COCHABAMBA,SANTA CRUZ,SANTA CRUZ,EL DORADO,103,000,2026-08-05 20:00,2026-08-06 08:00,CAMA,CAMA 3 FILAS 40,12h 0m,,,200.0,200.0,200.0
2026-08-05 10:06:04,BUS,2026-08-05,COCHABAMBA,COCHABAMBA,SUCRE,SUCRE,TRANS COPACABANA S.A.,110,161,2026-08-05 20:00,2026-08-06 03:00,CAMA,CAMA TV 43,7h 0m,,,250.0,250.0,200.0
2026-08-05 12:01:16,BUS,2026-08-05,COCHABAMBA,COCHABAMBA,POTOSI,POTOSI,TRANS COPACABANA S.A.,110,140,2026-08-05 20:00,2026-08-06 06:00,CAMA,CAMA TV 43,Directo (10h 0m),False,0,250.0,250.0,200.0
2026-08-05 12:01:16,BUS,2026-08-05,COCHABAMBA,COCHABAMBA,SANTA CRUZ,SANTA CRUZ,EL DORADO,103,000,2026-08-05 20:00,2026-08-06 08:00,CAMA,CAMA 3 FILAS 40,Directo (12h 0m),False,0,200.0,200.0,200.0
2026-08-05 12:01:16,BUS,2026-08-05,COCHABAMBA,COCHABAMBA,SUCRE,SUCRE,TRANS COPACABANA S.A.,110,161,2026-08-05 20:00,2026-08-06 03:00,CAMA,CAMA TV 43,Directo (7h 0m),False,0,250.0,250.0,200.0
2026-08-05 10:06:04,BUS,2026-08-05,COCHABAMBA,COCHABAMBA,SANTA CRUZ,SANTA CRUZ,RENACER,105,55,2026-08-05 20:15,2026-08-06 06:15,CAMA,CAMA 3 FILAS 5,10h 0m,,,188.0,200.0,100.0
2026-08-05 12:01:16,BUS,2026-08-05,COCHABAMBA,COCHABAMBA,SANTA CRUZ,SANTA CRUZ,RENACER,105,55,2026-08-05 20:15,2026-08-06 06:15,CAMA,CAMA 3 FILAS 5,Directo (10h 0m),False,0,199.0,200.0,190.0
2026-08-05 10:06:04,BUS,2026-08-05,COCHABAMBA,COCHABAMBA,SUCRE,SUCRE,FLOTA COPACABANA,167,1866 PXR,2026-08-05 20:30,2026-08-06 02:30,CAMA,CAMA 38 PB,6h 0m,,,0.0,0.0,0.0
2026-08-05 12:01:16,BUS,2026-08-05,COCHABAMBA,COCHABAMBA,SUCRE,SUCRE,FLOTA COPACABANA,167,1866 PXR,2026-08-05 20:30,2026-08-06 02:30,CAMA,CAMA 38 PB,Directo (6h 0m),False,0,0.0,0.0,0.0
2026-08-05 10:06:04,BUS,2026-08-05,COCHABAMBA,COCHABAMBA,SUCRE,SUCRE,BUSTILLO,127,3026CCS,2026-08-05 20:45,2026-08-06 05:15,CAMA,LEITO 43 ZJ,8h 30m,,,0.0,0.0,0.0
2026-08-05 12:01:16,BUS,2026-08-05,COCHABAMBA,COCHABAMBA,SUCRE,SUCRE,BUSTILLO,127,3026CCS,2026-08-05 20:45,2026-08-06 05:15,CAMA,LEITO 43 ZJ,Directo (8h 30m),False,0,0.0,0.0,0.0
2026-08-05 10:06:04,BUS,2026-08-05,COCHABAMBA,COCHABAMBA,LA PAZ,LA PAZ,TRANS COPACABANA S.A.,110,130,2026-08-05 21:00,2026-08-06 05:00,CAMA,CAMA D - PISO 43,8h 0m,,,180.0,180.0,180.0
2026-08-05 10:06:04,BUS,2026-08-05,COCHABAMBA,COCHABAMBA,LLALLAGUA,LLALLAGUA,BUSTILLO,127,2443 LKR,2026-08-05 21:00,2026-08-06 05:30,CAMA,LEITO  41 FGL,8h 30m,,,0.0,0.0,0.0
2026-08-05 10:06:04,BUS,2026-08-05,COCHABAMBA,COCHABAMBA,POTOSI,POTOSI,EL DORADO,103,000,2026-08-05 21:00,2026-08-06 09:30,CAMA,CAMA 3 FILAS 40,12h 30m,,,200.0,200.0,200.0
2026-08-05 10:06:04,BUS,2026-08-05,COCHABAMBA,COCHABAMBA,POTOSI,POTOSI,FLOTA COPACABANA,167,5316 FHT,2026-08-05 21:00,2026-08-06 06:00,CAMA,CAMA 41 2P,9h 0m,,,0.0,0.0,0.0
2026-08-05 10:06:04,BUS,2026-08-05,COCHABAMBA,COCHABAMBA,SUCRE,SUCRE,EL DORADO,103,000,2026-08-05 21:00,2026-08-06 07:00,CAMA,CAMA 3 FILAS 40,10h 0m,,,200.0,200.0,200.0
2026-08-05 12:01:16,BUS,2026-08-05,COCHABAMBA,COCHABAMBA,LA PAZ,LA PAZ,TRANS COPACABANA S.A.,110,130,2026-08-05 21:00,2026-08-06 05:00,CAMA,CAMA D - PISO 43,Directo (8h 0m),False,0,180.0,180.0,180.0
2026-08-05 12:01:16,BUS,2026-08-05,COCHABAMBA,COCHABAMBA,LLALLAGUA,LLALLAGUA,BUSTILLO,127,2443 LKR,2026-08-05 21:00,2026-08-06 05:30,CAMA,LEITO  41 FGL,Directo (8h 30m),False,0,0.0,0.0,0.0
2026-08-05 12:01:16,BUS,2026-08-05,COCHABAMBA,COCHABAMBA,POTOSI,POTOSI,EL DORADO,103,000,2026-08-05 21:00,2026-08-06 09:30,CAMA,CAMA 3 FILAS 40,Directo (12h 30m),False,0,200.0,200.0,200.0
2026-08-05 12:01:16,BUS,2026-08-05,COCHABAMBA,COCHABAMBA,SANTA CRUZ,SANTA CRUZ,TRANS COPACABANA S.A.,110,142,2026-08-05 21:00,2026-08-06 07:00,CAMA,CAMA TV 43,Directo (10h 0m),False,0,250.0,250.0,250.0
2026-08-05 12:01:16,BUS,2026-08-05,COCHABAMBA,COCHABAMBA,SUCRE,SUCRE,EL DORADO,103,000,2026-08-05 21:00,2026-08-06 07:00,CAMA,CAMA 3 FILAS 40,Directo (10h 0m),False,0,200.0,200.0,200.0
2026-08-05 10:06:04,BUS,2026-08-05,COCHABAMBA,COCHABAMBA,LA PAZ,LA PAZ,BOLIVIA,113,000,2026-08-05 21:30,2026-08-06 05:00,CAMA,CAMA 40,7h 30m,,,0.0,0.0,0.0
2026-08-05 10:06:04,BUS,2026-08-05,COCHABAMBA,COCHABAMBA,LA PAZ,LA PAZ,TRANS COPACABANA S.A.,110,143,2026-08-05 21:30,2026-08-06 05:30,CAMA,CAMA TV 43,8h 0m,,,0.0,0.0,0.0
2026-08-05 10:06:04,BUS,2026-08-05,COCHABAMBA,COCHABAMBA,LLALLAGUA,LLALLAGUA,15 DE AGOSTO,225,3761 ASR,2026-08-05 21:30,2026-08-06 04:30,CAMA,CAMA LEITO 43,7h 0m,,,120.0,130.0,80.0
2026-08-05 10:06:04,BUS,2026-08-05,COCHABAMBA,COCHABAMBA,POTOSI,POTOSI,FLOTA COPACABANA,167,4756 SIX,2026-08-05 21:30,2026-08-06 06:30,CAMA,CAMA 41 2P,9h 0m,,,0.0,0.0,0.0
2026-08-05 10:06:04,BUS,2026-08-05,COCHABAMBA,COCHABAMBA,SUCRE,SUCRE,BUSTILLO,127,2711 ISR,2026-08-05 21:30,2026-08-06 06:00,CAMA,LEITO  41 FGL,8h 30m,,,0.0,0.0,0.0
2026-08-05 12:01:16,BUS,2026-08-05,COCHABAMBA,COCHABAMBA,LA PAZ,LA PAZ,TRANS COPACABANA S.A.,110,143,2026-08-05 21:30,2026-08-06 05:30,CAMA,CAMA TV 43,Directo (8h 0m),False,0,180.0,180.0,180.0
2026-08-05 12:01:16,BUS,2026-08-05,COCHABAMBA,COCHABAMBA,LA PAZ,LA PAZ,BOLIVIA,113,000,2026-08-05 21:30,2026-08-06 05:00,CAMA,CAMA 40,Directo (7h 30m),False,0,0.0,0.0,0.0
2026-08-05 12:01:16,BUS,2026-08-05,COCHABAMBA,COCHABAMBA,LLALLAGUA,LLALLAGUA,15 DE AGOSTO,225,3761 ASR,2026-08-05 21:30,2026-08-06 04:30,CAMA,CAMA LEITO 43,Directo (7h 0m),False,0,120.0,130.0,80.0
2026-08-05 12:01:16,BUS,2026-08-05,COCHABAMBA,COCHABAMBA,LLALLAGUA,LLALLAGUA,BUSTILLO,127,2896IUT,2026-08-05 21:30,2026-08-06 06:00,CAMA,LEITO 40 MR,Directo (8h 30m),False,0,0.0,0.0,0.0
2026-08-05 12:01:16,BUS,2026-08-05,COCHABAMBA,COCHABAMBA,SUCRE,SUCRE,BUSTILLO,127,2711 ISR,2026-08-05 21:30,2026-08-06 06:00,CAMA,LEITO  41 FGL,Directo (8h 30m),False,0,0.0,0.0,0.0
2026-08-05 12:01:16,BUS,2026-08-05,COCHABAMBA,COCHABAMBA,LA PAZ,LA PAZ,RENACER,105,108,2026-08-05 21:45,2026-08-06 05:45,CAMA,CAMA LEITO 43,Directo (8h 0m),False,0,0.0,0.0,0.0
2026-08-05 10:06:04,BUS,2026-08-05,COCHABAMBA,COCHABAMBA,LA PAZ,LA PAZ,BOLIVIA,113,000,2026-08-05 22:00,2026-08-06 05:30,CAMA,CAMA 40,7h 30m,,,0.0,0.0,0.0
2026-08-05 12:01:16,BUS,2026-08-05,COCHABAMBA,COCHABAMBA,LA PAZ,LA PAZ,TRANS COPACABANA S.A.,110,127,2026-08-05 22:00,2026-08-06 06:00,CAMA,CAMA D - PISO 43,Directo (8h 0m),False,0,180.0,180.0,180.0
2026-08-05 12:01:16,BUS,2026-08-05,COCHABAMBA,COCHABAMBA,LA PAZ,LA PAZ,BOLIVIA,113,000,2026-08-05 22:00,2026-08-06 05:30,CAMA,CAMA 40,Directo (7h 30m),False,0,0.0,0.0,0.0
2026-08-05 10:06:04,BUS,2026-08-05,COCHABAMBA,COCHABAMBA,LA PAZ,LA PAZ,EL DORADO,103,000,2026-08-05 22:30,2026-08-06 05:30,CAMA,CAMA 3 FILAS 40,7h 0m,,,160.0,160.0,150.0
2026-08-05 12:01:16,BUS,2026-08-05,COCHABAMBA,COCHABAMBA,LA PAZ,LA PAZ,EL DORADO,103,000,2026-08-05 22:30,2026-08-06 05:30,CAMA,CAMA 3 FILAS 40,Directo (7h 0m),False,0,180.0,180.0,150.0
2026-08-05 10:06:04,BUS,2026-08-05,COCHABAMBA,COCHABAMBA,LA PAZ,LA PAZ,EL DORADO,103,NSS,2026-08-05 22:45,2026-08-06 05:45,SUITE,SUITE Y CAMA 30,7h 0m,,,167.0,200.0,160.0
2026-08-05 10:06:04,BUS,2026-08-05,COCHABAMBA,COCHABAMBA,LA PAZ,LA PAZ,BOLIVIA,113,000,2026-08-05 22:45,2026-08-06 06:15,CAMA,CAMA 40,7h 30m,,,0.0,0.0,0.0
2026-08-05 12:01:16,BUS,2026-08-05,COCHABAMBA,COCHABAMBA,LA PAZ,LA PAZ,EL DORADO,103,NSS,2026-08-05 22:45,2026-08-06 05:45,SUITE,SUITE Y CAMA 30,Directo (7h 0m),False,0,167.0,200.0,160.0
2026-08-05 12:01:16,BUS,2026-08-05,COCHABAMBA,COCHABAMBA,LA PAZ,LA PAZ,BOLIVIA,113,000,2026-08-05 22:45,2026-08-06 06:15,CAMA,CAMA 40,Directo (7h 30m),False,0,0.0,0.0,0.0
2026-08-05 10:06:04,BUS,2026-08-05,COCHABAMBA,COCHABAMBA,LA PAZ,LA PAZ,EL DORADO,103,000,2026-08-05 23:00,2026-08-06 06:00,CAMA,CAMA 3 FILAS 40,7h 0m,,,160.0,160.0,160.0
2026-08-05 12:01:16,BUS,2026-08-05,COCHABAMBA,COCHABAMBA,LA PAZ,LA PAZ,EL DORADO,103,000,2026-08-05 23:00,2026-08-06 06:00,CAMA,CAMA 3 FILAS 40,Directo (7h 0m),False,0,160.0,160.0,160.0
2026-08-05 10:06:04,BUS,2026-08-05,LA PAZ,LA PAZ,ORURO,ORURO,NASER,183,3074-IBL,2026-08-05 11:00,2026-08-05 14:30,SEMI CAMA,SEMI CAMA LEITO 60,3h 30m,,,0.0,0.0,0.0
2026-08-05 10:06:04,BUS,2026-08-05,LA PAZ,LA PAZ,ORURO,ORURO,NASER,183,2432 LRK,2026-08-05 12:00,2026-08-05 15:30,CAMA,CAMA SEMI 56,3h 30m,,,0.0,0.0,0.0
2026-08-05 12:01:16,BUS,2026-08-05,LA PAZ,LA PAZ,COCHABAMBA,COCHABAMBA,BOLIVIA,113,FDL,2026-08-05 12:30,2026-08-05 20:00,CAMA,CAMA 40,Directo (7h 30m),False,0,0.0,0.0,0.0
2026-08-05 10:06:04,BUS,2026-08-05,LA PAZ,LA PAZ,SANTA CRUZ,SANTA CRUZ,EL DORADO,103,XAF,2026-08-05 13:00,2026-08-06 06:00,CAMA,CAMPREM3F46VOLVO2025,17h 0m,,,380.0,380.0,370.0
2026-08-05 10:06:04,BUS,2026-08-05,LA PAZ,LA PAZ,ORURO,ORURO,NASER,183,3817-TDS,2026-08-05 13:30,2026-08-05 17:00,SEMI CAMA,SEMI CAMA LEITO 60,3h 30m,,,0.0,0.0,0.0
2026-08-05 12:01:16,BUS,2026-08-05,LA PAZ,LA PAZ,ORURO,ORURO,NASER,183,3817-TDS,2026-08-05 13:30,2026-08-05 17:00,SEMI CAMA,SEMI CAMA LEITO 60,Directo (3h 30m),False,0,0.0,0.0,0.0
2026-08-05 10:06:04,BUS,2026-08-05,LA PAZ,LA PAZ,SANTA CRUZ,SANTA CRUZ,TRANS COPACABANA S.A.,110,142,2026-08-05 14:00,2026-08-06 07:00,CAMA,CAMA TV 43,17h 0m,,,380.0,380.0,350.0
2026-08-05 10:06:04,BUS,2026-08-05,LA PAZ,LA PAZ,VILLAZON,VILLAZON,ILLIMANI,179,2031 AZX CAMA3F,2026-08-05 14:00,2026-08-06 01:25,CAMA,CAMA 3 FILAS AZX,11h 25m,,,0.0,0.0,0.0
2026-08-05 12:01:16,BUS,2026-08-05,LA PAZ,LA PAZ,VILLAZON,VILLAZON,ILLIMANI,179,2031 AZX CAMA3F,2026-08-05 14:00,2026-08-06 01:25,CAMA,CAMA 3 FILAS AZX,Directo (11h 25m),False,0,0.0,0.0,0.0
2026-08-05 10:06:04,BUS,2026-08-05,LA PAZ,LA PAZ,COCHABAMBA,COCHABAMBA,BOLIVIA,113,3333,2026-08-05 14:30,2026-08-05 22:00,CAMA,CAMA  43,7h 30m,,,0.0,0.0,0.0
2026-08-05 10:06:04,BUS,2026-08-05,LA PAZ,LA PAZ,ORURO,ORURO,NASER,183,3817 TEX,2026-08-05 14:30,2026-08-05 18:00,SEMI CAMA,SEMI CAMA LEITO 60,3h 30m,,,0.0,0.0,0.0
2026-08-05 12:01:16,BUS,2026-08-05,LA PAZ,LA PAZ,COCHABAMBA,COCHABAMBA,BOLIVIA,113,3333,2026-08-05 14:30,2026-08-05 22:00,CAMA,CAMA  43,Directo (7h 30m),False,0,0.0,0.0,0.0
2026-08-05 12:01:16,BUS,2026-08-05,LA PAZ,LA PAZ,ORURO,ORURO,NASER,183,3817 TEX,2026-08-05 14:30,2026-08-05 18:00,SEMI CAMA,SEMI CAMA LEITO 60,Directo (3h 30m),False,0,0.0,0.0,0.0
2026-08-05 10:06:04,BUS,2026-08-05,LA PAZ,LA PAZ,ORURO,ORURO,NASER,183,3817-TKR,2026-08-05 15:30,2026-08-05 19:00,SEMI CAMA,SEMI CAMA LEITO 60,3h 30m,,,0.0,0.0,0.0
2026-08-05 12:01:16,BUS,2026-08-05,LA PAZ,LA PAZ,ORURO,ORURO,NASER,183,3817-TKR,2026-08-05 15:30,2026-08-05 19:00,SEMI CAMA,SEMI CAMA LEITO 60,Directo (3h 30m),False,0,0.0,0.0,0.0
2026-08-05 10:06:04,BUS,2026-08-05,LA PAZ,LA PAZ,ORURO,ORURO,NASER,183,5318 ARE,2026-08-05 16:30,2026-08-05 20:00,SEMI CAMA,SEMI CAMA LEITO 60 II,3h 30m,,,0.0,0.0,0.0
2026-08-05 10:06:04,BUS,2026-08-05,LA PAZ,LA PAZ,SANTA CRUZ,SANTA CRUZ,TRANS COPACABANA S.A.,110,148,2026-08-05 16:30,2026-08-06 09:30,CAMA,CAMA TV 43,17h 0m,,,380.0,380.0,350.0
2026-08-05 12:01:16,BUS,2026-08-05,LA PAZ,LA PAZ,ORURO,ORURO,NASER,183,5318 ARE,2026-08-05 16:30,2026-08-05 20:00,SEMI CAMA,SEMI CAMA LEITO 60 II,Directo (3h 30m),False,0,0.0,0.0,0.0
2026-08-05 12:01:16,BUS,2026-08-05,LA PAZ,LA PAZ,SANTA CRUZ,SANTA CRUZ,TRANS COPACABANA S.A.,110,148,2026-08-05 16:30,2026-08-06 09:30,CAMA,CAMA TV 43,Directo (17h 0m),False,0,380.0,380.0,300.0
2026-08-05 10:06:04,BUS,2026-08-05,LA PAZ,LA PAZ,SANTA CRUZ,SANTA CRUZ,EL DORADO,103,EDX,2026-08-05 17:00,2026-08-06 10:00,CAMA,CAMA 3F 46 VOLVO 2019,17h 0m,,,380.0,380.0,380.0
2026-08-05 12:01:16,BUS,2026-08-05,LA PAZ,LA PAZ,ORURO,ORURO,NASER,183,5318 ASH,2026-08-05 18:00,2026-08-05 21:30,SEMI CAMA,SEMI CAMA LEITO 60 II,Directo (3h 30m),False,0,0.0,0.0,0.0
2026-08-05 10:06:04,BUS,2026-08-05,LA PAZ,LA PAZ,TARIJA,TARIJA,TRANS COPACABANA S.A.,110,174,2026-08-05 18:30,2026-08-06 11:30,CAMA,CAMA TV 43,17h 0m,,,380.0,380.0,363.0
2026-08-05 12:01:16,BUS,2026-08-05,LA PAZ,LA PAZ,TARIJA,TARIJA,TRANS COPACABANA S.A.,110,174,2026-08-05 18:30,2026-08-06 11:30,CAMA,CAMA TV 43,Directo (17h 0m),False,0,380.0,380.0,363.0
2026-08-05 10:06:04,BUS,2026-08-05,LA PAZ,LA PAZ,SANTA CRUZ,SANTA CRUZ,TRANS COPACABANA S.A.,110,155,2026-08-05 19:00,2026-08-06 12:00,CAMA,CAMA TV 43,17h 0m,,,380.0,380.0,350.0
2026-08-05 10:06:04,BUS,2026-08-05,LA PAZ,LA PAZ,VILLAZON,VILLAZON,ILLIMANI,179,2752UXU,2026-08-05 19:30,2026-08-06 06:55,CAMA,CAMA 44 3F 2P,11h 25m,,,0.0,0.0,0.0
2026-08-05 12:01:16,BUS,2026-08-05,LA PAZ,LA PAZ,SUCRE,SUCRE,EL DORADO,103,NTL,2026-08-05 19:30,2026-08-06 07:30,SUITE,SUITE Y CAMA 29,Directo (12h 0m),False,0,310.0,310.0,300.0
2026-08-05 12:01:16,BUS,2026-08-05,LA PAZ,LA PAZ,VILLAZON,VILLAZON,ILLIMANI,179,2752UXU,2026-08-05 19:30,2026-08-06 06:55,CAMA,CAMA 44 3F 2P,Directo (11h 25m),False,0,0.0,0.0,0.0
2026-08-05 10:06:04,BUS,2026-08-05,LA PAZ,LA PAZ,LLALLAGUA,LLALLAGUA,BUSTILLO,127,3098ZDU,2026-08-05 20:30,2026-08-06 01:12,CAMA,LEITO 40 VAY,4h 42m,,,0.0,0.0,0.0
2026-08-05 12:01:16,BUS,2026-08-05,LA PAZ,LA PAZ,LLALLAGUA,LLALLAGUA,BUSTILLO,127,3098ZDU,2026-08-05 20:30,2026-08-06 01:12,CAMA,LEITO 40 VAY,Directo (4h 42m),False,0,0.0,0.0,0.0
2026-08-05 10:06:04,BUS,2026-08-05,LA PAZ,LA PAZ,POTOSI,POTOSI,TRANS COPACABANA S.A.,110,130,2026-08-05 21:00,2026-08-06 06:00,CAMA,CAMA D - PISO 43,9h 0m,,,250.0,250.0,250.0
2026-08-05 10:06:04,BUS,2026-08-05,LA PAZ,LA PAZ,COCHABAMBA,COCHABAMBA,BOLIVIA,113,3333,2026-08-05 22:45,2026-08-06 06:15,CAMA,CAMA  43,7h 30m,,,0.0,0.0,0.0
2026-08-05 10:06:04,BUS,2026-08-05,ORURO,ORURO,LA PAZ,LA PAZ,NASER,183,5318 ASH,2026-08-05 11:30,2026-08-05 15:00,SEMI CAMA,SEMI CAMA LEITO 60 II,3h 30m,,,0.0,0.0,0.0
2026-08-05 10:06:04,BUS,2026-08-05,ORURO,ORURO,COCHABAMBA,COCHABAMBA,NASER,183,6022 PYK,2026-08-05 12:00,2026-08-05 17:00,CAMA,CAMA LEITO 46,5h 0m,,,0.0,0.0,0.0
2026-08-05 12:01:16,BUS,2026-08-05,ORURO,ORURO,LA PAZ,LA PAZ,NASER,183,4760 TPU,2026-08-05 13:30,2026-08-05 17:00,CAMA,CAMA LEITO 43,Directo (3h 30m),False,0,0.0,0.0,0.0
2026-08-05 12:01:16,BUS,2026-08-05,ORURO,ORURO,COCHABAMBA,COCHABAMBA,NASER,183,5318 ALS,2026-08-05 14:00,2026-08-05 19:00,CAMA,CAMA LEITO 43,Directo (5h 0m),False,0,0.0,0.0,0.0
2026-08-05 10:06:04,BUS,2026-08-05,ORURO,ORURO,SANTA CRUZ,SANTA CRUZ,NASER,183,6231NSE,2026-08-05 14:30,2026-08-06 00:30,CAMA,CAMA LEITO 43,10h 0m,,,0.0,0.0,0.0
2026-08-05 12:01:16,BUS,2026-08-05,ORURO,ORURO,SANTA CRUZ,SANTA CRUZ,NASER,183,6231NSE,2026-08-05 14:30,2026-08-06 00:30,CAMA,CAMA LEITO 43,Directo (10h 0m),False,0,0.0,0.0,0.0
2026-08-05 10:06:04,BUS,2026-08-05,ORURO,ORURO,LA PAZ,LA PAZ,NASER,183,2737-LEH,2026-08-05 15:30,2026-08-05 19:00,SEMI CAMA,SEMI CAMA LEITO 53,3h 30m,,,0.0,0.0,0.0
2026-08-05 12:01:16,BUS,2026-08-05,ORURO,ORURO,LA PAZ,LA PAZ,NASER,183,2737-LEH,2026-08-05 15:30,2026-08-05 19:00,SEMI CAMA,SEMI CAMA LEITO 53,Directo (3h 30m),False,0,0.0,0.0,0.0
2026-08-05 10:06:04,BUS,2026-08-05,ORURO,ORURO,COCHABAMBA,COCHABAMBA,TRANS COPACABANA S.A.,110,146,2026-08-05 16:00,2026-08-05 21:00,CAMA,CAMA TV 43,5h 0m,,,100.0,100.0,70.0
2026-08-05 10:06:04,BUS,2026-08-05,ORURO,ORURO,LA PAZ,LA PAZ,NASER,183,5318 APB,2026-08-05 16:00,2026-08-05 19:30,SEMI CAMA,SEMI CAMA LEITO 60 II,3h 30m,,,0.0,0.0,0.0
2026-08-05 12:01:16,BUS,2026-08-05,ORURO,ORURO,COCHABAMBA,COCHABAMBA,TRANS COPACABANA S.A.,110,114,2026-08-05 16:00,2026-08-05 21:00,CAMA,CAMA DD - PISO  43,Directo (5h 0m),False,0,100.0,100.0,90.0
2026-08-05 12:01:16,BUS,2026-08-05,ORURO,ORURO,LA PAZ,LA PAZ,NASER,183,5318 APB,2026-08-05 16:00,2026-08-05 19:30,SEMI CAMA,SEMI CAMA LEITO 60 II,Directo (3h 30m),False,0,0.0,0.0,0.0
2026-08-05 10:06:04,BUS,2026-08-05,ORURO,ORURO,SANTA CRUZ,SANTA CRUZ,NASER,183,6022RSX,2026-08-05 16:30,2026-08-06 02:30,CAMA,CAMA LEITO 43,10h 0m,,,0.0,0.0,0.0
2026-08-05 12:01:16,BUS,2026-08-05,ORURO,ORURO,SANTA CRUZ,SANTA CRUZ,NASER,183,6022RSX,2026-08-05 16:30,2026-08-06 02:30,CAMA,CAMA LEITO 43,Directo (10h 0m),False,0,0.0,0.0,0.0
2026-08-05 10:06:04,BUS,2026-08-05,ORURO,ORURO,COCHABAMBA,COCHABAMBA,NASER,183,6022 PZP,2026-08-05 17:00,2026-08-05 22:00,CAMA,CAMA LEITO 46,5h 0m,,,0.0,0.0,0.0
2026-08-05 12:01:16,BUS,2026-08-05,ORURO,ORURO,COCHABAMBA,COCHABAMBA,NASER,183,6022 PZP,2026-08-05 17:00,2026-08-05 22:00,CAMA,CAMA LEITO 46,Directo (5h 0m),False,0,0.0,0.0,0.0
2026-08-05 10:06:04,BUS,2026-08-05,ORURO,ORURO,SANTA CRUZ,SANTA CRUZ,TRANS COPACABANA S.A.,110,175,2026-08-05 17:30,2026-08-06 08:30,CAMA,CAMA TV 43,15h 0m,,,261.0,300.0,250.0
2026-08-05 10:06:04,BUS,2026-08-05,ORURO,ORURO,COCHABAMBA,COCHABAMBA,TRANS COPACABANA S.A.,110,114,2026-08-05 19:00,2026-08-06 00:00,CAMA,CAMA DD - PISO  43,5h 0m,,,0.0,0.0,0.0
2026-08-05 10:06:04,BUS,2026-08-05,ORURO,ORURO,SANTA CRUZ,SANTA CRUZ,NASER,183,6449 LRS,2026-08-05 19:00,2026-08-06 05:00,CAMA,CAMA LEITO 43,10h 0m,,,0.0,0.0,0.0
2026-08-05 12:01:16,BUS,2026-08-05,ORURO,ORURO,SANTA CRUZ,SANTA CRUZ,NASER,183,6449 LRS,2026-08-05 19:00,2026-08-06 05:00,CAMA,CAMA LEITO 43,Directo (10h 0m),False,0,0.0,0.0,0.0
2026-08-05 10:06:04,BUS,2026-08-05,ORURO,ORURO,SUCRE,SUCRE,BUSTILLO,127,2130KDP,2026-08-05 20:00,2026-08-06 06:08,CAMA,LEITO JMJ,10h 8m,,,0.0,0.0,0.0
2026-08-05 12:01:16,BUS,2026-08-05,ORURO,ORURO,SUCRE,SUCRE,BUSTILLO,127,2130KDP,2026-08-05 20:00,2026-08-06 06:08,CAMA,LEITO JMJ,Directo (10h 8m),False,0,0.0,0.0,0.0
2026-08-05 10:06:04,BUS,2026-08-05,ORURO,ORURO,SUCRE,SUCRE,ANDES BUS,117,TPA,2026-08-05 21:00,2026-08-06 05:30,CAMA,3100TPA,8h 30m,,,120.0,130.0,80.0
2026-08-05 12:01:16,BUS,2026-08-05,ORURO,ORURO,SUCRE,SUCRE,ANDES BUS,117,TPA,2026-08-05 21:00,2026-08-06 05:30,CAMA,3100TPA,Directo (8h 30m),False,0,120.0,150.0,90.0
2026-08-05 10:06:04,BUS,2026-08-05,ORURO,ORURO,SUCRE,SUCRE,SAN MIGUEL,124,3115UXD,2026-08-05 22:30,2026-08-06 07:30,CAMA,3115 UXD,9h 0m,,,0.0,0.0,0.0
2026-08-05 12:01:16,BUS,2026-08-05,ORURO,ORURO,SUCRE,SUCRE,SAN MIGUEL,124,3115UXD,2026-08-05 22:30,2026-08-06 07:30,CAMA,3115 UXD,Directo (9h 0m),False,0,0.0,0.0,0.0
2026-08-05 10:06:04,BUS,2026-08-05,ORURO,ORURO,SUCRE,SUCRE,SAN MIGUEL,124,4677SDF,2026-08-05 22:32,2026-08-06 07:32,CAMA,4677 SDF,9h 0m,,,0.0,0.0,0.0
2026-08-05 12:01:16,BUS,2026-08-05,ORURO,ORURO,SUCRE,SUCRE,SAN MIGUEL,124,4677SDF,2026-08-05 22:32,2026-08-06 07:32,CAMA,4677 SDF,Directo (9h 0m),False,0,0.0,0.0,0.0
2026-08-05 10:06:04,BUS,2026-08-05,ORURO,ORURO,POTOSI,POTOSI,SAN MIGUEL,124,2518 TLR,2026-08-05 23:00,2026-08-06 05:00,CAMA,2518-TLR,6h 0m,,,0.0,0.0,0.0
2026-08-05 12:01:16,BUS,2026-08-05,ORURO,ORURO,POTOSI,POTOSI,SAN MIGUEL,124,2518 TLR,2026-08-05 23:00,2026-08-06 05:00,CAMA,2518-TLR,Directo (6h 0m),False,0,0.0,0.0,0.0
2026-08-05 10:06:04,BUS,2026-08-05,POTOSI,POTOSI,LLALLAGUA,LLALLAGUA,BUSTILLO,127,3018CKC,2026-08-05 20:30,2026-08-06 02:00,CAMA,LEITO 40 DF,5h 30m,,,0.0,0.0,0.0
2026-08-05 12:01:16,BUS,2026-08-05,POTOSI,POTOSI,LA PAZ,LA PAZ,EL DORADO,103,ZGS,2026-08-05 20:30,2026-08-06 06:30,CAMA,CAMA 3F 43 SCANIA 2013,Directo (10h 0m),False,0,220.0,220.0,200.0
2026-08-05 12:01:16,BUS,2026-08-05,POTOSI,POTOSI,LLALLAGUA,LLALLAGUA,BUSTILLO,127,3018CKC,2026-08-05 20:30,2026-08-06 02:00,CAMA,LEITO 40 DF,Directo (5h 30m),False,0,0.0,0.0,0.0
2026-08-05 12:01:16,BUS,2026-08-05,POTOSI,POTOSI,COCHABAMBA,COCHABAMBA,TRANS COPACABANA S.A.,110,136,2026-08-05 21:00,2026-08-06 07:00,CAMA,CAMA DD 43,Directo (10h 0m),False,0,250.0,250.0,250.0
2026-08-05 10:06:04,BUS,2026-08-05,POTOSI,POTOSI,COCHABAMBA,COCHABAMBA,TRANS COPACABANA S.A.,110,137,2026-08-05 21:30,2026-08-06 07:30,CAMA,CAMA TV 43,10h 0m,,,250.0,250.0,200.0
2026-08-05 12:01:16,BUS,2026-08-05,POTOSI,POTOSI,COCHABAMBA,COCHABAMBA,TRANS COPACABANA S.A.,110,137,2026-08-05 21:30,2026-08-06 07:30,CAMA,CAMA TV 43,Directo (10h 0m),False,0,250.0,250.0,200.0
2026-08-05 10:06:04,BUS,2026-08-05,POTOSI,POTOSI,LA PAZ,LA PAZ,TRANS COPACABANA S.A.,110,154,2026-08-05 22:00,2026-08-06 07:00,CAMA,CAMA TV 43,9h 0m,,,250.0,250.0,200.0
2026-08-05 10:06:04,BUS,2026-08-05,POTOSI,POTOSI,ORURO,ORURO,SAN MIGUEL,124,3784ZED,2026-08-05 23:00,2026-08-06 05:00,CAMA,BUS CAMA / LEITO 3 FILAS 40,6h 0m,,,0.0,0.0,0.0
2026-08-05 12:01:16,BUS,2026-08-05,POTOSI,POTOSI,ORURO,ORURO,SAN MIGUEL,124,3784ZED,2026-08-05 23:00,2026-08-06 05:00,CAMA,BUS CAMA / LEITO 3 FILAS 40,Directo (6h 0m),False,0,0.0,0.0,0.0
2026-08-05 10:06:04,BUS,2026-08-05,SANTA CRUZ,SANTA CRUZ,LA PAZ,LA PAZ,EL DORADO,103,EBN,2026-08-05 11:30,2026-08-06 04:30,CAMA,CAMA 3F 46 VOLVO 2019,17h 0m,,,365.0,370.0,310.0
2026-08-05 10:06:04,BUS,2026-08-05,SANTA CRUZ,SANTA CRUZ,LA PAZ,LA PAZ,BOLIVIA,113,CKR,2026-08-05 11:30,2026-08-06 04:30,CAMA,CAMA 3F 43 SCANIA 2019,17h 0m,,,0.0,0.0,0.0
2026-08-05 10:06:04,BUS,2026-08-05,SANTA CRUZ,SANTA CRUZ,LA PAZ,LA PAZ,TRANS COPACABANA S.A.,110,183,2026-08-05 14:00,2026-08-06 07:00,CAMA,CAMA TV 43,17h 0m,,,350.0,350.0,308.0
2026-08-05 10:06:04,BUS,2026-08-05,SANTA CRUZ,SANTA CRUZ,ORURO,ORURO,NASER,183,6231NSE,2026-08-05 14:30,2026-08-06 03:30,CAMA,CAMA LEITO 43,13h 0m,,,0.0,0.0,0.0
2026-08-05 12:01:16,BUS,2026-08-05,SANTA CRUZ,SANTA CRUZ,ORURO,ORURO,NASER,183,6231NSE,2026-08-05 14:30,2026-08-06 03:30,CAMA,CAMA LEITO 43,Directo (13h 0m),False,0,0.0,0.0,0.0
2026-08-05 10:06:04,BUS,2026-08-05,SANTA CRUZ,SANTA CRUZ,LA PAZ,LA PAZ,TRANS COPACABANA S.A.,110,155,2026-08-05 16:30,2026-08-06 09:30,CAMA,CAMA TV 43,17h 0m,,,350.0,350.0,308.0
2026-08-05 12:01:16,BUS,2026-08-05,SANTA CRUZ,SANTA CRUZ,LA PAZ,LA PAZ,TRANS COPACABANA S.A.,110,161,2026-08-05 16:30,2026-08-06 09:30,CAMA,CAMA TV 43,Directo (17h 0m),False,0,350.0,350.0,308.0
2026-08-05 10:06:04,BUS,2026-08-05,SANTA CRUZ,SANTA CRUZ,ORURO,ORURO,NASER,183,6231NYU,2026-08-05 17:00,2026-08-06 06:00,CAMA,CAMA LEITO 43,13h 0m,,,0.0,0.0,0.0
2026-08-05 12:01:16,BUS,2026-08-05,SANTA CRUZ,SANTA CRUZ,ORURO,ORURO,NASER,183,6231NYU,2026-08-05 17:00,2026-08-06 06:00,CAMA,CAMA LEITO 43,Directo (13h 0m),False,0,0.0,0.0,0.0
2026-08-05 10:06:04,BUS,2026-08-05,SANTA CRUZ,SANTA CRUZ,COCHABAMBA,COCHABAMBA,RENACER,105,59,2026-08-05 17:30,2026-08-06 03:30,CAMA,CAMA 3 FILAS 5,10h 0m,,,230.0,250.0,100.0
2026-08-05 10:06:04,BUS,2026-08-05,SANTA CRUZ,SANTA CRUZ,LA PAZ,LA PAZ,TRANS COPACABANA S.A.,110,155,2026-08-05 17:30,2026-08-06 10:30,CAMA,CAMA TV 43,17h 0m,,,0.0,0.0,0.0
2026-08-05 10:06:04,BUS,2026-08-05,SANTA CRUZ,SANTA CRUZ,ORURO,ORURO,TRANS COPACABANA S.A.,110,162,2026-08-05 17:30,2026-08-06 08:30,CAMA,CAMA TV 43,15h 0m,,,0.0,0.0,0.0
2026-08-05 12:01:16,BUS,2026-08-05,SANTA CRUZ,SANTA CRUZ,COCHABAMBA,COCHABAMBA,RENACER,105,59,2026-08-05 17:30,2026-08-06 03:30,CAMA,CAMA 3 FILAS 5,Directo (10h 0m),False,0,230.0,250.0,100.0
2026-08-05 12:01:16,BUS,2026-08-05,SANTA CRUZ,SANTA CRUZ,LA PAZ,LA PAZ,TRANS COPACABANA S.A.,110,155,2026-08-05 17:30,2026-08-06 10:30,CAMA,CAMA TV 43,Directo (17h 0m),False,0,350.0,350.0,308.0
2026-08-05 12:01:16,BUS,2026-08-05,SANTA CRUZ,SANTA CRUZ,ORURO,ORURO,TRANS COPACABANA S.A.,110,176,2026-08-05 17:30,2026-08-06 08:30,CAMA,CAMA TV 43,Directo (15h 0m),False,0,330.0,330.0,300.0
2026-08-05 10:06:04,BUS,2026-08-05,SANTA CRUZ,SANTA CRUZ,TRINIDAD,TRINIDAD,RENACER,105,41,2026-08-05 18:00,2026-08-06 06:00,CAMA,CAMA 3 FILAS 5,12h 0m,,,0.0,0.0,0.0
2026-08-05 10:06:04,BUS,2026-08-05,SANTA CRUZ,SANTA CRUZ,ORURO,ORURO,NASER,183,6449 LPN,2026-08-05 19:00,2026-08-06 08:00,SUITE,SUITE CAMA 32,13h 0m,,,0.0,0.0,0.0
2026-08-05 10:06:04,BUS,2026-08-05,SANTA CRUZ,SANTA CRUZ,SUCRE,SUCRE,AMERICA,182,1878 IXR,2026-08-05 19:00,2026-08-06 06:30,CAMA,LEITO 43 JHON JAIRO,11h 30m,,,0.0,0.0,0.0
2026-08-05 12:01:16,BUS,2026-08-05,SANTA CRUZ,SANTA CRUZ,ORURO,ORURO,NASER,183,6449 LPN,2026-08-05 19:00,2026-08-06 08:00,SUITE,SUITE CAMA 32,Directo (13h 0m),False,0,0.0,0.0,0.0
2026-08-05 12:01:16,BUS,2026-08-05,SANTA CRUZ,SANTA CRUZ,SUCRE,SUCRE,AMERICA,182,1878 IXR,2026-08-05 19:00,2026-08-06 06:30,CAMA,LEITO 43 JHON JAIRO,Directo (11h 30m),False,0,0.0,0.0,0.0
2026-08-05 10:06:04,BUS,2026-08-05,SANTA CRUZ,SANTA CRUZ,COCHABAMBA,COCHABAMBA,RENACER,105,61,2026-08-05 19:15,2026-08-06 05:15,CAMA,CAMA 3 FILAS 1,10h 0m,,,240.0,250.0,180.0
2026-08-05 10:06:04,BUS,2026-08-05,SANTA CRUZ,SANTA CRUZ,LA PAZ,LA PAZ,EL DORADO,103,IYX,2026-08-05 19:30,2026-08-06 12:30,CAMA,CAMPREM3F46VOLVO2025,17h 0m,,,370.0,370.0,370.0
2026-08-05 10:06:04,BUS,2026-08-05,SANTA CRUZ,SANTA CRUZ,LA PAZ,LA PAZ,TRANS COPACABANA S.A.,110,155,2026-08-05 19:30,2026-08-06 12:30,CAMA,CAMA TV 43,17h 0m,,,350.0,350.0,308.0
2026-08-05 10:06:04,BUS,2026-08-05,SANTA CRUZ,SANTA CRUZ,SUCRE,SUCRE,TEQUILA,223,1410 CTP,2026-08-05 19:30,2026-08-06 06:30,CAMA,LEITO 43 ASIENTO,11h 0m,,,261.0,300.0,50.0
2026-08-05 12:01:16,BUS,2026-08-05,SANTA CRUZ,SANTA CRUZ,LA PAZ,LA PAZ,EL DORADO,103,IYX,2026-08-05 19:30,2026-08-06 12:30,CAMA,CAMPREM3F46VOLVO2025,Directo (17h 0m),False,0,370.0,370.0,370.0
2026-08-05 12:01:16,BUS,2026-08-05,SANTA CRUZ,SANTA CRUZ,LA PAZ,LA PAZ,TRANS COPACABANA S.A.,110,155,2026-08-05 19:30,2026-08-06 12:30,CAMA,CAMA TV 43,Directo (17h 0m),False,0,350.0,350.0,308.0
2026-08-05 12:01:16,BUS,2026-08-05,SANTA CRUZ,SANTA CRUZ,SUCRE,SUCRE,TEQUILA,223,1410 CTP,2026-08-05 19:30,2026-08-06 06:30,CAMA,LEITO 43 ASIENTO,Directo (11h 0m),False,0,292.0,300.0,50.0
2026-08-05 10:06:04,BUS,2026-08-05,SANTA CRUZ,SANTA CRUZ,COCHABAMBA,COCHABAMBA,TRANS COPACABANA S.A.,110,142,2026-08-05 20:00,2026-08-06 06:00,CAMA,CAMA TV 43,10h 0m,,,250.0,250.0,250.0
2026-08-05 10:06:04,BUS,2026-08-05,SANTA CRUZ,SANTA CRUZ,COCHABAMBA,COCHABAMBA,RENACER,105,110,2026-08-05 20:15,2026-08-06 06:15,CAMA,CAMA LEITO 43,10h 0m,,,230.0,250.0,100.0
2026-08-05 12:01:16,BUS,2026-08-05,SANTA CRUZ,SANTA CRUZ,COCHABAMBA,COCHABAMBA,RENACER,105,110,2026-08-05 20:15,2026-08-06 06:15,CAMA,CAMA LEITO 43,Directo (10h 0m),False,0,250.0,250.0,100.0
2026-08-05 10:06:04,BUS,2026-08-05,SANTA CRUZ,SANTA CRUZ,COCHABAMBA,COCHABAMBA,BOLIVIA,113,CKR,2026-08-05 20:30,2026-08-06 06:30,CAMA,CAMA 3F 43 SCANIA 2019,10h 0m,,,0.0,0.0,0.0
2026-08-05 12:01:16,BUS,2026-08-05,SANTA CRUZ,SANTA CRUZ,COCHABAMBA,COCHABAMBA,BOLIVIA,113,CKR,2026-08-05 20:30,2026-08-06 06:30,CAMA,CAMA 3F 43 SCANIA 2019,Directo (10h 0m),False,0,0.0,0.0,0.0
2026-08-05 12:01:16,BUS,2026-08-05,SANTA CRUZ,SANTA CRUZ,TRINIDAD,TRINIDAD,RENACER,105,41,2026-08-05 20:30,2026-08-06 08:30,CAMA,CAMA 3 FILAS 5,Directo (12h 0m),False,0,188.0,200.0,100.0
2026-08-05 12:01:16,BUS,2026-08-05,SANTA CRUZ,SANTA CRUZ,TRINIDAD,TRINIDAD,AMERICA,182,4013 FBE,2026-08-05 20:30,2026-08-06 05:30,CAMA,LEITO 40,Directo (9h 0m),False,0,0.0,0.0,0.0
2026-08-05 12:01:16,BUS,2026-08-05,SANTA CRUZ,SANTA CRUZ,YACUIBA,YACUIBA,AMERICA,182,2930 GEX,2026-08-05 20:30,2026-08-06 06:30,CAMA,LEITO CAMA 40,Directo (10h 0m),False,0,0.0,0.0,0.0
2026-08-05 10:06:04,BUS,2026-08-05,SANTA CRUZ,SANTA CRUZ,PUERTO QUIJARRO,PUERTO QUIJARRO,HURACAN,185,4200,2026-08-05 21:00,2026-08-06 07:30,CAMA,LEITO PREMIUM 46,10h 30m,,,0.0,0.0,0.0
2026-08-05 10:06:04,BUS,2026-08-05,SANTA CRUZ,SANTA CRUZ,SAN IGNACIO DE VELASCO,SAN IGNACIO DE VELASCO,JENECHERU,186,2140,2026-08-05 21:00,2026-08-06 04:30,SEMI CAMA,SUITE CAMA 32,7h 30m,,,160.0,300.0,100.0
2026-08-05 10:06:04,BUS,2026-08-05,SANTA CRUZ,SANTA CRUZ,YACUIBA,YACUIBA,RENACER,105,106,2026-08-05 21:00,2026-08-06 09:00,CAMA,CAMA LEITO 43,12h 0m,,,188.0,200.0,100.0
2026-08-05 10:06:04,BUS,2026-08-05,SANTA CRUZ,SANTA CRUZ,YACUIBA,YACUIBA,TRANS COPACABANA S.A.,110,129,2026-08-05 21:00,2026-08-06 06:00,CAMA,CAMA D - PISO 43,9h 0m,,,188.0,200.0,176.0
2026-08-05 10:06:04,BUS,2026-08-05,SANTA CRUZ,SANTA CRUZ,YACUIBA,YACUIBA,EL FRONTERIZOFD SRL,165,6330LFL,2026-08-05 21:00,2026-08-06 06:00,CAMA,LEITO 43,9h 0m,,,0.0,0.0,0.0
2026-08-05 12:01:16,BUS,2026-08-05,SANTA CRUZ,SANTA CRUZ,COCHABAMBA,COCHABAMBA,TRANS COPACABANA S.A.,110,140,2026-08-05 21:00,2026-08-06 07:00,CAMA,CAMA TV 43,Directo (10h 0m),False,0,0.0,0.0,0.0
2026-08-05 12:01:16,BUS,2026-08-05,SANTA CRUZ,SANTA CRUZ,PUERTO QUIJARRO,PUERTO QUIJARRO,HURACAN,185,4200,2026-08-05 21:00,2026-08-06 07:30,CAMA,LEITO PREMIUM 46,Directo (10h 30m),False,0,0.0,0.0,0.0
2026-08-05 12:01:16,BUS,2026-08-05,SANTA CRUZ,SANTA CRUZ,SAN IGNACIO DE VELASCO,SAN IGNACIO DE VELASCO,JENECHERU,186,2140,2026-08-05 21:00,2026-08-06 04:30,SEMI CAMA,SUITE CAMA 32,Directo (7h 30m),False,0,260.0,300.0,100.0
2026-08-05 12:01:16,BUS,2026-08-05,SANTA CRUZ,SANTA CRUZ,YACUIBA,YACUIBA,TRANS COPACABANA S.A.,110,168,2026-08-05 21:00,2026-08-06 06:00,CAMA,CAMA TV 46,Directo (9h 0m),False,0,200.0,200.0,176.0
2026-08-05 12:01:16,BUS,2026-08-05,SANTA CRUZ,SANTA CRUZ,YACUIBA,YACUIBA,EL FRONTERIZOFD SRL,165,6330LFL,2026-08-05 21:00,2026-08-06 06:00,CAMA,LEITO 43,Directo (9h 0m),False,0,0.0,0.0,0.0
2026-08-05 10:06:04,BUS,2026-08-05,SANTA CRUZ,SANTA CRUZ,TRINIDAD,TRINIDAD,TRANS COPACABANA S.A.,110,154,2026-08-05 21:30,2026-08-06 06:30,CAMA,CAMA TV 43,9h 0m,,,200.0,200.0,188.0
2026-08-05 10:06:04,BUS,2026-08-05,SANTA CRUZ,SANTA CRUZ,TRINIDAD,TRINIDAD,RENACER,105,102,2026-08-05 21:30,2026-08-06 09:30,CAMA,CAMA LEITO 43,12h 0m,,,188.0,200.0,100.0
2026-08-05 10:06:04,BUS,2026-08-05,SANTA CRUZ,SANTA CRUZ,YACUIBA,YACUIBA,EL FRONTERIZOFD SRL,165,4840NZY,2026-08-05 21:30,2026-08-06 06:30,CAMA,SUIT LEITO,9h 0m,,,0.0,0.0,0.0
2026-08-05 12:01:16,BUS,2026-08-05,SANTA CRUZ,SANTA CRUZ,COCHABAMBA,COCHABAMBA,TRANS COPACABANA S.A.,110,178,2026-08-05 21:30,2026-08-06 07:30,CAMA,CAMA TV 43,Directo (10h 0m),False,0,250.0,250.0,250.0
2026-08-05 12:01:16,BUS,2026-08-05,SANTA CRUZ,SANTA CRUZ,PUERTO QUIJARRO,PUERTO QUIJARRO,HURACAN,185,4400,2026-08-05 21:30,2026-08-06 08:00,CAMA,CAMA LEITO 43,Directo (10h 30m),False,0,0.0,0.0,0.0
2026-08-05 12:01:16,BUS,2026-08-05,SANTA CRUZ,SANTA CRUZ,TRINIDAD,TRINIDAD,TRANS COPACABANA S.A.,110,167,2026-08-05 21:30,2026-08-06 06:30,CAMA,CAMA TV 43,Directo (9h 0m),False,0,200.0,200.0,188.0
2026-08-05 12:01:16,BUS,2026-08-05,SANTA CRUZ,SANTA CRUZ,TRINIDAD,TRINIDAD,RENACER,105,102,2026-08-05 21:30,2026-08-06 09:30,CAMA,CAMA LEITO 43,Directo (12h 0m),False,0,188.0,200.0,100.0
2026-08-05 12:01:16,BUS,2026-08-05,SANTA CRUZ,SANTA CRUZ,YACUIBA,YACUIBA,EL FRONTERIZOFD SRL,165,4840NZY,2026-08-05 21:30,2026-08-06 06:30,CAMA,SUIT LEITO,Directo (9h 0m),False,0,0.0,0.0,0.0
2026-08-05 10:06:04,BUS,2026-08-05,SANTA CRUZ,SANTA CRUZ,YACUIBA,YACUIBA,EL FRONTERIZOFD SRL,165,4252DIB,2026-08-05 21:45,2026-08-06 06:45,CAMA,LEITO 43,9h 0m,,,0.0,0.0,0.0
2026-08-05 12:01:16,BUS,2026-08-05,SANTA CRUZ,SANTA CRUZ,COCHABAMBA,COCHABAMBA,TRANS COPACABANA S.A.,110,186,2026-08-05 21:45,2026-08-06 07:45,CAMA,CAMA TV 43,Directo (10h 0m),False,0,250.0,250.0,250.0
2026-08-05 12:01:16,BUS,2026-08-05,SANTA CRUZ,SANTA CRUZ,YACUIBA,YACUIBA,EL FRONTERIZOFD SRL,165,4252DIB,2026-08-05 21:45,2026-08-06 06:45,CAMA,LEITO 43,Directo (9h 0m),False,0,0.0,0.0,0.0
2026-08-05 12:01:16,BUS,2026-08-05,SUCRE,SUCRE,SANTA CRUZ,SANTA CRUZ,AMERICA,182,1633BRP,2026-08-05 19:00,2026-08-06 06:30,CAMA,LEITO 39,Directo (11h 30m),False,0,0.0,0.0,0.0
2026-08-05 10:06:04,BUS,2026-08-05,SUCRE,SUCRE,LA PAZ,LA PAZ,TRANS COPACABANA S.A.,110,151,2026-08-05 19:30,2026-08-06 07:30,CAMA,CAMA TV 43,12h 0m,,,292.0,300.0,280.0
2026-08-05 10:06:04,BUS,2026-08-05,SUCRE,SUCRE,SANTA CRUZ,SANTA CRUZ,TEQUILA,223,1410 CTP,2026-08-05 19:30,2026-08-06 06:30,CAMA,LEITO 43 ASIENTO,11h 0m,,,300.0,300.0,50.0
2026-08-05 12:01:16,BUS,2026-08-05,SUCRE,SUCRE,LA PAZ,LA PAZ,TRANS COPACABANA S.A.,110,151,2026-08-05 19:30,2026-08-06 07:30,CAMA,CAMA TV 43,Directo (12h 0m),False,0,292.0,300.0,280.0
2026-08-05 12:01:16,BUS,2026-08-05,SUCRE,SUCRE,SANTA CRUZ,SANTA CRUZ,TEQUILA,223,1410 CTP,2026-08-05 19:30,2026-08-06 06:30,CAMA,LEITO 43 ASIENTO,Directo (11h 0m),False,0,230.0,300.0,50.0
2026-08-05 10:06:04,BUS,2026-08-05,SUCRE,SUCRE,LA PAZ,LA PAZ,TRANS COPACABANA S.A.,110,145,2026-08-05 19:35,2026-08-06 07:35,CAMA,CAMA TV 43,12h 0m,,,292.0,300.0,280.0
2026-08-05 12:01:16,BUS,2026-08-05,SUCRE,SUCRE,LA PAZ,LA PAZ,TRANS COPACABANA S.A.,110,145,2026-08-05 19:35,2026-08-06 07:35,CAMA,CAMA TV 43,Directo (12h 0m),False,0,292.0,300.0,280.0
2026-08-05 10:06:04,BUS,2026-08-05,SUCRE,SUCRE,LA PAZ,LA PAZ,EL DORADO,103,UYB,2026-08-05 20:00,2026-08-06 08:00,CAMA,CAMPREM3F46VOLVO2025,12h 0m,,,252.0,252.0,150.0
2026-08-05 10:06:04,BUS,2026-08-05,SUCRE,SUCRE,TARIJA,TARIJA,ANDES BUS,117,KSN,2026-08-05 20:00,2026-08-06 08:00,CAMA,5215KSN,12h 0m,,,230.0,250.0,100.0
2026-08-05 12:01:16,BUS,2026-08-05,SUCRE,SUCRE,LA PAZ,LA PAZ,EL DORADO,103,UYB,2026-08-05 20:00,2026-08-06 08:00,CAMA,CAMPREM3F46VOLVO2025,Directo (12h 0m),False,0,252.0,252.0,150.0
2026-08-05 10:06:04,BUS,2026-08-05,SUCRE,SUCRE,COCHABAMBA,COCHABAMBA,BUSTILLO,127,2145 FLU,2026-08-05 21:00,2026-08-06 05:30,CAMA,LEITO CA,8h 30m,,,0.0,0.0,0.0
2026-08-05 10:06:04,BUS,2026-08-05,SUCRE,SUCRE,ORURO,ORURO,BUSTILLO,127,2286 ZUY,2026-08-05 21:00,2026-08-06 07:08,CAMA,LEITO  43 OZ,10h 8m,,,0.0,0.0,0.0
2026-08-05 12:01:16,BUS,2026-08-05,SUCRE,SUCRE,COCHABAMBA,COCHABAMBA,BUSTILLO,127,2145 FLU,2026-08-05 21:00,2026-08-06 05:30,CAMA,LEITO CA,Directo (8h 30m),False,0,0.0,0.0,0.0
2026-08-05 12:01:16,BUS,2026-08-05,SUCRE,SUCRE,ORURO,ORURO,BUSTILLO,127,2286 ZUY,2026-08-05 21:00,2026-08-06 07:08,CAMA,LEITO  43 OZ,Directo (10h 8m),False,0,0.0,0.0,0.0
2026-08-05 10:06:04,BUS,2026-08-05,SUCRE,SUCRE,COCHABAMBA,COCHABAMBA,TRANS COPACABANA S.A.,110,165,2026-08-05 21:05,2026-08-06 04:05,CAMA,CAMA TV 46,7h 0m,,,209.0,250.0,200.0
2026-08-05 12:01:16,BUS,2026-08-05,SUCRE,SUCRE,COCHABAMBA,COCHABAMBA,TRANS COPACABANA S.A.,110,165,2026-08-05 21:05,2026-08-06 04:05,CAMA,CAMA TV 46,Directo (7h 0m),False,0,209.0,250.0,200.0
2026-08-05 10:06:04,BUS,2026-08-05,SUCRE,SUCRE,ORURO,ORURO,SAN MIGUEL,124,455IYA,2026-08-05 21:30,2026-08-06 06:30,CAMA,4551 IYA,9h 0m,,,0.0,0.0,0.0
2026-08-05 12:01:16,BUS,2026-08-05,SUCRE,SUCRE,ORURO,ORURO,ANDES BUS,117,NPC,2026-08-05 21:30,2026-08-06 06:38,CAMA,4480NPC,Directo (9h 8m),False,0,150.0,180.0,100.0
2026-08-05 12:01:16,BUS,2026-08-05,SUCRE,SUCRE,ORURO,ORURO,SAN MIGUEL,124,455IYA,2026-08-05 21:30,2026-08-06 06:30,CAMA,4551 IYA,Directo (9h 0m),False,0,0.0,0.0,0.0
2026-08-05 12:01:16,BUS,2026-08-05,SUCRE,SUCRE,UYUNI,UYUNI,CAMINANTE,220,1421 DNX,2026-08-05 21:30,2026-08-06 05:30,SEMI CAMA,CAMA 56 ASIENTOS,Directo (8h 0m),False,0,0.0,0.0,0.0
2026-08-05 10:06:04,BUS,2026-08-05,SUCRE,SUCRE,ORURO,ORURO,SAN MIGUEL,124,4539 NKG,2026-08-05 21:32,2026-08-06 06:32,CAMA,4539 DKG,9h 0m,,,0.0,0.0,0.0
2026-08-05 12:01:16,BUS,2026-08-05,SUCRE,SUCRE,ORURO,ORURO,SAN MIGUEL,124,4539 NKG,2026-08-05 21:32,2026-08-06 06:32,CAMA,4539 DKG,Directo (9h 0m),False,0,0.0,0.0,0.0
2026-08-05 10:06:04,BUS,2026-08-05,TARIJA,TARIJA,COCHABAMBA,COCHABAMBA,TRANS COPACABANA S.A.,110,150,2026-08-05 18:00,2026-08-06 09:00,CAMA,CAMA TV 43,15h 0m,,,358.0,358.0,358.0
2026-08-05 12:01:16,BUS,2026-08-05,TARIJA,TARIJA,COCHABAMBA,COCHABAMBA,TRANS COPACABANA S.A.,110,150,2026-08-05 18:00,2026-08-06 09:00,CAMA,CAMA TV 43,Directo (15h 0m),False,0,358.0,358.0,358.0
2026-08-05 10:06:04,BUS,2026-08-05,TARIJA,TARIJA,LA PAZ,LA PAZ,ROYAL CLASS,144,5310UIG,2026-08-05 18:30,2026-08-06 09:30,CAMA,SUITE - CAMA,15h 0m,,,400.0,400.0,350.0
2026-08-05 12:01:16,BUS,2026-08-05,TARIJA,TARIJA,LA PAZ,LA PAZ,ROYAL CLASS,144,5310UIG,2026-08-05 18:30,2026-08-06 09:30,CAMA,SUITE - CAMA,Directo (15h 0m),False,0,400.0,400.0,350.0
2026-08-05 10:06:04,BUS,2026-08-05,TARIJA,TARIJA,SANTA CRUZ,SANTA CRUZ,TRANS COPACABANA S.A.,110,160,2026-08-05 19:00,2026-08-06 07:30,CAMA,CAMA TV 43,12h 30m,,,356.0,356.0,356.0
2026-08-05 12:01:16,BUS,2026-08-05,TARIJA,TARIJA,SANTA CRUZ,SANTA CRUZ,TRANS COPACABANA S.A.,110,160,2026-08-05 19:00,2026-08-06 07:30,CAMA,CAMA TV 43,Directo (12h 30m),False,0,356.0,356.0,356.0
2026-08-05 10:06:04,BUS,2026-08-05,TARIJA,TARIJA,LA PAZ,LA PAZ,TRANS COPACABANA S.A.,110,150,2026-08-05 19:30,2026-08-06 12:30,CAMA,CAMA TV 43,17h 0m,,,363.0,363.0,363.0
2026-08-05 10:06:04,BUS,2026-08-05,TARIJA,TARIJA,SUCRE,SUCRE,EL MEXICANO,206,2307 CRG,2026-08-05 19:30,2026-08-06 06:30,CAMA,CAMA LEITO 37,11h 0m,,,200.0,250.0,150.0
2026-08-05 12:01:16,BUS,2026-08-05,TARIJA,TARIJA,LA PAZ,LA PAZ,TRANS COPACABANA S.A.,110,150,2026-08-05 19:30,2026-08-06 12:30,CAMA,CAMA TV 43,Directo (17h 0m),False,0,363.0,363.0,363.0
2026-08-05 12:01:16,BUS,2026-08-05,TARIJA,TARIJA,SUCRE,SUCRE,EL MEXICANO,206,2307 CRG,2026-08-05 19:30,2026-08-06 06:30,CAMA,CAMA LEITO 37,Directo (11h 0m),False,0,200.0,250.0,150.0
2026-08-05 10:06:04,BUS,2026-08-05,TRINIDAD,TRINIDAD,SANTA CRUZ,SANTA CRUZ,RENACER,105,39,2026-08-05 18:00,2026-08-06 06:00,CAMA,CAMA 3 FILAS 5,12h 0m,,,0.0,0.0,0.0
2026-08-05 12:01:16,BUS,2026-08-05,TRINIDAD,TRINIDAD,SANTA CRUZ,SANTA CRUZ,RENACER,105,39,2026-08-05 18:00,2026-08-06 06:00,CAMA,CAMA 3 FILAS 5,Directo (12h 0m),False,0,0.0,0.0,0.0
2026-08-05 10:06:04,BUS,2026-08-05,TRINIDAD,TRINIDAD,SANTA CRUZ,SANTA CRUZ,RENACER,105,112,2026-08-05 21:30,2026-08-06 09:30,CAMA,CAMA LEITO 43,12h 0m,,,180.0,180.0,100.0
2026-08-05 10:06:04,BUS,2026-08-05,TRINIDAD,TRINIDAD,SANTA CRUZ,SANTA CRUZ,TRANS COPACABANA S.A.,110,145,2026-08-05 21:30,2026-08-06 06:30,CAMA,CAMA TV 43,9h 0m,,,0.0,0.0,0.0
2026-08-05 12:01:16,BUS,2026-08-05,TRINIDAD,TRINIDAD,SANTA CRUZ,SANTA CRUZ,RENACER,105,112,2026-08-05 21:30,2026-08-06 09:30,CAMA,CAMA LEITO 43,Directo (12h 0m),False,0,180.0,180.0,100.0
2026-08-05 10:06:04,BUS,2026-08-05,TRINIDAD,TRINIDAD,SANTA CRUZ,SANTA CRUZ,TRANS GEMA,193,103,2026-08-05 21:44,2026-08-06 06:44,CAMA,CAMA LEITO 51,9h 0m,,,0.0,0.0,0.0
2026-08-05 12:01:16,BUS,2026-08-05,TRINIDAD,TRINIDAD,SANTA CRUZ,SANTA CRUZ,TRANS GEMA,193,103,2026-08-05 21:44,2026-08-06 06:44,CAMA,CAMA LEITO 51,Directo (9h 0m),False,0,0.0,0.0,0.0
2026-08-05 10:06:04,BUS,2026-08-05,VILLAZON,VILLAZON,LA PAZ,LA PAZ,ILLIMANI,179,1935UIU,2026-08-05 15:30,2026-08-06 02:55,CAMA,CAMA 43 3F 2P,11h 25m,,,0.0,0.0,0.0
2026-08-05 12:01:16,BUS,2026-08-05,VILLAZON,VILLAZON,LA PAZ,LA PAZ,ILLIMANI,179,1935UIU,2026-08-05 15:30,2026-08-06 02:55,CAMA,CAMA 43 3F 2P,Directo (11h 25m),False,0,0.0,0.0,0.0
2026-08-05 10:06:04,BUS,2026-08-05,VILLAZON,VILLAZON,COCHABAMBA,COCHABAMBA,ILLIMANI,179,CAMA 42 LBL,2026-08-05 16:00,2026-08-06 04:38,CAMA,CAMA 42 LBL,12h 38m,,,0.0,0.0,0.0
2026-08-05 12:01:16,BUS,2026-08-05,VILLAZON,VILLAZON,COCHABAMBA,COCHABAMBA,ILLIMANI,179,CAMA 42 LBL,2026-08-05 16:00,2026-08-06 04:38,CAMA,CAMA 42 LBL,Directo (12h 38m),False,0,0.0,0.0,0.0
2026-08-05 10:06:04,BUS,2026-08-05,VILLAZON,VILLAZON,LA PAZ,LA PAZ,ILLIMANI,179,1658 HGP CAMA,2026-08-05 19:30,2026-08-06 06:55,CAMA,CAMA 32,11h 25m,,,0.0,0.0,0.0
2026-08-05 10:06:04,BUS,2026-08-05,VILLAZON,VILLAZON,ORURO,ORURO,SAN MIGUEL,124,2809 RXB,2026-08-05 19:30,2026-08-06 04:00,SEMI CAMA,2809 RXB,8h 30m,,,0.0,0.0,0.0
2026-08-05 12:01:16,BUS,2026-08-05,VILLAZON,VILLAZON,LA PAZ,LA PAZ,ILLIMANI,179,1658 HGP CAMA,2026-08-05 19:30,2026-08-06 06:55,CAMA,CAMA 32,Directo (11h 25m),False,0,0.0,0.0,0.0
2026-08-05 12:01:16,BUS,2026-08-05,VILLAZON,VILLAZON,ORURO,ORURO,SAN MIGUEL,124,2809 RXB,2026-08-05 19:30,2026-08-06 04:00,SEMI CAMA,2809 RXB,Directo (8h 30m),False,0,0.0,0.0,0.0
2026-08-05 10:06:04,BUS,2026-08-05,YACUIBA,YACUIBA,SANTA CRUZ,SANTA CRUZ,LA QUERIDA,142,4564 FEE,2026-08-05 20:30,2026-08-06 05:30,CAMA,CAMA LEITO,9h 0m,,,136.0,170.0,120.0
2026-08-05 12:01:16,BUS,2026-08-05,YACUIBA,YACUIBA,SANTA CRUZ,SANTA CRUZ,LA QUERIDA,142,4564 FEE,2026-08-05 20:30,2026-08-06 05:30,CAMA,CAMA LEITO,Directo (9h 0m),False,0,136.0,170.0,120.0
2026-08-05 10:06:04,BUS,2026-08-05,YACUIBA,YACUIBA,SANTA CRUZ,SANTA CRUZ,LA QUERIDA,142,5597NTU,2026-08-05 21:00,2026-08-06 06:00,CAMA,CAMA LEITO,9h 0m,,,157.0,170.0,120.0
2026-08-05 10:06:04,BUS,2026-08-05,YACUIBA,YACUIBA,SANTA CRUZ,SANTA CRUZ,RENACER,105,104,2026-08-05 21:00,2026-08-06 09:00,CAMA,CAMA LEITO 43,12h 0m,,,146.0,180.0,60.0
2026-08-05 10:06:04,BUS,2026-08-05,YACUIBA,YACUIBA,SANTA CRUZ,SANTA CRUZ,EL FRONTERIZOFD SRL,165,5659ITR,2026-08-05 21:00,2026-08-06 06:00,CAMA,LEITO 41,9h 0m,,,0.0,0.0,0.0
2026-08-05 10:06:04,BUS,2026-08-05,YACUIBA,YACUIBA,SANTA CRUZ,SANTA CRUZ,TRANS COPACABANA S.A.,110,162,2026-08-05 21:00,2026-08-06 06:00,CAMA,CAMA TV 43,9h 0m,,,0.0,0.0,0.0
2026-08-05 10:06:04,BUS,2026-08-05,YACUIBA,YACUIBA,SANTA CRUZ,SANTA CRUZ,AMERICA,182,2579 LRC,2026-08-05 21:00,2026-08-06 07:00,CAMA,CAMA LEITO 40,10h 0m,,,0.0,0.0,0.0
2026-08-05 12:01:16,BUS,2026-08-05,YACUIBA,YACUIBA,SANTA CRUZ,SANTA CRUZ,TRANS COPACABANA S.A.,110,162,2026-08-05 21:00,2026-08-06 06:00,CAMA,CAMA TV 43,Directo (9h 0m),False,0,157.0,176.0,120.0
2026-08-05 12:01:16,BUS,2026-08-05,YACUIBA,YACUIBA,SANTA CRUZ,SANTA CRUZ,LA QUERIDA,142,5597NTU,2026-08-05 21:00,2026-08-06 06:00,CAMA,CAMA LEITO,Directo (9h 0m),False,0,136.0,170.0,120.0
2026-08-05 12:01:16,BUS,2026-08-05,YACUIBA,YACUIBA,SANTA CRUZ,SANTA CRUZ,RENACER,105,104,2026-08-05 21:00,2026-08-06 09:00,CAMA,CAMA LEITO 43,Directo (12h 0m),False,0,136.0,180.0,60.0
2026-08-05 12:01:16,BUS,2026-08-05,YACUIBA,YACUIBA,SANTA CRUZ,SANTA CRUZ,EL FRONTERIZOFD SRL,165,5659ITR,2026-08-05 21:00,2026-08-06 06:00,CAMA,LEITO 41,Directo (9h 0m),False,0,0.0,0.0,0.0
2026-08-05 12:01:16,BUS,2026-08-05,YACUIBA,YACUIBA,SANTA CRUZ,SANTA CRUZ,AMERICA,182,2579 LRC,2026-08-05 21:00,2026-08-06 07:00,CAMA,CAMA LEITO 40,Directo (10h 0m),False,0,0.0,0.0,0.0
2026-08-05 10:06:04,BUS,2026-08-05,YACUIBA,YACUIBA,SANTA CRUZ,SANTA CRUZ,EL FRONTERIZOFD SRL,165,4840NYT,2026-08-05 21:15,2026-08-06 06:15,CAMA,SUIT LEITO,9h 0m,,,0.0,0.0,0.0
2026-08-05 12:01:16,BUS,2026-08-05,YACUIBA,YACUIBA,SANTA CRUZ,SANTA CRUZ,EL FRONTERIZOFD SRL,165,4840NYT,2026-08-05 21:15,2026-08-06 06:15,CAMA,SUIT LEITO,Directo (9h 0m),False,0,0.0,0.0,0.0
2026-08-05 10:06:04,BUS,2026-08-05,YACUIBA,YACUIBA,SANTA CRUZ,SANTA CRUZ,LA QUERIDA,142,6308XCY,2026-08-05 21:30,2026-08-06 06:30,CAMA,CAMA LEITO,9h 0m,,,170.0,170.0,120.0
2026-08-05 12:01:16,BUS,2026-08-05,YACUIBA,YACUIBA,SANTA CRUZ,SANTA CRUZ,LA QUERIDA,142,6305KPA,2026-08-05 21:30,2026-08-06 06:30,CAMA,CAMA LEITO,Directo (9h 0m),False,0,170.0,170.0,120.0
2026-08-05 12:01:16,VUELO,2026-08-05,CBB,Cochabamba,ORU,Oruro,BOLIVIANA DE AVIACION,OB,324,2026-08-05 14:05,2026-08-05 14:40,ECONOMICA,AVION,Directo (00:35),False,0,376.0,376.0,376.0
2026-08-05 12:01:16,VUELO,2026-08-05,CBB,COCHABAMBA,VVI,SANTA CRUZ,TAMep,2E,8810,2026-08-05 17:00,2026-08-05 17:50,ECONOMICA,AVION,Directo (00:50),False,0,713.0,713.0,713.0
2026-08-05 10:06:04,VUELO,2026-08-05,CBB,COCHABAMBA,LPB,LA PAZ,TAMep,2E,,2026-08-05 19:40,2026-08-05 20:20,ECONOMICA,AVION,0,,,501.0,501.0,501.0
2026-08-05 12:01:16,VUELO,2026-08-05,CBB,COCHABAMBA,LPB,LA PAZ,TAMep,2E,8811,2026-08-05 19:40,2026-08-05 20:20,ECONOMICA,AVION,Directo (00:40),False,0,339.0,339.0,339.0
2026-08-05 10:06:04,VUELO,2026-08-05,CBB,Cochabamba,LPB,La Paz,BOLIVIANA DE AVIACION,OB,,2026-08-05 23:10,2026-08-05 23:55,ECONOMICA,AVION,0,,,553.0,553.0,553.0
2026-08-05 12:01:16,VUELO,2026-08-05,CBB,Cochabamba,CIJ,Cobija,BOLIVIANA DE AVIACION,OB,626 / 400,2026-08-05 23:10,2026-08-06 09:40,ECONOMICA,AVION,1 escala (LPB) - 10:30,True,1,1707.0,1707.0,1707.0
2026-08-05 12:01:16,VUELO,2026-08-05,CBB,Cochabamba,COR,Cordoba,LATAM AIRLINES GROUP,LA,626 / 2401 / 2364,2026-08-05 23:10,2026-08-07 05:55,ECONOMICA,AVION,"2 escala (LPB, LIM) - 29:45",True,2,22376.0,22376.0,22376.0
2026-08-05 12:01:16,VUELO,2026-08-05,CBB,Cochabamba,EZE,Buenos Aires,LATAM AIRLINES GROUP,LA,626 / 2401 / 2375,2026-08-05 23:10,2026-08-07 02:45,ECONOMICA,AVION,"2 escala (LPB, LIM) - 26:35",True,2,22223.0,22223.0,22223.0
2026-08-05 12:01:16,VUELO,2026-08-05,CBB,Cochabamba,EZE,Buenos Aires,LATAM AIRLINES GROUP,LA,626 / 2401 / 1437,2026-08-05 23:10,2026-08-07 06:10,ECONOMICA,AVION,"2 escala (LPB, LIM) - 30:00",True,2,22223.0,22223.0,22223.0
2026-08-05 12:01:16,VUELO,2026-08-05,CBB,Cochabamba,EZE,Buenos Aires,LATAM AIRLINES GROUP,LA,626 / 890 / 542,2026-08-05 23:10,2026-08-07 11:30,ECONOMICA,AVION,"2 escala (LPB, SCL) - 35:20",True,2,22594.0,22594.0,22594.0
2026-08-05 12:01:16,VUELO,2026-08-05,CBB,Cochabamba,EZE,Buenos Aires,LATAM AIRLINES GROUP,LA,626 / 890 / 776,2026-08-05 23:10,2026-08-07 14:40,ECONOMICA,AVION,"2 escala (LPB, SCL) - 38:30",True,2,22594.0,22594.0,22594.0
2026-08-05 12:01:16,VUELO,2026-08-05,CBB,Cochabamba,LPB,La Paz,BOLIVIANA DE AVIACION,OB,626,2026-08-05 23:10,2026-08-05 23:55,ECONOMICA,AVION,Directo (00:45),False,0,553.0,553.0,553.0
2026-08-05 12:01:16,VUELO,2026-08-05,CBB,Cochabamba,MDZ,Mendoza,LATAM AIRLINES GROUP,LA,626 / 890 / 436,2026-08-05 23:10,2026-08-06 19:03,ECONOMICA,AVION,"2 escala (LPB, SCL) - 18:53",True,2,18701.0,18701.0,18701.0
2026-08-05 12:01:16,VUELO,2026-08-05,CBB,Cochabamba,MDZ,Mendoza,LATAM AIRLINES GROUP,LA,626 / 890 / 434,2026-08-05 23:10,2026-08-07 11:06,ECONOMICA,AVION,"2 escala (LPB, SCL) - 34:56",True,2,18806.0,18806.0,18806.0
2026-08-05 12:01:16,VUELO,2026-08-05,CBB,Cochabamba,MDZ,Mendoza,LATAM AIRLINES GROUP,LA,626 / 2401 / 2435,2026-08-05 23:10,2026-08-07 06:25,ECONOMICA,AVION,"2 escala (LPB, LIM) - 30:15",True,2,22776.0,22776.0,22776.0
2026-08-05 12:01:16,VUELO,2026-08-05,CGB,Cuiaba,MDZ,Mendoza,LATAM AIRLINES GROUP,LA,3639 / 8019,2026-08-05 13:00,2026-08-06 12:00,ECONOMICA,AVION,1 escala (GRU) - 22:00,True,1,11740.0,11740.0,11740.0
2026-08-05 12:01:16,VUELO,2026-08-05,CGB,Cuiaba,CBB,Cochabamba,BOLIVIANA DE AVIACION,OB,4419 / 2814 / 737,2026-08-05 15:10,2026-08-06 16:10,ECONOMICA,AVION,"2 escala (CNF, GRU) - 25:00",True,2,10825.0,10825.0,10825.0
2026-08-05 12:01:16,VUELO,2026-08-05,CGB,Cuiaba,CBB,Cochabamba,BOLIVIANA DE AVIACION,OB,4419 / 4212 / 737,2026-08-05 15:10,2026-08-06 16:10,ECONOMICA,AVION,"2 escala (CNF, GRU) - 25:00",True,2,10825.0,10825.0,10825.0
2026-08-05 12:01:16,VUELO,2026-08-05,CGB,Cuiaba,CBB,Cochabamba,BOLIVIANA DE AVIACION,OB,4419 / 4455 / 737,2026-08-05 15:10,2026-08-06 16:10,ECONOMICA,AVION,"2 escala (CNF, CGH) - 25:00",True,2,11185.0,11185.0,11185.0
2026-08-05 12:01:16,VUELO,2026-08-05,CGB,Cuiaba,CBB,Cochabamba,BOLIVIANA DE AVIACION,OB,4419 / 6041 / 737,2026-08-05 15:10,2026-08-06 16:10,ECONOMICA,AVION,"2 escala (CNF, CGH) - 25:00",True,2,11185.0,11185.0,11185.0
2026-08-05 12:01:16,VUELO,2026-08-05,CGB,Cuiaba,CBB,Cochabamba,BOLIVIANA DE AVIACION,OB,4419 / 2636 / 737,2026-08-05 15:10,2026-08-06 16:10,ECONOMICA,AVION,"2 escala (CNF, CGH) - 25:00",True,2,11185.0,11185.0,11185.0
2026-08-05 12:01:16,VUELO,2026-08-05,CGB,Cuiaba,CBB,Cochabamba,BOLIVIANA DE AVIACION,OB,4419 / 2921 / 737,2026-08-05 15:10,2026-08-06 16:10,ECONOMICA,AVION,"2 escala (CNF, VCP) - 25:00",True,2,11269.0,11269.0,11269.0
2026-08-05 12:01:16,VUELO,2026-08-05,CGB,Cuiaba,CBB,Cochabamba,BOLIVIANA DE AVIACION,OB,4419 / 4082 / 737,2026-08-05 15:10,2026-08-06 16:10,ECONOMICA,AVION,"2 escala (CNF, VCP) - 25:00",True,2,11269.0,11269.0,11269.0
2026-08-05 12:01:16,VUELO,2026-08-05,CGB,Cuiaba,CBB,Cochabamba,BOLIVIANA DE AVIACION,OB,4419 / 4096 / 737,2026-08-05 15:10,2026-08-06 16:10,ECONOMICA,AVION,"2 escala (CNF, VCP) - 25:00",True,2,11269.0,11269.0,11269.0
2026-08-05 12:01:16,VUELO,2026-08-05,CGB,Cuiaba,CBB,Cochabamba,BOLIVIANA DE AVIACION,OB,4419 / 4188 / 737,2026-08-05 15:10,2026-08-06 16:10,ECONOMICA,AVION,"2 escala (CNF, VCP) - 25:00",True,2,11269.0,11269.0,11269.0
2026-08-05 12:01:16,VUELO,2026-08-05,CGB,Cuiaba,CBB,Cochabamba,BOLIVIANA DE AVIACION,OB,2774 / 737,2026-08-05 15:20,2026-08-06 16:10,ECONOMICA,AVION,1 escala (GRU) - 24:50,True,1,13938.0,13938.0,13938.0
2026-08-05 12:01:16,VUELO,2026-08-05,CGB,Cuiaba,EZE,Buenos Aires,AZUL LINHAS AEREAS BRASILEIRAS,AD,2774 / 90,2026-08-05 15:20,2026-08-06 14:30,ECONOMICA,AVION,1 escala (GRU) - 22:10,True,1,14419.0,14419.0,14419.0
2026-08-05 12:01:16,VUELO,2026-08-05,CGB,Cuiaba,LPB,La Paz,BOLIVIANA DE AVIACION,OB,2774 / 737 / 620,2026-08-05 15:20,2026-08-06 18:25,ECONOMICA,AVION,"2 escala (GRU, CBB) - 27:05",True,2,14202.0,14202.0,14202.0
2026-08-05 12:01:16,VUELO,2026-08-05,CGB,Cuiaba,LPB,La Paz,BOLIVIANA DE AVIACION,OB,2774 / 737 / 922,2026-08-05 15:20,2026-08-06 21:10,ECONOMICA,AVION,"2 escala (GRU, CBB) - 29:50",True,2,14202.0,14202.0,14202.0
2026-08-05 12:01:16,VUELO,2026-08-05,CGB,Cuiaba,LPB,La Paz,BOLIVIANA DE AVIACION,OB,2774 / 737 / 624,2026-08-05 15:20,2026-08-06 23:05,ECONOMICA,AVION,"2 escala (GRU, CBB) - 31:45",True,2,14202.0,14202.0,14202.0
2026-08-05 12:01:16,VUELO,2026-08-05,CGB,Cuiaba,LPB,La Paz,BOLIVIANA DE AVIACION,OB,2774 / 737 / 626,2026-08-05 15:20,2026-08-06 23:55,ECONOMICA,AVION,"2 escala (GRU, CBB) - 32:35",True,2,14202.0,14202.0,14202.0
2026-08-05 12:01:16,VUELO,2026-08-05,CGB,Cuiaba,LPB,La Paz,BOLIVIANA DE AVIACION,OB,2774 / 737 / 600,2026-08-05 15:20,2026-08-07 06:00,ECONOMICA,AVION,"2 escala (GRU, CBB) - 38:40",True,2,14217.0,14217.0,14217.0
2026-08-05 12:01:16,VUELO,2026-08-05,CGB,Cuiaba,LPB,La Paz,BOLIVIANA DE AVIACION,OB,2774 / 737 / 610,2026-08-05 15:20,2026-08-07 11:45,ECONOMICA,AVION,"2 escala (GRU, CBB) - 44:25",True,2,14217.0,14217.0,14217.0
2026-08-05 12:01:16,VUELO,2026-08-05,CGB,Cuiaba,SRE,Sucre,BOLIVIANA DE AVIACION,OB,2774 / 737 / 578,2026-08-05 15:20,2026-08-06 20:30,ECONOMICA,AVION,"2 escala (GRU, CBB) - 29:10",True,2,14443.0,14443.0,14443.0
2026-08-05 12:01:16,VUELO,2026-08-05,CGB,Cuiaba,SRE,Sucre,BOLIVIANA DE AVIACION,OB,2774 / 737 / 572,2026-08-05 15:20,2026-08-07 09:00,ECONOMICA,AVION,"2 escala (GRU, CBB) - 41:40",True,2,14458.0,14458.0,14458.0
2026-08-05 12:01:16,VUELO,2026-08-05,CGB,Cuiaba,COR,Cordoba,LATAM AIRLINES GROUP,LA,3621 / 8281,2026-08-05 16:15,2026-08-06 16:25,ECONOMICA,AVION,1 escala (GRU) - 23:10,True,1,9708.0,9708.0,9708.0
2026-08-05 12:01:16,VUELO,2026-08-05,CGB,Cuiaba,COR,Cordoba,LATAM AIRLINES GROUP,LA,3621 / 763 / 492,2026-08-05 16:15,2026-08-06 12:34,ECONOMICA,AVION,"2 escala (GRU, SCL) - 19:19",True,2,9841.0,9841.0,9841.0
2026-08-05 12:01:16,VUELO,2026-08-05,CGB,Cuiaba,COR,Cordoba,LATAM AIRLINES GROUP,LA,3621 / 8152 / 492,2026-08-05 16:15,2026-08-06 12:34,ECONOMICA,AVION,"2 escala (GRU, SCL) - 19:19",True,2,9841.0,9841.0,9841.0
2026-08-05 12:01:16,VUELO,2026-08-05,CGB,Cuiaba,COR,Cordoba,LATAM AIRLINES GROUP,LA,3621 / 2934 / 2364,2026-08-05 16:15,2026-08-07 05:55,ECONOMICA,AVION,"2 escala (GRU, LIM) - 36:40",True,2,13808.0,13808.0,13808.0
2026-08-05 12:01:16,VUELO,2026-08-05,CGB,Cuiaba,COR,Cordoba,LATAM AIRLINES GROUP,LA,3621 / 2395 / 2364,2026-08-05 16:15,2026-08-07 05:55,ECONOMICA,AVION,"2 escala (GRU, LIM) - 36:40",True,2,13808.0,13808.0,13808.0
2026-08-05 12:01:16,VUELO,2026-08-05,CGB,Cuiaba,COR,Cordoba,LATAM AIRLINES GROUP,LA,3621 / 8122 / 2364,2026-08-05 16:15,2026-08-07 05:55,ECONOMICA,AVION,"2 escala (GRU, LIM) - 36:40",True,2,20130.0,20130.0,20130.0
2026-08-05 12:01:16,VUELO,2026-08-05,CGB,Cuiaba,EZE,Buenos Aires,LATAM AIRLINES GROUP,LA,3621 / 763 / 542,2026-08-05 16:15,2026-08-06 11:30,ECONOMICA,AVION,"2 escala (GRU, SCL) - 18:15",True,2,11909.0,11909.0,11909.0
2026-08-05 12:01:16,VUELO,2026-08-05,CGB,Cuiaba,EZE,Buenos Aires,LATAM AIRLINES GROUP,LA,3621 / 8152 / 542,2026-08-05 16:15,2026-08-06 11:30,ECONOMICA,AVION,"2 escala (GRU, SCL) - 18:15",True,2,11909.0,11909.0,11909.0
2026-08-05 12:01:16,VUELO,2026-08-05,CGB,Cuiaba,EZE,Buenos Aires,LATAM AIRLINES GROUP,LA,3621 / 763 / 477,2026-08-05 16:15,2026-08-06 18:21,ECONOMICA,AVION,"2 escala (GRU, SCL) - 25:06",True,2,12210.0,12210.0,12210.0
2026-08-05 12:01:16,VUELO,2026-08-05,CGB,Cuiaba,EZE,Buenos Aires,LATAM AIRLINES GROUP,LA,3621 / 8152 / 477,2026-08-05 16:15,2026-08-06 18:21,ECONOMICA,AVION,"2 escala (GRU, SCL) - 25:06",True,2,12210.0,12210.0,12210.0
2026-08-05 12:01:16,VUELO,2026-08-05,CGB,Cuiaba,LPB,La Paz,LATAM AIRLINES GROUP,LA,3621 / 2395 / 2400,2026-08-05 16:15,2026-08-07 03:55,ECONOMICA,AVION,"2 escala (GRU, LIM) - 35:40",True,2,20936.0,20936.0,20936.0
2026-08-05 12:01:16,VUELO,2026-08-05,CGB,Cuiaba,MDZ,Mendoza,LATAM AIRLINES GROUP,LA,3621 / 763 / 434,2026-08-05 16:15,2026-08-06 11:06,ECONOMICA,AVION,"2 escala (GRU, SCL) - 17:51",True,2,9853.0,9853.0,9853.0
2026-08-05 12:01:16,VUELO,2026-08-05,CGB,Cuiaba,MDZ,Mendoza,LATAM AIRLINES GROUP,LA,3621 / 8152 / 434,2026-08-05 16:15,2026-08-06 11:06,ECONOMICA,AVION,"2 escala (GRU, SCL) - 17:51",True,2,9853.0,9853.0,9853.0
2026-08-05 12:01:16,VUELO,2026-08-05,CGB,Cuiaba,MDZ,Mendoza,LATAM AIRLINES GROUP,LA,3621 / 763 / 436,2026-08-05 16:15,2026-08-06 19:03,ECONOMICA,AVION,"2 escala (GRU, SCL) - 25:48",True,2,10199.0,10199.0,10199.0
2026-08-05 12:01:16,VUELO,2026-08-05,CGB,Cuiaba,MDZ,Mendoza,LATAM AIRLINES GROUP,LA,3621 / 8152 / 436,2026-08-05 16:15,2026-08-06 19:03,ECONOMICA,AVION,"2 escala (GRU, SCL) - 25:48",True,2,10199.0,10199.0,10199.0
2026-08-05 12:01:16,VUELO,2026-08-05,CGB,Cuiaba,MDZ,Mendoza,LATAM AIRLINES GROUP,LA,3621 / 8192 / 1416,2026-08-05 16:15,2026-08-06 16:15,ECONOMICA,AVION,"2 escala (GRU, AEP) - 23:00",True,2,11358.0,11358.0,11358.0
2026-08-05 12:01:16,VUELO,2026-08-05,CGB,Cuiaba,MDZ,Mendoza,LATAM AIRLINES GROUP,LA,3621 / 8032 / 1416,2026-08-05 16:15,2026-08-06 16:15,ECONOMICA,AVION,"2 escala (GRU, AEP) - 23:00",True,2,11358.0,11358.0,11358.0
2026-08-05 12:01:16,VUELO,2026-08-05,CGB,Cuiaba,VVI,Santa Cruz,LATAM AIRLINES GROUP,LA,3621 / 8152 / 890,2026-08-05 16:15,2026-08-06 10:29,ECONOMICA,AVION,"2 escala (GRU, SCL) - 18:14",True,2,19686.0,19686.0,19686.0
2026-08-05 12:01:16,VUELO,2026-08-05,CGB,Cuiaba,VVI,Santa Cruz,LATAM AIRLINES GROUP,LA,3621 / 763 / 890,2026-08-05 16:15,2026-08-06 10:29,ECONOMICA,AVION,"2 escala (GRU, SCL) - 18:14",True,2,19686.0,19686.0,19686.0
2026-08-05 12:01:16,VUELO,2026-08-05,CGB,Cuiaba,VVI,Santa Cruz,LATAM AIRLINES GROUP,LA,3621 / 2934 / 2406,2026-08-05 16:15,2026-08-07 04:35,ECONOMICA,AVION,"2 escala (GRU, LIM) - 36:20",True,2,22703.0,22703.0,22703.0
2026-08-05 12:01:16,VUELO,2026-08-05,CGB,Cuiaba,VVI,Santa Cruz,LATAM AIRLINES GROUP,LA,3621 / 2395 / 2406,2026-08-05 16:15,2026-08-07 04:35,ECONOMICA,AVION,"2 escala (GRU, LIM) - 36:20",True,2,22703.0,22703.0,22703.0
2026-08-05 12:01:16,VUELO,2026-08-05,CGB,Cuiaba,VVI,Santa Cruz,LATAM AIRLINES GROUP,LA,3621 / 2425 / 2406,2026-08-05 16:15,2026-08-07 04:35,ECONOMICA,AVION,"2 escala (GRU, LIM) - 36:20",True,2,23388.0,23388.0,23388.0
2026-08-05 12:01:16,VUELO,2026-08-05,CGB,Cuiaba,VVI,Santa Cruz,LATAM AIRLINES GROUP,LA,3621 / 2429 / 2406,2026-08-05 16:15,2026-08-07 04:35,ECONOMICA,AVION,"2 escala (GRU, LIM) - 36:20",True,2,23388.0,23388.0,23388.0
2026-08-05 12:01:16,VUELO,2026-08-05,CGB,Cuiaba,VVI,Santa Cruz,LATAM AIRLINES GROUP,LA,3621 / 8098 / 2406,2026-08-05 16:15,2026-08-07 04:35,ECONOMICA,AVION,"2 escala (GRU, LIM) - 36:20",True,2,23388.0,23388.0,23388.0
2026-08-05 12:01:16,VUELO,2026-08-05,CGB,Cuiaba,CBB,Cochabamba,BOLIVIANA DE AVIACION,OB,4339 / 737,2026-08-05 16:40,2026-08-06 16:10,ECONOMICA,AVION,1 escala (VCP) - 23:30,True,1,10320.0,10320.0,10320.0
2026-08-05 12:01:16,VUELO,2026-08-05,CGB,Cuiaba,EZE,Buenos Aires,AZUL LINHAS AEREAS BRASILEIRAS,AD,4339 / 90,2026-08-05 16:40,2026-08-06 14:30,ECONOMICA,AVION,1 escala (VCP) - 20:50,True,1,10801.0,10801.0,10801.0
2026-08-05 12:01:16,VUELO,2026-08-05,CGB,Cuiaba,LPB,La Paz,BOLIVIANA DE AVIACION,OB,4339 / 737 / 620,2026-08-05 16:40,2026-08-06 18:25,ECONOMICA,AVION,"2 escala (VCP, CBB) - 25:45",True,2,10584.0,10584.0,10584.0
2026-08-05 12:01:16,VUELO,2026-08-05,CGB,Cuiaba,LPB,La Paz,BOLIVIANA DE AVIACION,OB,4339 / 737 / 922,2026-08-05 16:40,2026-08-06 21:10,ECONOMICA,AVION,"2 escala (VCP, CBB) - 28:30",True,2,10584.0,10584.0,10584.0
2026-08-05 12:01:16,VUELO,2026-08-05,CGB,Cuiaba,LPB,La Paz,BOLIVIANA DE AVIACION,OB,4339 / 737 / 624,2026-08-05 16:40,2026-08-06 23:05,ECONOMICA,AVION,"2 escala (VCP, CBB) - 30:25",True,2,10584.0,10584.0,10584.0
2026-08-05 12:01:16,VUELO,2026-08-05,CGB,Cuiaba,LPB,La Paz,BOLIVIANA DE AVIACION,OB,4339 / 737 / 626,2026-08-05 16:40,2026-08-06 23:55,ECONOMICA,AVION,"2 escala (VCP, CBB) - 31:15",True,2,10584.0,10584.0,10584.0
2026-08-05 12:01:16,VUELO,2026-08-05,CGB,Cuiaba,LPB,La Paz,BOLIVIANA DE AVIACION,OB,4339 / 737 / 600,2026-08-05 16:40,2026-08-07 06:00,ECONOMICA,AVION,"2 escala (VCP, CBB) - 37:20",True,2,10599.0,10599.0,10599.0
2026-08-05 12:01:16,VUELO,2026-08-05,CGB,Cuiaba,LPB,La Paz,BOLIVIANA DE AVIACION,OB,4339 / 737 / 610,2026-08-05 16:40,2026-08-07 11:45,ECONOMICA,AVION,"2 escala (VCP, CBB) - 43:05",True,2,10599.0,10599.0,10599.0
2026-08-05 12:01:16,VUELO,2026-08-05,CGB,Cuiaba,SRE,Sucre,BOLIVIANA DE AVIACION,OB,4339 / 737 / 578,2026-08-05 16:40,2026-08-06 20:30,ECONOMICA,AVION,"2 escala (VCP, CBB) - 27:50",True,2,10825.0,10825.0,10825.0
2026-08-05 12:01:16,VUELO,2026-08-05,CGB,Cuiaba,SRE,Sucre,BOLIVIANA DE AVIACION,OB,4339 / 737 / 572,2026-08-05 16:40,2026-08-07 09:00,ECONOMICA,AVION,"2 escala (VCP, CBB) - 40:20",True,2,10840.0,10840.0,10840.0
2026-08-05 12:01:16,VUELO,2026-08-05,CGB,Cuiaba,COR,Cordoba,LATAM AIRLINES GROUP,LA,3113 / 3260 / 8281,2026-08-05 17:05,2026-08-06 16:25,ECONOMICA,AVION,"2 escala (BSB, GRU) - 22:20",True,2,9841.0,9841.0,9841.0
2026-08-05 12:01:16,VUELO,2026-08-05,CGB,Cuiaba,COR,Cordoba,LATAM AIRLINES GROUP,LA,3113 / 3005 / 8281,2026-08-05 17:05,2026-08-06 16:25,ECONOMICA,AVION,"2 escala (BSB, CGH) - 22:20",True,2,9841.0,9841.0,9841.0
2026-08-05 12:01:16,VUELO,2026-08-05,CGB,Cuiaba,COR,Cordoba,LATAM AIRLINES GROUP,LA,3113 / 3007 / 8281,2026-08-05 17:05,2026-08-06 16:25,ECONOMICA,AVION,"2 escala (BSB, CGH) - 22:20",True,2,9841.0,9841.0,9841.0
2026-08-05 12:01:16,VUELO,2026-08-05,CGB,Cuiaba,COR,Cordoba,LATAM AIRLINES GROUP,LA,3113 / 3321 / 8281,2026-08-05 17:05,2026-08-06 16:25,ECONOMICA,AVION,"2 escala (BSB, CGH) - 22:20",True,2,9841.0,9841.0,9841.0
2026-08-05 12:01:16,VUELO,2026-08-05,CGB,Cuiaba,COR,Cordoba,LATAM AIRLINES GROUP,LA,3113 / 3657 / 8281,2026-08-05 17:05,2026-08-06 16:25,ECONOMICA,AVION,"2 escala (BSB, GRU) - 22:20",True,2,9841.0,9841.0,9841.0
2026-08-05 12:01:16,VUELO,2026-08-05,CGB,Cuiaba,COR,Cordoba,LATAM AIRLINES GROUP,LA,3113 / 3384 / 8281,2026-08-05 17:05,2026-08-06 16:25,ECONOMICA,AVION,"2 escala (BSB, VCP) - 22:20",True,2,9841.0,9841.0,9841.0
2026-08-05 12:01:16,VUELO,2026-08-05,CGB,Cuiaba,EZE,Buenos Aires,LATAM AIRLINES GROUP,LA,3113 / 3005 / 8130,2026-08-05 17:05,2026-08-07 01:05,ECONOMICA,AVION,"2 escala (BSB, CGH) - 31:00",True,2,16092.0,16092.0,16092.0
2026-08-05 12:01:16,VUELO,2026-08-05,CGB,Cuiaba,EZE,Buenos Aires,LATAM AIRLINES GROUP,LA,3113 / 3007 / 8130,2026-08-05 17:05,2026-08-07 01:05,ECONOMICA,AVION,"2 escala (BSB, CGH) - 31:00",True,2,16092.0,16092.0,16092.0
2026-08-05 12:01:16,VUELO,2026-08-05,CGB,Cuiaba,EZE,Buenos Aires,LATAM AIRLINES GROUP,LA,3113 / 3260 / 8130,2026-08-05 17:05,2026-08-07 01:05,ECONOMICA,AVION,"2 escala (BSB, GRU) - 31:00",True,2,16092.0,16092.0,16092.0
2026-08-05 12:01:16,VUELO,2026-08-05,CGB,Cuiaba,EZE,Buenos Aires,LATAM AIRLINES GROUP,LA,3113 / 3657 / 8130,2026-08-05 17:05,2026-08-07 01:05,ECONOMICA,AVION,"2 escala (BSB, GRU) - 31:00",True,2,16092.0,16092.0,16092.0
2026-08-05 12:01:16,VUELO,2026-08-05,CGB,Cuiaba,EZE,Buenos Aires,LATAM AIRLINES GROUP,LA,3113 / 3384 / 8130,2026-08-05 17:05,2026-08-07 01:05,ECONOMICA,AVION,"2 escala (BSB, VCP) - 31:00",True,2,16092.0,16092.0,16092.0
2026-08-05 12:01:16,VUELO,2026-08-05,CGB,Cuiaba,MDZ,Mendoza,LATAM AIRLINES GROUP,LA,3113 / 3384 / 8019,2026-08-05 17:05,2026-08-06 12:00,ECONOMICA,AVION,"2 escala (BSB, VCP) - 17:55",True,2,12978.0,12978.0,12978.0
2026-08-05 12:01:16,VUELO,2026-08-05,CGB,Cuiaba,MDZ,Mendoza,LATAM AIRLINES GROUP,LA,3113 / 3657 / 8019,2026-08-05 17:05,2026-08-06 12:00,ECONOMICA,AVION,"2 escala (BSB, GRU) - 17:55",True,2,12978.0,12978.0,12978.0
2026-08-05 12:01:16,VUELO,2026-08-05,CGB,Cuiaba,MDZ,Mendoza,GOL LINHAS AEREAS S/A,G3,1467 / 3003 / 1416,2026-08-05 17:50,2026-08-06 16:15,ECONOMICA,AVION,"2 escala (GRU, AEP) - 21:25",True,2,7485.0,7485.0,7485.0
2026-08-05 12:01:16,VUELO,2026-08-05,CGB,Cuiaba,MDZ,Mendoza,GOL LINHAS AEREAS S/A,G3,1467 / 3003 / 1424,2026-08-05 17:50,2026-08-06 20:15,ECONOMICA,AVION,"2 escala (GRU, AEP) - 25:25",True,2,7485.0,7485.0,7485.0
2026-08-05 12:01:16,VUELO,2026-08-05,CGB,Cuiaba,MDZ,Mendoza,GOL LINHAS AEREAS S/A,G3,1467 / 3003 / 1400,2026-08-05 17:50,2026-08-06 21:30,ECONOMICA,AVION,"2 escala (GRU, AEP) - 26:40",True,2,7485.0,7485.0,7485.0
2026-08-05 12:01:16,VUELO,2026-08-05,CGB,Cuiaba,MDZ,Mendoza,GOL LINHAS AEREAS S/A,G3,1467 / 3003 / 3124,2026-08-05 17:50,2026-08-06 21:30,ECONOMICA,AVION,"2 escala (GRU, AEP) - 26:40",True,2,7485.0,7485.0,7485.0
2026-08-05 12:01:16,VUELO,2026-08-05,CGB,Cuiaba,MDZ,Mendoza,GOL LINHAS AEREAS S/A,G3,1467 / 3003 / 3206,2026-08-05 17:50,2026-08-07 08:05,ECONOMICA,AVION,"2 escala (GRU, AEP) - 37:15",True,2,7485.0,7485.0,7485.0
2026-08-05 12:01:16,VUELO,2026-08-05,CGB,Cuiaba,CBB,Cochabamba,BOLIVIANA DE AVIACION,OB,2983 / 737,2026-08-05 18:55,2026-08-06 16:10,ECONOMICA,AVION,1 escala (VCP) - 21:15,True,1,9623.0,9623.0,9623.0
2026-08-05 12:01:16,VUELO,2026-08-05,CGB,Cuiaba,EZE,Buenos Aires,AZUL LINHAS AEREAS BRASILEIRAS,AD,2983 / 90,2026-08-05 18:55,2026-08-06 14:30,ECONOMICA,AVION,1 escala (VCP) - 18:35,True,1,10103.0,10103.0,10103.0
2026-08-05 12:01:16,VUELO,2026-08-05,CGB,Cuiaba,LPB,La Paz,BOLIVIANA DE AVIACION,OB,2983 / 737 / 620,2026-08-05 18:55,2026-08-06 18:25,ECONOMICA,AVION,"2 escala (VCP, CBB) - 23:30",True,2,9887.0,9887.0,9887.0
2026-08-05 12:01:16,VUELO,2026-08-05,CGB,Cuiaba,LPB,La Paz,BOLIVIANA DE AVIACION,OB,2983 / 737 / 922,2026-08-05 18:55,2026-08-06 21:10,ECONOMICA,AVION,"2 escala (VCP, CBB) - 26:15",True,2,9887.0,9887.0,9887.0
2026-08-05 12:01:16,VUELO,2026-08-05,CGB,Cuiaba,LPB,La Paz,BOLIVIANA DE AVIACION,OB,2983 / 737 / 624,2026-08-05 18:55,2026-08-06 23:05,ECONOMICA,AVION,"2 escala (VCP, CBB) - 28:10",True,2,9887.0,9887.0,9887.0
2026-08-05 12:01:16,VUELO,2026-08-05,CGB,Cuiaba,LPB,La Paz,BOLIVIANA DE AVIACION,OB,2983 / 737 / 626,2026-08-05 18:55,2026-08-06 23:55,ECONOMICA,AVION,"2 escala (VCP, CBB) - 29:00",True,2,9887.0,9887.0,9887.0
2026-08-05 12:01:16,VUELO,2026-08-05,CGB,Cuiaba,LPB,La Paz,BOLIVIANA DE AVIACION,OB,2983 / 737 / 600,2026-08-05 18:55,2026-08-07 06:00,ECONOMICA,AVION,"2 escala (VCP, CBB) - 35:05",True,2,9902.0,9902.0,9902.0
2026-08-05 12:01:16,VUELO,2026-08-05,CGB,Cuiaba,LPB,La Paz,BOLIVIANA DE AVIACION,OB,2983 / 737 / 610,2026-08-05 18:55,2026-08-07 11:45,ECONOMICA,AVION,"2 escala (VCP, CBB) - 40:50",True,2,9902.0,9902.0,9902.0
2026-08-05 12:01:16,VUELO,2026-08-05,CGB,Cuiaba,SRE,Sucre,BOLIVIANA DE AVIACION,OB,2983 / 737 / 578,2026-08-05 18:55,2026-08-06 20:30,ECONOMICA,AVION,"2 escala (VCP, CBB) - 25:35",True,2,10127.0,10127.0,10127.0
2026-08-05 12:01:16,VUELO,2026-08-05,CGB,Cuiaba,SRE,Sucre,BOLIVIANA DE AVIACION,OB,2983 / 737 / 572,2026-08-05 18:55,2026-08-07 09:00,ECONOMICA,AVION,"2 escala (VCP, CBB) - 38:05",True,2,10142.0,10142.0,10142.0
2026-08-05 12:01:16,VUELO,2026-08-05,EZE,Buenos Aires,LPB,La Paz,LATAM AIRLINES GROUP,LA,1420 / 437 / 890,2026-08-05 14:30,2026-08-06 08:31,ECONOMICA,AVION,"2 escala (MDZ, SCL) - 19:01",True,2,10056.0,10056.0,10056.0
2026-08-05 12:01:16,VUELO,2026-08-05,EZE,Buenos Aires,CBB,Cochabamba,LATAM AIRLINES GROUP,LA,777 / 890 / 1647,2026-08-05 15:35,2026-08-06 18:05,ECONOMICA,AVION,"2 escala (SCL, VVI) - 27:30",True,2,20793.0,20793.0,20793.0
2026-08-05 12:01:16,VUELO,2026-08-05,EZE,Buenos Aires,CBB,Cochabamba,LATAM AIRLINES GROUP,LA,777 / 890 / 649,2026-08-05 15:35,2026-08-06 18:50,ECONOMICA,AVION,"2 escala (SCL, VVI) - 28:15",True,2,20793.0,20793.0,20793.0
2026-08-05 12:01:16,VUELO,2026-08-05,EZE,Buenos Aires,CBB,Cochabamba,LATAM AIRLINES GROUP,LA,777 / 890 / 651,2026-08-05 15:35,2026-08-06 19:05,ECONOMICA,AVION,"2 escala (SCL, VVI) - 28:30",True,2,20793.0,20793.0,20793.0
2026-08-05 12:01:16,VUELO,2026-08-05,EZE,Buenos Aires,CGB,Cuiaba,LATAM AIRLINES GROUP,LA,777 / 3339 / 3638,2026-08-05 15:35,2026-08-06 08:20,ECONOMICA,AVION,"2 escala (GIG, GRU) - 17:45",True,2,11466.0,11466.0,11466.0
2026-08-05 12:01:16,VUELO,2026-08-05,EZE,Buenos Aires,CGB,Cuiaba,LATAM AIRLINES GROUP,LA,777 / 3339 / 3270,2026-08-05 15:35,2026-08-06 12:15,ECONOMICA,AVION,"2 escala (GIG, GRU) - 21:40",True,2,11466.0,11466.0,11466.0
2026-08-05 12:01:16,VUELO,2026-08-05,EZE,Buenos Aires,CGB,Cuiaba,LATAM AIRLINES GROUP,LA,777 / 3339 / 3801,2026-08-05 15:35,2026-08-06 21:50,ECONOMICA,AVION,"2 escala (GIG, GRU) - 31:15",True,2,11466.0,11466.0,11466.0
2026-08-05 12:01:16,VUELO,2026-08-05,EZE,Buenos Aires,CGB,Cuiaba,LATAM AIRLINES GROUP,LA,777 / 3339 / 3566,2026-08-05 15:35,2026-08-07 01:05,ECONOMICA,AVION,"2 escala (GIG, GRU) - 34:30",True,2,11466.0,11466.0,11466.0
2026-08-05 12:01:16,VUELO,2026-08-05,EZE,Buenos Aires,CGB,Cuiaba,LATAM AIRLINES GROUP,LA,777 / 3339 / 3868,2026-08-05 15:35,2026-08-06 23:05,ECONOMICA,AVION,"2 escala (GIG, GRU) - 32:30",True,2,11614.0,11614.0,11614.0
2026-08-05 12:01:16,VUELO,2026-08-05,EZE,Buenos Aires,CGB,Cuiaba,LATAM AIRLINES GROUP,LA,777 / 8055 / 3270,2026-08-05 15:35,2026-08-06 12:15,ECONOMICA,AVION,"2 escala (SCL, GRU) - 21:40",True,2,13968.0,13968.0,13968.0
2026-08-05 12:01:16,VUELO,2026-08-05,EZE,Buenos Aires,CGB,Cuiaba,LATAM AIRLINES GROUP,LA,777 / 748 / 3801,2026-08-05 15:35,2026-08-06 21:50,ECONOMICA,AVION,"2 escala (SCL, GRU) - 31:15",True,2,13968.0,13968.0,13968.0
2026-08-05 12:01:16,VUELO,2026-08-05,EZE,Buenos Aires,CGB,Cuiaba,LATAM AIRLINES GROUP,LA,777 / 8055 / 3801,2026-08-05 15:35,2026-08-06 21:50,ECONOMICA,AVION,"2 escala (SCL, GRU) - 31:15",True,2,13968.0,13968.0,13968.0
2026-08-05 12:01:16,VUELO,2026-08-05,EZE,Buenos Aires,CGB,Cuiaba,LATAM AIRLINES GROUP,LA,777 / 8153 / 3801,2026-08-05 15:35,2026-08-06 21:50,ECONOMICA,AVION,"2 escala (SCL, GRU) - 31:15",True,2,13968.0,13968.0,13968.0
2026-08-05 12:01:16,VUELO,2026-08-05,EZE,Buenos Aires,CGB,Cuiaba,LATAM AIRLINES GROUP,LA,777 / 762 / 3801,2026-08-05 15:35,2026-08-06 21:50,ECONOMICA,AVION,"2 escala (SCL, GRU) - 31:15",True,2,13968.0,13968.0,13968.0
2026-08-05 12:01:16,VUELO,2026-08-05,EZE,Buenos Aires,CGB,Cuiaba,LATAM AIRLINES GROUP,LA,777 / 8055 / 3566,2026-08-05 15:35,2026-08-07 01:05,ECONOMICA,AVION,"2 escala (SCL, GRU) - 34:30",True,2,13968.0,13968.0,13968.0
2026-08-05 12:01:16,VUELO,2026-08-05,EZE,Buenos Aires,CGB,Cuiaba,LATAM AIRLINES GROUP,LA,777 / 8153 / 3566,2026-08-05 15:35,2026-08-07 01:05,ECONOMICA,AVION,"2 escala (SCL, GRU) - 34:30",True,2,13968.0,13968.0,13968.0
2026-08-05 12:01:16,VUELO,2026-08-05,EZE,Buenos Aires,CGB,Cuiaba,LATAM AIRLINES GROUP,LA,777 / 748 / 3868,2026-08-05 15:35,2026-08-06 23:05,ECONOMICA,AVION,"2 escala (SCL, GRU) - 32:30",True,2,14035.0,14035.0,14035.0
2026-08-05 12:01:16,VUELO,2026-08-05,EZE,Buenos Aires,CGB,Cuiaba,LATAM AIRLINES GROUP,LA,777 / 8055 / 3868,2026-08-05 15:35,2026-08-06 23:05,ECONOMICA,AVION,"2 escala (SCL, GRU) - 32:30",True,2,14035.0,14035.0,14035.0
2026-08-05 12:01:16,VUELO,2026-08-05,EZE,Buenos Aires,CGB,Cuiaba,LATAM AIRLINES GROUP,LA,777 / 8153 / 3868,2026-08-05 15:35,2026-08-06 23:05,ECONOMICA,AVION,"2 escala (SCL, GRU) - 32:30",True,2,14035.0,14035.0,14035.0
2026-08-05 12:01:16,VUELO,2026-08-05,EZE,Buenos Aires,CGB,Cuiaba,LATAM AIRLINES GROUP,LA,777 / 754 / 3868,2026-08-05 15:35,2026-08-06 23:05,ECONOMICA,AVION,"2 escala (SCL, GRU) - 32:30",True,2,14035.0,14035.0,14035.0
2026-08-05 12:01:16,VUELO,2026-08-05,EZE,Buenos Aires,CGB,Cuiaba,LATAM AIRLINES GROUP,LA,777 / 762 / 3868,2026-08-05 15:35,2026-08-06 23:05,ECONOMICA,AVION,"2 escala (SCL, GRU) - 32:30",True,2,14035.0,14035.0,14035.0
2026-08-05 12:01:16,VUELO,2026-08-05,EZE,Buenos Aires,CGB,Cuiaba,LATAM AIRLINES GROUP,LA,777 / 750 / 3801,2026-08-05 15:35,2026-08-06 21:50,ECONOMICA,AVION,"2 escala (SCL, GRU) - 31:15",True,2,14604.0,14604.0,14604.0
2026-08-05 12:01:16,VUELO,2026-08-05,EZE,Buenos Aires,CGB,Cuiaba,LATAM AIRLINES GROUP,LA,777 / 613 / 3566,2026-08-05 15:35,2026-08-07 01:05,ECONOMICA,AVION,"2 escala (SCL, GRU) - 34:30",True,2,14604.0,14604.0,14604.0
2026-08-05 12:01:16,VUELO,2026-08-05,EZE,Buenos Aires,CGB,Cuiaba,LATAM AIRLINES GROUP,LA,777 / 750 / 3868,2026-08-05 15:35,2026-08-06 23:05,ECONOMICA,AVION,"2 escala (SCL, GRU) - 32:30",True,2,14671.0,14671.0,14671.0
2026-08-05 12:01:16,VUELO,2026-08-05,EZE,Buenos Aires,CGB,Cuiaba,LATAM AIRLINES GROUP,LA,777 / 760 / 3868,2026-08-05 15:35,2026-08-06 23:05,ECONOMICA,AVION,"2 escala (SCL, GRU) - 32:30",True,2,14671.0,14671.0,14671.0
2026-08-05 12:01:16,VUELO,2026-08-05,EZE,Buenos Aires,LPB,La Paz,LATAM AIRLINES GROUP,LA,777 / 890,2026-08-05 15:35,2026-08-06 08:31,ECONOMICA,AVION,1 escala (SCL) - 17:56,True,1,9977.0,9977.0,9977.0
2026-08-05 12:01:16,VUELO,2026-08-05,EZE,Buenos Aires,SRE,Sucre,LATAM AIRLINES GROUP,LA,777 / 890 / 1588,2026-08-05 15:35,2026-08-06 21:00,ECONOMICA,AVION,"2 escala (SCL, VVI) - 30:25",True,2,20950.0,20950.0,20950.0
2026-08-05 12:01:16,VUELO,2026-08-05,EZE,Buenos Aires,CGB,Cuiaba,AZUL LINHAS AEREAS BRASILEIRAS,AD,91 / 2708,2026-08-05 16:35,2026-08-06 01:20,ECONOMICA,AVION,1 escala (GRU) - 09:45,True,1,10571.0,10571.0,10571.0
2026-08-05 12:01:16,VUELO,2026-08-05,EZE,Buenos Aires,CBB,Cochabamba,BOLIVIANA DE AVIACION,OB,709 / 1647,2026-08-05 18:00,2026-08-06 18:05,ECONOMICA,AVION,1 escala (VVI) - 25:05,True,1,3700.0,3700.0,3700.0
2026-08-05 12:01:16,VUELO,2026-08-05,EZE,Buenos Aires,CBB,Cochabamba,BOLIVIANA DE AVIACION,OB,709 / 649,2026-08-05 18:00,2026-08-06 18:50,ECONOMICA,AVION,1 escala (VVI) - 25:50,True,1,3700.0,3700.0,3700.0
2026-08-05 12:01:16,VUELO,2026-08-05,EZE,Buenos Aires,CBB,Cochabamba,BOLIVIANA DE AVIACION,OB,709 / 651,2026-08-05 18:00,2026-08-06 19:05,ECONOMICA,AVION,1 escala (VVI) - 26:05,True,1,3700.0,3700.0,3700.0
2026-08-05 12:01:16,VUELO,2026-08-05,EZE,Buenos Aires,LPB,La Paz,BOLIVIANA DE AVIACION,OB,709 / 961,2026-08-05 18:00,2026-08-06 06:25,ECONOMICA,AVION,1 escala (VVI) - 13:25,True,1,3984.0,3984.0,3984.0
2026-08-05 12:01:16,VUELO,2026-08-05,EZE,Buenos Aires,LPB,La Paz,BOLIVIANA DE AVIACION,OB,709 / 661,2026-08-05 18:00,2026-08-06 06:40,ECONOMICA,AVION,1 escala (VVI) - 13:40,True,1,3984.0,3984.0,3984.0
2026-08-05 12:01:16,VUELO,2026-08-05,EZE,Buenos Aires,LPB,La Paz,BOLIVIANA DE AVIACION,OB,709 / 673,2026-08-05 18:00,2026-08-06 14:55,ECONOMICA,AVION,1 escala (VVI) - 21:55,True,1,3984.0,3984.0,3984.0
2026-08-05 12:01:16,VUELO,2026-08-05,EZE,Buenos Aires,LPB,La Paz,BOLIVIANA DE AVIACION,OB,709 / 677,2026-08-05 18:00,2026-08-06 18:25,ECONOMICA,AVION,1 escala (VVI) - 25:25,True,1,3984.0,3984.0,3984.0
2026-08-05 12:01:16,VUELO,2026-08-05,EZE,Buenos Aires,LPB,La Paz,BOLIVIANA DE AVIACION,OB,709 / 663,2026-08-05 18:00,2026-08-06 07:55,ECONOMICA,AVION,1 escala (VVI) - 14:55,True,1,3984.0,3984.0,3984.0
2026-08-05 12:01:16,VUELO,2026-08-05,EZE,Buenos Aires,LPB,La Paz,BOLIVIANA DE AVIACION,OB,709 / 649 / 922,2026-08-05 18:00,2026-08-06 21:10,ECONOMICA,AVION,"2 escala (VVI, CBB) - 28:10",True,2,3984.0,3984.0,3984.0
2026-08-05 12:01:16,VUELO,2026-08-05,EZE,Buenos Aires,LPB,La Paz,BOLIVIANA DE AVIACION,OB,709 / 651 / 922,2026-08-05 18:00,2026-08-06 21:10,ECONOMICA,AVION,"2 escala (VVI, CBB) - 28:10",True,2,3984.0,3984.0,3984.0
2026-08-05 12:01:16,VUELO,2026-08-05,EZE,Buenos Aires,LPB,La Paz,BOLIVIANA DE AVIACION,OB,709 / 649 / 624,2026-08-05 18:00,2026-08-06 23:05,ECONOMICA,AVION,"2 escala (VVI, CBB) - 30:05",True,2,3984.0,3984.0,3984.0
2026-08-05 12:01:16,VUELO,2026-08-05,EZE,Buenos Aires,LPB,La Paz,BOLIVIANA DE AVIACION,OB,709 / 651 / 624,2026-08-05 18:00,2026-08-06 23:05,ECONOMICA,AVION,"2 escala (VVI, CBB) - 30:05",True,2,3984.0,3984.0,3984.0
2026-08-05 12:01:16,VUELO,2026-08-05,EZE,Buenos Aires,LPB,La Paz,BOLIVIANA DE AVIACION,OB,709 / 649 / 626,2026-08-05 18:00,2026-08-06 23:55,ECONOMICA,AVION,"2 escala (VVI, CBB) - 30:55",True,2,3984.0,3984.0,3984.0
2026-08-05 12:01:16,VUELO,2026-08-05,EZE,Buenos Aires,LPB,La Paz,BOLIVIANA DE AVIACION,OB,709 / 651 / 626,2026-08-05 18:00,2026-08-06 23:55,ECONOMICA,AVION,"2 escala (VVI, CBB) - 30:55",True,2,3984.0,3984.0,3984.0
2026-08-05 12:01:16,VUELO,2026-08-05,EZE,Buenos Aires,LPB,La Paz,BOLIVIANA DE AVIACION,OB,709 / 1647 / 922,2026-08-05 18:00,2026-08-06 21:10,ECONOMICA,AVION,"2 escala (VVI, CBB) - 28:10",True,2,3984.0,3984.0,3984.0
2026-08-05 12:01:16,VUELO,2026-08-05,EZE,Buenos Aires,LPB,La Paz,BOLIVIANA DE AVIACION,OB,709 / 1647 / 624,2026-08-05 18:00,2026-08-06 23:05,ECONOMICA,AVION,"2 escala (VVI, CBB) - 30:05",True,2,3984.0,3984.0,3984.0
2026-08-05 12:01:16,VUELO,2026-08-05,EZE,Buenos Aires,LPB,La Paz,BOLIVIANA DE AVIACION,OB,709 / 1647 / 626,2026-08-05 18:00,2026-08-06 23:55,ECONOMICA,AVION,"2 escala (VVI, CBB) - 30:55",True,2,3984.0,3984.0,3984.0
2026-08-05 12:01:16,VUELO,2026-08-05,EZE,Buenos Aires,SRE,Sucre,BOLIVIANA DE AVIACION,OB,709 / 649 / 578,2026-08-05 18:00,2026-08-06 20:30,ECONOMICA,AVION,"2 escala (VVI, CBB) - 27:30",True,2,4241.0,4241.0,4241.0
2026-08-05 12:01:16,VUELO,2026-08-05,EZE,Buenos Aires,SRE,Sucre,BOLIVIANA DE AVIACION,OB,709 / 651 / 578,2026-08-05 18:00,2026-08-06 20:30,ECONOMICA,AVION,"2 escala (VVI, CBB) - 27:30",True,2,4241.0,4241.0,4241.0
2026-08-05 12:01:16,VUELO,2026-08-05,EZE,Buenos Aires,SRE,Sucre,BOLIVIANA DE AVIACION,OB,709 / 1647 / 578,2026-08-05 18:00,2026-08-06 20:30,ECONOMICA,AVION,"2 escala (VVI, CBB) - 27:30",True,2,4241.0,4241.0,4241.0
2026-08-05 12:01:16,VUELO,2026-08-05,EZE,Buenos Aires,SRE,Sucre,BOLIVIANA DE AVIACION,OB,709 / 649 / 572,2026-08-05 18:00,2026-08-07 09:00,ECONOMICA,AVION,"2 escala (VVI, CBB) - 40:00",True,2,4256.0,4256.0,4256.0
2026-08-05 12:01:16,VUELO,2026-08-05,EZE,Buenos Aires,SRE,Sucre,BOLIVIANA DE AVIACION,OB,709 / 651 / 572,2026-08-05 18:00,2026-08-07 09:00,ECONOMICA,AVION,"2 escala (VVI, CBB) - 40:00",True,2,4256.0,4256.0,4256.0
2026-08-05 12:01:16,VUELO,2026-08-05,EZE,Buenos Aires,SRE,Sucre,BOLIVIANA DE AVIACION,OB,709 / 1647 / 572,2026-08-05 18:00,2026-08-07 09:00,ECONOMICA,AVION,"2 escala (VVI, CBB) - 40:00",True,2,4256.0,4256.0,4256.0
2026-08-05 12:01:16,VUELO,2026-08-05,EZE,Buenos Aires,UYU,Uyuni,BOLIVIANA DE AVIACION,OB,709 / 663 / 304,2026-08-05 18:00,2026-08-07 08:10,ECONOMICA,AVION,"2 escala (VVI, LPB) - 39:10",True,2,4256.0,4256.0,4256.0
2026-08-05 12:01:16,VUELO,2026-08-05,EZE,Buenos Aires,UYU,Uyuni,BOLIVIANA DE AVIACION,OB,709 / 673 / 304,2026-08-05 18:00,2026-08-07 08:10,ECONOMICA,AVION,"2 escala (VVI, LPB) - 39:10",True,2,4256.0,4256.0,4256.0
2026-08-05 12:01:16,VUELO,2026-08-05,EZE,Buenos Aires,UYU,Uyuni,BOLIVIANA DE AVIACION,OB,709 / 677 / 304,2026-08-05 18:00,2026-08-07 08:10,ECONOMICA,AVION,"2 escala (VVI, LPB) - 39:10",True,2,4256.0,4256.0,4256.0
2026-08-05 12:01:16,VUELO,2026-08-05,EZE,Buenos Aires,VVI,Santa Cruz,BOLIVIANA DE AVIACION,OB,709,2026-08-05 18:00,2026-08-05 20:00,ECONOMICA,AVION,Directo (03:00),False,0,3300.0,3300.0,3300.0
2026-08-05 12:01:16,VUELO,2026-08-05,EZE,Buenos Aires,CBB,Cochabamba,LATAM AIRLINES GROUP,LA,476 / 890 / 1647,2026-08-05 19:21,2026-08-06 18:05,ECONOMICA,AVION,"2 escala (SCL, VVI) - 23:44",True,2,20793.0,20793.0,20793.0
2026-08-05 12:01:16,VUELO,2026-08-05,EZE,Buenos Aires,CBB,Cochabamba,LATAM AIRLINES GROUP,LA,476 / 890 / 649,2026-08-05 19:21,2026-08-06 18:50,ECONOMICA,AVION,"2 escala (SCL, VVI) - 24:29",True,2,20793.0,20793.0,20793.0
2026-08-05 12:01:16,VUELO,2026-08-05,EZE,Buenos Aires,CBB,Cochabamba,LATAM AIRLINES GROUP,LA,476 / 890 / 651,2026-08-05 19:21,2026-08-06 19:05,ECONOMICA,AVION,"2 escala (SCL, VVI) - 24:44",True,2,20793.0,20793.0,20793.0
2026-08-05 12:01:16,VUELO,2026-08-05,EZE,Buenos Aires,CGB,Cuiaba,LATAM AIRLINES GROUP,LA,476 / 8055 / 3270,2026-08-05 19:21,2026-08-06 12:15,ECONOMICA,AVION,"2 escala (SCL, GRU) - 17:54",True,2,13968.0,13968.0,13968.0
2026-08-05 12:01:16,VUELO,2026-08-05,EZE,Buenos Aires,CGB,Cuiaba,LATAM AIRLINES GROUP,LA,476 / 8055 / 3801,2026-08-05 19:21,2026-08-06 21:50,ECONOMICA,AVION,"2 escala (SCL, GRU) - 27:29",True,2,13968.0,13968.0,13968.0
2026-08-05 12:01:16,VUELO,2026-08-05,EZE,Buenos Aires,CGB,Cuiaba,LATAM AIRLINES GROUP,LA,476 / 8153 / 3801,2026-08-05 19:21,2026-08-06 21:50,ECONOMICA,AVION,"2 escala (SCL, GRU) - 27:29",True,2,13968.0,13968.0,13968.0
2026-08-05 12:01:16,VUELO,2026-08-05,EZE,Buenos Aires,CGB,Cuiaba,LATAM AIRLINES GROUP,LA,476 / 8055 / 3566,2026-08-05 19:21,2026-08-07 01:05,ECONOMICA,AVION,"2 escala (SCL, GRU) - 30:44",True,2,13968.0,13968.0,13968.0
2026-08-05 12:01:16,VUELO,2026-08-05,EZE,Buenos Aires,CGB,Cuiaba,LATAM AIRLINES GROUP,LA,476 / 8153 / 3566,2026-08-05 19:21,2026-08-07 01:05,ECONOMICA,AVION,"2 escala (SCL, GRU) - 30:44",True,2,13968.0,13968.0,13968.0
2026-08-05 12:01:16,VUELO,2026-08-05,EZE,Buenos Aires,CGB,Cuiaba,LATAM AIRLINES GROUP,LA,476 / 8055 / 3868,2026-08-05 19:21,2026-08-06 23:05,ECONOMICA,AVION,"2 escala (SCL, GRU) - 28:44",True,2,14035.0,14035.0,14035.0
2026-08-05 12:01:16,VUELO,2026-08-05,EZE,Buenos Aires,CGB,Cuiaba,LATAM AIRLINES GROUP,LA,476 / 8153 / 3868,2026-08-05 19:21,2026-08-06 23:05,ECONOMICA,AVION,"2 escala (SCL, GRU) - 28:44",True,2,14035.0,14035.0,14035.0
2026-08-05 12:01:16,VUELO,2026-08-05,EZE,Buenos Aires,CGB,Cuiaba,LATAM AIRLINES GROUP,LA,476 / 760 / 3801,2026-08-05 19:21,2026-08-06 21:50,ECONOMICA,AVION,"2 escala (SCL, GRU) - 27:29",True,2,14424.0,14424.0,14424.0
2026-08-05 12:01:16,VUELO,2026-08-05,EZE,Buenos Aires,CGB,Cuiaba,LATAM AIRLINES GROUP,LA,476 / 613 / 3566,2026-08-05 19:21,2026-08-07 01:05,ECONOMICA,AVION,"2 escala (SCL, GRU) - 30:44",True,2,14424.0,14424.0,14424.0
2026-08-05 12:01:16,VUELO,2026-08-05,EZE,Buenos Aires,CGB,Cuiaba,LATAM AIRLINES GROUP,LA,476 / 760 / 3868,2026-08-05 19:21,2026-08-06 23:05,ECONOMICA,AVION,"2 escala (SCL, GRU) - 28:44",True,2,14491.0,14491.0,14491.0
2026-08-05 12:01:16,VUELO,2026-08-05,EZE,Buenos Aires,LPB,La Paz,LATAM AIRLINES GROUP,LA,476 / 890,2026-08-05 19:21,2026-08-06 08:31,ECONOMICA,AVION,1 escala (SCL) - 14:10,True,1,9977.0,9977.0,9977.0
2026-08-05 12:01:16,VUELO,2026-08-05,EZE,Buenos Aires,SRE,Sucre,LATAM AIRLINES GROUP,LA,476 / 890 / 1588,2026-08-05 19:21,2026-08-06 21:00,ECONOMICA,AVION,"2 escala (SCL, VVI) - 26:39",True,2,20950.0,20950.0,20950.0
2026-08-05 12:01:16,VUELO,2026-08-05,EZE,Buenos Aires,CGB,Cuiaba,APG AIRLINES,GP,16 / 9224,2026-08-05 23:55,2026-08-07 03:10,ECONOMICA,AVION,1 escala (GRU) - 28:15,True,1,11755.0,11755.0,11755.0
2026-08-05 12:01:16,VUELO,2026-08-05,EZE,Buenos Aires,CGB,Cuiaba,APG AIRLINES,GP,16 / 3801,2026-08-05 23:55,2026-08-06 21:50,ECONOMICA,AVION,1 escala (GRU) - 22:55,True,1,11897.0,11897.0,11897.0
2026-08-05 12:01:16,VUELO,2026-08-05,EZE,Buenos Aires,CGB,Cuiaba,APG AIRLINES,GP,16 / 3566,2026-08-05 23:55,2026-08-07 01:05,ECONOMICA,AVION,1 escala (GRU) - 26:10,True,1,11897.0,11897.0,11897.0
2026-08-05 12:01:16,VUELO,2026-08-05,LPB,La Paz,VVI,Santa Cruz,BOLIVIANA DE AVIACION,OB,672,2026-08-05 12:05,2026-08-05 13:10,ECONOMICA,AVION,Directo (01:05),False,0,1067.0,1067.0,1067.0
2026-08-05 12:01:16,VUELO,2026-08-05,LPB,La Paz,CGB,Cuiaba,AVIANCA,AV,104 / 161 / 2708,2026-08-05 15:50,2026-08-08 01:20,ECONOMICA,AVION,"2 escala (BOG, GRU) - 57:30",True,2,23421.0,23421.0,23421.0
2026-08-05 12:01:16,VUELO,2026-08-05,LPB,La Paz,CGB,Cuiaba,AVIANCA,AV,104 / 161 / 4769,2026-08-05 15:50,2026-08-07 09:55,ECONOMICA,AVION,"2 escala (BOG, GRU) - 42:05",True,2,31504.0,31504.0,31504.0
2026-08-05 12:01:16,VUELO,2026-08-05,LPB,La Paz,CGB,Cuiaba,AVIANCA,AV,104 / 185 / 4769,2026-08-05 15:50,2026-08-07 09:55,ECONOMICA,AVION,"2 escala (BOG, GRU) - 42:05",True,2,31504.0,31504.0,31504.0
2026-08-05 12:01:16,VUELO,2026-08-05,LPB,La Paz,CGB,Cuiaba,AVIANCA,AV,104 / 249 / 4769,2026-08-05 15:50,2026-08-07 09:55,ECONOMICA,AVION,"2 escala (BOG, GRU) - 42:05",True,2,31504.0,31504.0,31504.0
2026-08-05 12:01:16,VUELO,2026-08-05,LPB,La Paz,EZE,Buenos Aires,AVIANCA,AV,104 / 85 / 90,2026-08-05 15:50,2026-08-06 14:30,ECONOMICA,AVION,"2 escala (BOG, GRU) - 21:40",True,2,22194.0,22194.0,22194.0
2026-08-05 12:01:16,VUELO,2026-08-05,MDZ,Mendoza,CGB,Cuiaba,LATAM AIRLINES GROUP,LA,8169 / 3638,2026-08-05 17:15,2026-08-06 08:20,ECONOMICA,AVION,1 escala (GRU) - 16:05,True,1,11202.0,11202.0,11202.0
2026-08-05 12:01:16,VUELO,2026-08-05,MDZ,Mendoza,CGB,Cuiaba,LATAM AIRLINES GROUP,LA,8169 / 3270,2026-08-05 17:15,2026-08-06 12:15,ECONOMICA,AVION,1 escala (GRU) - 20:00,True,1,11202.0,11202.0,11202.0
2026-08-05 12:01:16,VUELO,2026-08-05,MDZ,Mendoza,CGB,Cuiaba,LATAM AIRLINES GROUP,LA,8169 / 3801,2026-08-05 17:15,2026-08-06 21:50,ECONOMICA,AVION,1 escala (GRU) - 29:35,True,1,11202.0,11202.0,11202.0
2026-08-05 12:01:16,VUELO,2026-08-05,MDZ,Mendoza,CGB,Cuiaba,LATAM AIRLINES GROUP,LA,8169 / 3030,2026-08-05 17:15,2026-08-06 10:15,ECONOMICA,AVION,1 escala (GRU) - 18:00,True,1,11269.0,11269.0,11269.0
2026-08-05 12:01:16,VUELO,2026-08-05,MDZ,Mendoza,CGB,Cuiaba,LATAM AIRLINES GROUP,LA,8169 / 3237 / 3390,2026-08-05 17:15,2026-08-06 09:25,ECONOMICA,AVION,"2 escala (GRU, BSB) - 17:10",True,2,11339.0,11339.0,11339.0
2026-08-05 12:01:16,VUELO,2026-08-05,MDZ,Mendoza,CGB,Cuiaba,LATAM AIRLINES GROUP,LA,8169 / 3281 / 3894,2026-08-05 17:15,2026-08-06 21:55,ECONOMICA,AVION,"2 escala (GRU, BSB) - 29:40",True,2,11339.0,11339.0,11339.0
2026-08-05 12:01:16,VUELO,2026-08-05,MDZ,Mendoza,CGB,Cuiaba,LATAM AIRLINES GROUP,LA,8169 / 3323 / 3894,2026-08-05 17:15,2026-08-06 21:55,ECONOMICA,AVION,"2 escala (GRU, BSB) - 29:40",True,2,11339.0,11339.0,11339.0
2026-08-05 12:01:16,VUELO,2026-08-05,MDZ,Mendoza,CGB,Cuiaba,LATAM AIRLINES GROUP,LA,8169 / 3656 / 3390,2026-08-05 17:15,2026-08-06 09:25,ECONOMICA,AVION,"2 escala (GRU, BSB) - 17:10",True,2,11344.0,11344.0,11344.0
2026-08-05 12:01:16,VUELO,2026-08-05,MDZ,Mendoza,CGB,Cuiaba,LATAM AIRLINES GROUP,LA,8169 / 3265 / 3112,2026-08-05 17:15,2026-08-06 16:15,ECONOMICA,AVION,"2 escala (GRU, BSB) - 24:00",True,2,11344.0,11344.0,11344.0
2026-08-05 12:01:16,VUELO,2026-08-05,MDZ,Mendoza,CGB,Cuiaba,LATAM AIRLINES GROUP,LA,8169 / 4676 / 3112,2026-08-05 17:15,2026-08-06 16:15,ECONOMICA,AVION,"2 escala (GRU, BSB) - 24:00",True,2,11344.0,11344.0,11344.0
2026-08-05 12:01:16,VUELO,2026-08-05,MDZ,Mendoza,CGB,Cuiaba,LATAM AIRLINES GROUP,LA,8169 / 3257 / 3894,2026-08-05 17:15,2026-08-06 21:55,ECONOMICA,AVION,"2 escala (GRU, BSB) - 29:40",True,2,11344.0,11344.0,11344.0
2026-08-05 12:01:16,VUELO,2026-08-05,MDZ,Mendoza,CGB,Cuiaba,LATAM AIRLINES GROUP,LA,8169 / 3000 / 3390,2026-08-05 17:15,2026-08-06 09:25,ECONOMICA,AVION,"2 escala (GRU, BSB) - 17:10",True,2,11411.0,11411.0,11411.0
2026-08-05 12:01:16,VUELO,2026-08-05,MDZ,Mendoza,CGB,Cuiaba,LATAM AIRLINES GROUP,LA,8169 / 3000 / 3112,2026-08-05 17:15,2026-08-06 16:15,ECONOMICA,AVION,"2 escala (GRU, BSB) - 24:00",True,2,11411.0,11411.0,11411.0
2026-08-05 12:01:16,VUELO,2026-08-05,MDZ,Mendoza,CGB,Cuiaba,LATAM AIRLINES GROUP,LA,8169 / 3004 / 3112,2026-08-05 17:15,2026-08-06 16:15,ECONOMICA,AVION,"2 escala (GRU, BSB) - 24:00",True,2,11411.0,11411.0,11411.0
2026-08-05 12:01:16,VUELO,2026-08-05,MDZ,Mendoza,CGB,Cuiaba,LATAM AIRLINES GROUP,LA,8169 / 3004 / 3894,2026-08-05 17:15,2026-08-06 21:55,ECONOMICA,AVION,"2 escala (GRU, BSB) - 29:40",True,2,11411.0,11411.0,11411.0
2026-08-05 12:01:16,VUELO,2026-08-05,MDZ,Mendoza,CGB,Cuiaba,LATAM AIRLINES GROUP,LA,8169 / 3581 / 3894,2026-08-05 17:15,2026-08-06 21:55,ECONOMICA,AVION,"2 escala (GRU, BSB) - 29:40",True,2,11411.0,11411.0,11411.0
2026-08-05 12:01:16,VUELO,2026-08-05,MDZ,Mendoza,LPB,La Paz,LATAM AIRLINES GROUP,LA,8169 / 2395 / 2400,2026-08-05 17:15,2026-08-07 03:55,ECONOMICA,AVION,"2 escala (GRU, LIM) - 35:40",True,2,21052.0,21052.0,21052.0
2026-08-05 12:01:16,VUELO,2026-08-05,MDZ,Mendoza,LPB,La Paz,LATAM AIRLINES GROUP,LA,8169 / 2425 / 2400,2026-08-05 17:15,2026-08-07 03:55,ECONOMICA,AVION,"2 escala (GRU, LIM) - 35:40",True,2,21052.0,21052.0,21052.0
2026-08-05 12:01:16,VUELO,2026-08-05,MDZ,Mendoza,LPB,La Paz,LATAM AIRLINES GROUP,LA,8169 / 2429 / 2400,2026-08-05 17:15,2026-08-07 03:55,ECONOMICA,AVION,"2 escala (GRU, LIM) - 35:40",True,2,21052.0,21052.0,21052.0
2026-08-05 12:01:16,VUELO,2026-08-05,MDZ,Mendoza,LPB,La Paz,LATAM AIRLINES GROUP,LA,8169 / 8098 / 2400,2026-08-05 17:15,2026-08-07 03:55,ECONOMICA,AVION,"2 escala (GRU, LIM) - 35:40",True,2,21052.0,21052.0,21052.0
2026-08-05 12:01:16,VUELO,2026-08-05,MDZ,Mendoza,LPB,La Paz,LATAM AIRLINES GROUP,LA,8169 / 8152 / 890,2026-08-05 17:15,2026-08-06 08:31,ECONOMICA,AVION,"2 escala (GRU, SCL) - 16:16",True,2,22067.0,22067.0,22067.0
2026-08-05 12:01:16,VUELO,2026-08-05,MDZ,Mendoza,VVI,Santa Cruz,LATAM AIRLINES GROUP,LA,8169 / 8152 / 890,2026-08-05 17:15,2026-08-06 10:29,ECONOMICA,AVION,"2 escala (GRU, SCL) - 18:14",True,2,31315.0,31315.0,31315.0
2026-08-05 12:01:16,VUELO,2026-08-05,MDZ,Mendoza,VVI,Santa Cruz,LATAM AIRLINES GROUP,LA,8169 / 2395 / 2406,2026-08-05 17:15,2026-08-07 04:35,ECONOMICA,AVION,"2 escala (GRU, LIM) - 36:20",True,2,40408.0,40408.0,40408.0
2026-08-05 12:01:16,VUELO,2026-08-05,MDZ,Mendoza,CGB,Cuiaba,LATAM AIRLINES GROUP,LA,1411 / 8131 / 3638,2026-08-05 18:30,2026-08-06 08:20,ECONOMICA,AVION,"2 escala (EZE, GRU) - 14:50",True,2,13468.0,13468.0,13468.0
2026-08-05 12:01:16,VUELO,2026-08-05,MDZ,Mendoza,LPB,La Paz,LATAM AIRLINES GROUP,LA,1411 / 1436 / 2400,2026-08-05 18:30,2026-08-07 03:55,ECONOMICA,AVION,"2 escala (EZE, LIM) - 34:25",True,2,24409.0,24409.0,24409.0
2026-08-05 12:01:16,VUELO,2026-08-05,MDZ,Mendoza,LPB,La Paz,LATAM AIRLINES GROUP,LA,1411 / 2376 / 2400,2026-08-05 18:30,2026-08-07 03:55,ECONOMICA,AVION,"2 escala (EZE, LIM) - 34:25",True,2,24409.0,24409.0,24409.0
2026-08-05 12:01:16,VUELO,2026-08-05,MDZ,Mendoza,VVI,Santa Cruz,LATAM AIRLINES GROUP,LA,1411 / 2376 / 2406,2026-08-05 18:30,2026-08-07 04:35,ECONOMICA,AVION,"2 escala (EZE, LIM) - 35:05",True,2,24409.0,24409.0,24409.0
2026-08-05 12:01:16,VUELO,2026-08-05,MDZ,Mendoza,CBB,Cochabamba,LATAM AIRLINES GROUP,LA,437 / 890 / 1647,2026-08-05 19:50,2026-08-06 18:05,ECONOMICA,AVION,"2 escala (SCL, VVI) - 23:15",True,2,17449.0,17449.0,17449.0
2026-08-05 12:01:16,VUELO,2026-08-05,MDZ,Mendoza,CBB,Cochabamba,LATAM AIRLINES GROUP,LA,437 / 890 / 649,2026-08-05 19:50,2026-08-06 18:50,ECONOMICA,AVION,"2 escala (SCL, VVI) - 24:00",True,2,17449.0,17449.0,17449.0
2026-08-05 12:01:16,VUELO,2026-08-05,MDZ,Mendoza,CBB,Cochabamba,LATAM AIRLINES GROUP,LA,437 / 890 / 651,2026-08-05 19:50,2026-08-06 19:05,ECONOMICA,AVION,"2 escala (SCL, VVI) - 24:15",True,2,17449.0,17449.0,17449.0
2026-08-05 12:01:16,VUELO,2026-08-05,MDZ,Mendoza,CGB,Cuiaba,LATAM AIRLINES GROUP,LA,437 / 790 / 3390,2026-08-05 19:50,2026-08-06 09:25,ECONOMICA,AVION,"2 escala (SCL, BSB) - 14:35",True,2,11342.0,11342.0,11342.0
2026-08-05 12:01:16,VUELO,2026-08-05,MDZ,Mendoza,CGB,Cuiaba,LATAM AIRLINES GROUP,LA,437 / 790 / 3112,2026-08-05 19:50,2026-08-06 16:15,ECONOMICA,AVION,"2 escala (SCL, BSB) - 21:25",True,2,11342.0,11342.0,11342.0
2026-08-05 12:01:16,VUELO,2026-08-05,MDZ,Mendoza,CGB,Cuiaba,LATAM AIRLINES GROUP,LA,437 / 8055 / 3270,2026-08-05 19:50,2026-08-06 12:15,ECONOMICA,AVION,"2 escala (SCL, GRU) - 17:25",True,2,11344.0,11344.0,11344.0
2026-08-05 12:01:16,VUELO,2026-08-05,MDZ,Mendoza,CGB,Cuiaba,LATAM AIRLINES GROUP,LA,437 / 8055 / 3801,2026-08-05 19:50,2026-08-06 21:50,ECONOMICA,AVION,"2 escala (SCL, GRU) - 27:00",True,2,11344.0,11344.0,11344.0
2026-08-05 12:01:16,VUELO,2026-08-05,MDZ,Mendoza,CGB,Cuiaba,LATAM AIRLINES GROUP,LA,437 / 8055 / 3566,2026-08-05 19:50,2026-08-07 01:05,ECONOMICA,AVION,"2 escala (SCL, GRU) - 30:15",True,2,11344.0,11344.0,11344.0
2026-08-05 12:01:16,VUELO,2026-08-05,MDZ,Mendoza,CGB,Cuiaba,LATAM AIRLINES GROUP,LA,437 / 8153 / 3801,2026-08-05 19:50,2026-08-06 21:50,ECONOMICA,AVION,"2 escala (SCL, GRU) - 27:00",True,2,11344.0,11344.0,11344.0
2026-08-05 12:01:16,VUELO,2026-08-05,MDZ,Mendoza,CGB,Cuiaba,LATAM AIRLINES GROUP,LA,437 / 8153 / 3566,2026-08-05 19:50,2026-08-07 01:05,ECONOMICA,AVION,"2 escala (SCL, GRU) - 30:15",True,2,11344.0,11344.0,11344.0
2026-08-05 12:01:16,VUELO,2026-08-05,MDZ,Mendoza,CGB,Cuiaba,LATAM AIRLINES GROUP,LA,437 / 8055 / 3868,2026-08-05 19:50,2026-08-06 23:05,ECONOMICA,AVION,"2 escala (SCL, GRU) - 28:15",True,2,11411.0,11411.0,11411.0
2026-08-05 12:01:16,VUELO,2026-08-05,MDZ,Mendoza,CGB,Cuiaba,LATAM AIRLINES GROUP,LA,437 / 8153 / 3868,2026-08-05 19:50,2026-08-06 23:05,ECONOMICA,AVION,"2 escala (SCL, GRU) - 28:15",True,2,11411.0,11411.0,11411.0
2026-08-05 12:01:16,VUELO,2026-08-05,MDZ,Mendoza,LPB,La Paz,LATAM AIRLINES GROUP,LA,437 / 890,2026-08-05 19:50,2026-08-06 08:31,ECONOMICA,AVION,1 escala (SCL) - 13:41,True,1,10671.0,10671.0,10671.0
2026-08-05 12:01:16,VUELO,2026-08-05,MDZ,Mendoza,LPB,La Paz,LATAM AIRLINES GROUP,LA,437 / 528 / 2400,2026-08-05 19:50,2026-08-07 03:55,ECONOMICA,AVION,"2 escala (SCL, LIM) - 33:05",True,2,11675.0,11675.0,11675.0
2026-08-05 12:01:16,VUELO,2026-08-05,MDZ,Mendoza,LPB,La Paz,LATAM AIRLINES GROUP,LA,437 / 2370 / 2400,2026-08-05 19:50,2026-08-07 03:55,ECONOMICA,AVION,"2 escala (SCL, LIM) - 33:05",True,2,11675.0,11675.0,11675.0
2026-08-05 12:01:16,VUELO,2026-08-05,MDZ,Mendoza,LPB,La Paz,LATAM AIRLINES GROUP,LA,437 / 520 / 2400,2026-08-05 19:50,2026-08-07 03:55,ECONOMICA,AVION,"2 escala (SCL, LIM) - 33:05",True,2,11976.0,11976.0,11976.0
2026-08-05 12:01:16,VUELO,2026-08-05,MDZ,Mendoza,LPB,La Paz,LATAM AIRLINES GROUP,LA,437 / 640 / 2400,2026-08-05 19:50,2026-08-07 03:55,ECONOMICA,AVION,"2 escala (SCL, LIM) - 33:05",True,2,11976.0,11976.0,11976.0
2026-08-05 12:01:16,VUELO,2026-08-05,MDZ,Mendoza,LPB,La Paz,LATAM AIRLINES GROUP,LA,437 / 2696 / 2400,2026-08-05 19:50,2026-08-07 03:55,ECONOMICA,AVION,"2 escala (SCL, LIM) - 33:05",True,2,11976.0,11976.0,11976.0
2026-08-05 12:01:16,VUELO,2026-08-05,MDZ,Mendoza,LPB,La Paz,LATAM AIRLINES GROUP,LA,437 / 644 / 2400,2026-08-05 19:50,2026-08-07 03:55,ECONOMICA,AVION,"2 escala (SCL, LIM) - 33:05",True,2,11976.0,11976.0,11976.0
2026-08-05 12:01:16,VUELO,2026-08-05,MDZ,Mendoza,LPB,La Paz,LATAM AIRLINES GROUP,LA,437 / 2412 / 2400,2026-08-05 19:50,2026-08-07 03:55,ECONOMICA,AVION,"2 escala (SCL, LIM) - 33:05",True,2,11976.0,11976.0,11976.0
2026-08-05 12:01:16,VUELO,2026-08-05,MDZ,Mendoza,LPB,La Paz,LATAM AIRLINES GROUP,LA,437 / 650 / 2400,2026-08-05 19:50,2026-08-07 03:55,ECONOMICA,AVION,"2 escala (SCL, LIM) - 33:05",True,2,13519.0,13519.0,13519.0
2026-08-05 12:01:16,VUELO,2026-08-05,MDZ,Mendoza,SRE,Sucre,LATAM AIRLINES GROUP,LA,437 / 890 / 1588,2026-08-05 19:50,2026-08-06 21:00,ECONOMICA,AVION,"2 escala (SCL, VVI) - 26:10",True,2,17605.0,17605.0,17605.0
2026-08-05 12:01:16,VUELO,2026-08-05,MDZ,Mendoza,VVI,Santa Cruz,LATAM AIRLINES GROUP,LA,437 / 890,2026-08-05 19:50,2026-08-06 10:29,ECONOMICA,AVION,1 escala (SCL) - 15:39,True,1,11057.0,11057.0,11057.0
2026-08-05 12:01:16,VUELO,2026-08-05,MDZ,Mendoza,VVI,Santa Cruz,LATAM AIRLINES GROUP,LA,437 / 528 / 2406,2026-08-05 19:50,2026-08-07 04:35,ECONOMICA,AVION,"2 escala (SCL, LIM) - 33:45",True,2,17232.0,17232.0,17232.0
2026-08-05 12:01:16,VUELO,2026-08-05,MDZ,Mendoza,VVI,Santa Cruz,LATAM AIRLINES GROUP,LA,437 / 2370 / 2406,2026-08-05 19:50,2026-08-07 04:35,ECONOMICA,AVION,"2 escala (SCL, LIM) - 33:45",True,2,17232.0,17232.0,17232.0
2026-08-05 12:01:16,VUELO,2026-08-05,MDZ,Mendoza,VVI,Santa Cruz,LATAM AIRLINES GROUP,LA,437 / 520 / 2406,2026-08-05 19:50,2026-08-07 04:35,ECONOMICA,AVION,"2 escala (SCL, LIM) - 33:45",True,2,17533.0,17533.0,17533.0
2026-08-05 12:01:16,VUELO,2026-08-05,MDZ,Mendoza,VVI,Santa Cruz,LATAM AIRLINES GROUP,LA,437 / 640 / 2406,2026-08-05 19:50,2026-08-07 04:35,ECONOMICA,AVION,"2 escala (SCL, LIM) - 33:45",True,2,17533.0,17533.0,17533.0
2026-08-05 12:01:16,VUELO,2026-08-05,MDZ,Mendoza,VVI,Santa Cruz,LATAM AIRLINES GROUP,LA,437 / 644 / 2406,2026-08-05 19:50,2026-08-07 04:35,ECONOMICA,AVION,"2 escala (SCL, LIM) - 33:45",True,2,17533.0,17533.0,17533.0
2026-08-05 12:01:16,VUELO,2026-08-05,MDZ,Mendoza,VVI,Santa Cruz,LATAM AIRLINES GROUP,LA,437 / 650 / 2406,2026-08-05 19:50,2026-08-07 04:35,ECONOMICA,AVION,"2 escala (SCL, LIM) - 33:45",True,2,17533.0,17533.0,17533.0
2026-08-05 12:01:16,VUELO,2026-08-05,MDZ,Mendoza,VVI,Santa Cruz,LATAM AIRLINES GROUP,LA,437 / 2412 / 2406,2026-08-05 19:50,2026-08-07 04:35,ECONOMICA,AVION,"2 escala (SCL, LIM) - 33:45",True,2,17533.0,17533.0,17533.0
2026-08-05 12:01:16,VUELO,2026-08-05,MDZ,Mendoza,VVI,Santa Cruz,LATAM AIRLINES GROUP,LA,437 / 2696 / 2406,2026-08-05 19:50,2026-08-07 04:35,ECONOMICA,AVION,"2 escala (SCL, LIM) - 33:45",True,2,17533.0,17533.0,17533.0
2026-08-05 12:01:16,VUELO,2026-08-05,MDZ,Mendoza,VVI,Santa Cruz,LATAM AIRLINES GROUP,LA,437 / 2370 / 741,2026-08-05 19:50,2026-08-07 04:30,ECONOMICA,AVION,"2 escala (SCL, LIM) - 33:40",True,2,18645.0,18645.0,18645.0
2026-08-05 12:01:16,VUELO,2026-08-05,MDZ,Mendoza,VVI,Santa Cruz,LATAM AIRLINES GROUP,LA,437 / 520 / 741,2026-08-05 19:50,2026-08-07 04:30,ECONOMICA,AVION,"2 escala (SCL, LIM) - 33:40",True,2,18946.0,18946.0,18946.0
2026-08-05 12:01:16,VUELO,2026-08-05,MDZ,Mendoza,VVI,Santa Cruz,LATAM AIRLINES GROUP,LA,437 / 2696 / 741,2026-08-05 19:50,2026-08-07 04:30,ECONOMICA,AVION,"2 escala (SCL, LIM) - 33:40",True,2,18946.0,18946.0,18946.0
2026-08-05 12:01:16,VUELO,2026-08-05,MDZ,Mendoza,LPB,La Paz,LATAM AIRLINES GROUP,LA,1425 / 2464 / 2400,2026-08-05 21:00,2026-08-07 03:55,ECONOMICA,AVION,"2 escala (AEP, LIM) - 31:55",True,2,24409.0,24409.0,24409.0
2026-08-05 12:01:16,VUELO,2026-08-05,VVI,Santa Cruz,EZE,Buenos Aires,BOLIVIANA DE AVIACION,OB,708,2026-08-05 13:00,2026-08-05 16:55,ECONOMICA,AVION,Directo (02:55),False,0,5988.0,5988.0,5988.0
2026-08-05 12:01:16,VUELO,2026-08-05,VVI,Santa Cruz,COR,Cordoba,LATAM AIRLINES GROUP,LA,748 / 2371 / 492,2026-08-05 20:00,2026-08-06 12:34,ECONOMICA,AVION,"2 escala (LIM, SCL) - 15:34",True,2,20414.0,20414.0,20414.0
2026-08-05 12:01:16,VUELO,2026-08-05,VVI,Santa Cruz,COR,Cordoba,LATAM AIRLINES GROUP,LA,748 / 523 / 492,2026-08-05 20:00,2026-08-06 12:34,ECONOMICA,AVION,"2 escala (LIM, SCL) - 15:34",True,2,21256.0,21256.0,21256.0
2026-08-05 12:01:16,VUELO,2026-08-05,VVI,Santa Cruz,COR,Cordoba,LATAM AIRLINES GROUP,LA,748 / 2431 / 492,2026-08-05 20:00,2026-08-06 12:34,ECONOMICA,AVION,"2 escala (LIM, SCL) - 15:34",True,2,21256.0,21256.0,21256.0
2026-08-05 12:01:16,VUELO,2026-08-05,VVI,Santa Cruz,EZE,Buenos Aires,LATAM AIRLINES GROUP,LA,748 / 523 / 542,2026-08-05 20:00,2026-08-06 11:30,ECONOMICA,AVION,"2 escala (LIM, SCL) - 14:30",True,2,24407.0,24407.0,24407.0
2026-08-05 12:01:16,VUELO,2026-08-05,VVI,Santa Cruz,EZE,Buenos Aires,LATAM AIRLINES GROUP,LA,748 / 529 / 542,2026-08-05 20:00,2026-08-06 11:30,ECONOMICA,AVION,"2 escala (LIM, SCL) - 14:30",True,2,24407.0,24407.0,24407.0
2026-08-05 12:01:16,VUELO,2026-08-05,VVI,Santa Cruz,EZE,Buenos Aires,LATAM AIRLINES GROUP,LA,748 / 2431 / 542,2026-08-05 20:00,2026-08-06 11:30,ECONOMICA,AVION,"2 escala (LIM, SCL) - 14:30",True,2,24407.0,24407.0,24407.0
2026-08-05 12:01:16,VUELO,2026-08-05,VVI,Santa Cruz,MDZ,Mendoza,LATAM AIRLINES GROUP,LA,748 / 523 / 434,2026-08-05 20:00,2026-08-06 11:06,ECONOMICA,AVION,"2 escala (LIM, SCL) - 14:06",True,2,20814.0,20814.0,20814.0
2026-08-05 12:01:16,VUELO,2026-08-05,VVI,Santa Cruz,MDZ,Mendoza,LATAM AIRLINES GROUP,LA,748 / 529 / 434,2026-08-05 20:00,2026-08-06 11:06,ECONOMICA,AVION,"2 escala (LIM, SCL) - 14:06",True,2,20814.0,20814.0,20814.0
2026-08-05 12:01:16,VUELO,2026-08-05,VVI,Santa Cruz,MDZ,Mendoza,LATAM AIRLINES GROUP,LA,748 / 523 / 436,2026-08-05 20:00,2026-08-06 19:03,ECONOMICA,AVION,"2 escala (LIM, SCL) - 22:03",True,2,20814.0,20814.0,20814.0
2026-08-05 12:01:16,VUELO,2026-08-05,VVI,Santa Cruz,MDZ,Mendoza,LATAM AIRLINES GROUP,LA,748 / 2445 / 436,2026-08-05 20:00,2026-08-06 19:03,ECONOMICA,AVION,"2 escala (LIM, SCL) - 22:03",True,2,20814.0,20814.0,20814.0
2026-08-05 12:01:16,VUELO,2026-08-05,VVI,Santa Cruz,MDZ,Mendoza,LATAM AIRLINES GROUP,LA,748 / 2431 / 434,2026-08-05 20:00,2026-08-06 11:06,ECONOMICA,AVION,"2 escala (LIM, SCL) - 14:06",True,2,20814.0,20814.0,20814.0
2026-08-05 12:01:16,VUELO,2026-08-05,VVI,Santa Cruz,MDZ,Mendoza,LATAM AIRLINES GROUP,LA,748 / 2431 / 436,2026-08-05 20:00,2026-08-06 19:03,ECONOMICA,AVION,"2 escala (LIM, SCL) - 22:03",True,2,20814.0,20814.0,20814.0
2026-08-05 12:01:16,VUELO,2026-08-05,VVI,Santa Cruz,MDZ,Mendoza,LATAM AIRLINES GROUP,LA,748 / 529 / 436,2026-08-05 20:00,2026-08-06 19:03,ECONOMICA,AVION,"2 escala (LIM, SCL) - 22:03",True,2,20919.0,20919.0,20919.0
2026-08-05 12:01:16,VUELO,2026-08-05,VVI,Santa Cruz,MDZ,Mendoza,LATAM AIRLINES GROUP,LA,748 / 2697 / 436,2026-08-05 20:00,2026-08-06 19:03,ECONOMICA,AVION,"2 escala (LIM, SCL) - 22:03",True,2,21658.0,21658.0,21658.0
2026-08-05 10:06:04,VUELO,2026-08-05,VVI,Santa Cruz,LPB,La Paz,BOLIVIANA DE AVIACION,OB,,2026-08-05 20:50,2026-08-05 21:55,ECONOMICA,AVION,0,,,1067.0,1067.0,1067.0
2026-08-05 12:01:16,VUELO,2026-08-05,VVI,Santa Cruz,CIJ,Cobija,BOLIVIANA DE AVIACION,OB,683 / 400,2026-08-05 20:50,2026-08-06 09:40,ECONOMICA,AVION,1 escala (LPB) - 12:50,True,1,2221.0,2221.0,2221.0
2026-08-05 12:01:16,VUELO,2026-08-05,VVI,Santa Cruz,COR,Cordoba,LATAM AIRLINES GROUP,LA,683 / 2401 / 2364,2026-08-05 20:50,2026-08-07 05:55,ECONOMICA,AVION,"2 escala (LPB, LIM) - 32:05",True,2,23218.0,23218.0,23218.0
2026-08-05 12:01:16,VUELO,2026-08-05,VVI,Santa Cruz,LPB,La Paz,BOLIVIANA DE AVIACION,OB,683,2026-08-05 20:50,2026-08-05 21:55,ECONOMICA,AVION,Directo (01:05),False,0,1067.0,1067.0,1067.0
2026-08-05 12:01:16,VUELO,2026-08-05,VVI,Santa Cruz,MDZ,Mendoza,LATAM AIRLINES GROUP,LA,683 / 2401 / 2435,2026-08-05 20:50,2026-08-07 06:25,ECONOMICA,AVION,"2 escala (LPB, LIM) - 32:35",True,2,23618.0,23618.0,23618.0
2026-08-05 10:06:04,VUELO,2026-08-05,VVI,SANTA CRUZ,CBB,COCHABAMBA,TAMep,2E,,2026-08-05 22:30,2026-08-05 23:20,ECONOMICA,AVION,0,,,713.0,713.0,713.0
2026-08-05 10:06:04,BUS,2026-08-06,COCHABAMBA,COCHABAMBA,LA PAZ,LA PAZ,EL DORADO,103,000,2026-08-06 06:00,2026-08-06 13:00,CAMA,CAMA 3 FILAS 40,7h 0m,,,0.0,0.0,0.0
2026-08-05 12:01:16,BUS,2026-08-06,COCHABAMBA,COCHABAMBA,LA PAZ,LA PAZ,EL DORADO,103,000,2026-08-06 06:00,2026-08-06 13:00,CAMA,CAMA 3 FILAS 40,Directo (7h 0m),False,0,0.0,0.0,0.0
2026-08-05 10:06:04,BUS,2026-08-06,COCHABAMBA,COCHABAMBA,LA PAZ,LA PAZ,EL DORADO,103,000,2026-08-06 07:00,2026-08-06 14:00,CAMA,CAMA 3 FILAS 40,7h 0m,,,0.0,0.0,0.0
2026-08-05 12:01:16,BUS,2026-08-06,COCHABAMBA,COCHABAMBA,LA PAZ,LA PAZ,EL DORADO,103,000,2026-08-06 07:00,2026-08-06 14:00,CAMA,CAMA 3 FILAS 40,Directo (7h 0m),False,0,0.0,0.0,0.0
2026-08-05 10:06:04,BUS,2026-08-06,COCHABAMBA,COCHABAMBA,LA PAZ,LA PAZ,EL DORADO,103,000,2026-08-06 08:00,2026-08-06 15:00,CAMA,CAMA 3 FILAS 40,7h 0m,,,0.0,0.0,0.0
2026-08-05 12:01:16,BUS,2026-08-06,COCHABAMBA,COCHABAMBA,LA PAZ,LA PAZ,EL DORADO,103,000,2026-08-06 08:00,2026-08-06 15:00,CAMA,CAMA 3 FILAS 40,Directo (7h 0m),False,0,0.0,0.0,0.0
2026-08-05 10:06:04,BUS,2026-08-06,COCHABAMBA,COCHABAMBA,LA PAZ,LA PAZ,BOLIVIA,113,000,2026-08-06 08:30,2026-08-06 16:00,CAMA,CAMA 40,7h 30m,,,0.0,0.0,0.0
2026-08-05 12:01:16,BUS,2026-08-06,COCHABAMBA,COCHABAMBA,LA PAZ,LA PAZ,BOLIVIA,113,000,2026-08-06 08:30,2026-08-06 16:00,CAMA,CAMA 40,Directo (7h 30m),False,0,0.0,0.0,0.0
2026-08-05 10:06:04,BUS,2026-08-06,COCHABAMBA,COCHABAMBA,LLALLAGUA,LLALLAGUA,BUSTILLO,127,2447CTR,2026-08-06 09:00,2026-08-06 17:30,CAMA,LEITO 40 DM,8h 30m,,,0.0,0.0,0.0
2026-08-05 12:01:16,BUS,2026-08-06,COCHABAMBA,COCHABAMBA,LLALLAGUA,LLALLAGUA,BUSTILLO,127,2447CTR,2026-08-06 09:00,2026-08-06 17:30,CAMA,LEITO 40 DM,Directo (8h 30m),False,0,0.0,0.0,0.0
2026-08-05 10:06:04,BUS,2026-08-06,COCHABAMBA,COCHABAMBA,LA PAZ,LA PAZ,EL DORADO,103,000,2026-08-06 10:00,2026-08-06 17:00,CAMA,CAMA 3 FILAS 40,7h 0m,,,0.0,0.0,0.0
2026-08-05 12:01:16,BUS,2026-08-06,COCHABAMBA,COCHABAMBA,LA PAZ,LA PAZ,EL DORADO,103,000,2026-08-06 10:00,2026-08-06 17:00,CAMA,CAMA 3 FILAS 40,Directo (7h 0m),False,0,0.0,0.0,0.0
2026-08-05 10:06:04,BUS,2026-08-06,COCHABAMBA,COCHABAMBA,LA PAZ,LA PAZ,BOLIVIA,113,000,2026-08-06 10:30,2026-08-06 18:00,CAMA,CAMA 40,7h 30m,,,0.0,0.0,0.0
2026-08-05 12:01:16,BUS,2026-08-06,COCHABAMBA,COCHABAMBA,LA PAZ,LA PAZ,BOLIVIA,113,000,2026-08-06 10:30,2026-08-06 18:00,CAMA,CAMA 40,Directo (7h 30m),False,0,0.0,0.0,0.0
2026-08-05 10:06:04,BUS,2026-08-06,COCHABAMBA,COCHABAMBA,LA PAZ,LA PAZ,EL DORADO,103,000,2026-08-06 13:00,2026-08-06 20:00,CAMA,CAMA 3 FILAS 40,7h 0m,,,0.0,0.0,0.0
2026-08-05 12:01:16,BUS,2026-08-06,COCHABAMBA,COCHABAMBA,LA PAZ,LA PAZ,EL DORADO,103,000,2026-08-06 13:00,2026-08-06 20:00,CAMA,CAMA 3 FILAS 40,Directo (7h 0m),False,0,0.0,0.0,0.0
2026-08-05 10:06:04,BUS,2026-08-06,COCHABAMBA,COCHABAMBA,LA PAZ,LA PAZ,BOLIVIA,113,000,2026-08-06 13:30,2026-08-06 21:00,CAMA,CAMA 40,7h 30m,,,0.0,0.0,0.0
2026-08-05 12:01:16,BUS,2026-08-06,COCHABAMBA,COCHABAMBA,LA PAZ,LA PAZ,BOLIVIA,113,000,2026-08-06 13:30,2026-08-06 21:00,CAMA,CAMA 40,Directo (7h 30m),False,0,0.0,0.0,0.0
2026-08-05 10:06:04,BUS,2026-08-06,COCHABAMBA,COCHABAMBA,LA PAZ,LA PAZ,EL DORADO,103,000,2026-08-06 15:00,2026-08-06 22:00,CAMA,CAMA 3 FILAS 40,7h 0m,,,0.0,0.0,0.0
2026-08-05 12:01:16,BUS,2026-08-06,COCHABAMBA,COCHABAMBA,LA PAZ,LA PAZ,EL DORADO,103,000,2026-08-06 15:00,2026-08-06 22:00,CAMA,CAMA 3 FILAS 40,Directo (7h 0m),False,0,0.0,0.0,0.0
2026-08-05 10:06:04,BUS,2026-08-06,COCHABAMBA,COCHABAMBA,LA PAZ,LA PAZ,BOLIVIA,113,000,2026-08-06 16:30,2026-08-07 00:00,CAMA,CAMA 40,7h 30m,,,0.0,0.0,0.0
2026-08-05 12:01:16,BUS,2026-08-06,COCHABAMBA,COCHABAMBA,LA PAZ,LA PAZ,BOLIVIA,113,000,2026-08-06 16:30,2026-08-07 00:00,CAMA,CAMA 40,Directo (7h 30m),False,0,0.0,0.0,0.0
2026-08-05 10:06:04,BUS,2026-08-06,COCHABAMBA,COCHABAMBA,LA PAZ,LA PAZ,EL DORADO,103,000,2026-08-06 17:00,2026-08-07 00:00,CAMA,CAMA 3 FILAS 40,7h 0m,,,0.0,0.0,0.0
2026-08-05 10:06:04,BUS,2026-08-06,COCHABAMBA,COCHABAMBA,TARIJA,TARIJA,TRANS COPACABANA S.A.,110,152,2026-08-06 17:00,2026-08-07 08:00,CAMA,CAMA TV 43,15h 0m,,,380.0,380.0,358.0
2026-08-05 12:01:16,BUS,2026-08-06,COCHABAMBA,COCHABAMBA,LA PAZ,LA PAZ,EL DORADO,103,000,2026-08-06 17:00,2026-08-07 00:00,CAMA,CAMA 3 FILAS 40,Directo (7h 0m),False,0,0.0,0.0,0.0
2026-08-05 12:01:16,BUS,2026-08-06,COCHABAMBA,COCHABAMBA,TARIJA,TARIJA,TRANS COPACABANA S.A.,110,152,2026-08-06 17:00,2026-08-07 08:00,CAMA,CAMA TV 43,Directo (15h 0m),False,0,380.0,380.0,358.0
2026-08-05 10:06:04,BUS,2026-08-06,COCHABAMBA,COCHABAMBA,SANTA CRUZ,SANTA CRUZ,TRANS COPACABANA S.A.,110,152,2026-08-06 19:00,2026-08-07 05:00,CAMA,CAMA TV 43,10h 0m,,,0.0,0.0,0.0
2026-08-05 12:01:16,BUS,2026-08-06,COCHABAMBA,COCHABAMBA,SANTA CRUZ,SANTA CRUZ,TRANS COPACABANA S.A.,110,152,2026-08-06 19:00,2026-08-07 05:00,CAMA,CAMA TV 43,Directo (10h 0m),False,0,0.0,0.0,0.0
2026-08-05 10:06:04,BUS,2026-08-06,COCHABAMBA,COCHABAMBA,SANTA CRUZ,SANTA CRUZ,TRANS COPACABANA S.A.,110,152,2026-08-06 20:00,2026-08-07 06:00,CAMA,CAMA TV 43,10h 0m,,,0.0,0.0,0.0
2026-08-05 10:06:04,BUS,2026-08-06,COCHABAMBA,COCHABAMBA,SANTA CRUZ,SANTA CRUZ,EL DORADO,103,000,2026-08-06 20:00,2026-08-07 08:00,CAMA,CAMA 3 FILAS 40,12h 0m,,,0.0,0.0,0.0
2026-08-05 12:01:16,BUS,2026-08-06,COCHABAMBA,COCHABAMBA,SANTA CRUZ,SANTA CRUZ,TRANS COPACABANA S.A.,110,152,2026-08-06 20:00,2026-08-07 06:00,CAMA,CAMA TV 43,Directo (10h 0m),False,0,0.0,0.0,0.0
2026-08-05 10:06:04,BUS,2026-08-06,COCHABAMBA,COCHABAMBA,LA PAZ,LA PAZ,EL DORADO,103,000,2026-08-06 20:30,2026-08-07 03:30,CAMA,CAMA 3 FILAS 40,7h 0m,,,0.0,0.0,0.0
2026-08-05 12:01:16,BUS,2026-08-06,COCHABAMBA,COCHABAMBA,LA PAZ,LA PAZ,EL DORADO,103,000,2026-08-06 20:30,2026-08-07 03:30,CAMA,CAMA 3 FILAS 40,Directo (7h 0m),False,0,0.0,0.0,0.0
2026-08-05 10:06:04,BUS,2026-08-06,COCHABAMBA,COCHABAMBA,LA PAZ,LA PAZ,EL DORADO,103,000,2026-08-06 21:00,2026-08-07 04:00,CAMA,CAMA 3 FILAS 40,7h 0m,,,0.0,0.0,0.0
2026-08-05 10:06:04,BUS,2026-08-06,COCHABAMBA,COCHABAMBA,POTOSI,POTOSI,EL DORADO,103,000,2026-08-06 21:00,2026-08-07 09:30,CAMA,CAMA 3 FILAS 40,12h 30m,,,0.0,0.0,0.0
2026-08-05 10:06:04,BUS,2026-08-06,COCHABAMBA,COCHABAMBA,POTOSI,POTOSI,FLOTA COPACABANA,167,6424 DNF,2026-08-06 21:00,2026-08-07 06:00,CAMA,CAMA 41 2P,9h 0m,,,0.0,0.0,0.0
2026-08-05 10:06:04,BUS,2026-08-06,COCHABAMBA,COCHABAMBA,POTOSI,POTOSI,TRANS COPACABANA S.A.,110,133,2026-08-06 21:00,2026-08-07 07:00,CAMA,CAMA DD 43,10h 0m,,,0.0,0.0,0.0
2026-08-05 10:06:04,BUS,2026-08-06,COCHABAMBA,COCHABAMBA,SANTA CRUZ,SANTA CRUZ,TRANS COPACABANA S.A.,110,152,2026-08-06 21:00,2026-08-07 07:00,CAMA,CAMA TV 43,10h 0m,,,0.0,0.0,0.0
2026-08-05 10:06:04,BUS,2026-08-06,COCHABAMBA,COCHABAMBA,SUCRE,SUCRE,EL DORADO,103,000,2026-08-06 21:00,2026-08-07 07:00,CAMA,CAMA 3 FILAS 40,10h 0m,,,0.0,0.0,0.0
2026-08-05 12:01:16,BUS,2026-08-06,COCHABAMBA,COCHABAMBA,LA PAZ,LA PAZ,EL DORADO,103,000,2026-08-06 21:00,2026-08-07 04:00,CAMA,CAMA 3 FILAS 40,Directo (7h 0m),False,0,0.0,0.0,0.0
2026-08-05 12:01:16,BUS,2026-08-06,COCHABAMBA,COCHABAMBA,POTOSI,POTOSI,FLOTA COPACABANA,167,6424 DNF,2026-08-06 21:00,2026-08-07 06:00,CAMA,CAMA 41 2P,Directo (9h 0m),False,0,0.0,0.0,0.0
2026-08-05 12:01:16,BUS,2026-08-06,COCHABAMBA,COCHABAMBA,POTOSI,POTOSI,TRANS COPACABANA S.A.,110,133,2026-08-06 21:00,2026-08-07 07:00,CAMA,CAMA DD 43,Directo (10h 0m),False,0,0.0,0.0,0.0
2026-08-05 12:01:16,BUS,2026-08-06,COCHABAMBA,COCHABAMBA,SANTA CRUZ,SANTA CRUZ,TRANS COPACABANA S.A.,110,152,2026-08-06 21:00,2026-08-07 07:00,CAMA,CAMA TV 43,Directo (10h 0m),False,0,0.0,0.0,0.0
2026-08-05 10:06:04,BUS,2026-08-06,COCHABAMBA,COCHABAMBA,LA PAZ,LA PAZ,TRANS COPACABANA S.A.,110,132,2026-08-06 21:30,2026-08-07 05:30,CAMA,CAMA D - PISO 43,8h 0m,,,0.0,0.0,0.0
2026-08-05 10:06:04,BUS,2026-08-06,COCHABAMBA,COCHABAMBA,LA PAZ,LA PAZ,BOLIVIA,113,000,2026-08-06 21:30,2026-08-07 05:00,CAMA,CAMA 40,7h 30m,,,0.0,0.0,0.0
2026-08-05 10:06:04,BUS,2026-08-06,COCHABAMBA,COCHABAMBA,LA PAZ,LA PAZ,EL DORADO,103,000,2026-08-06 21:30,2026-08-07 04:30,CAMA,CAMA 3 FILAS 40,7h 0m,,,0.0,0.0,0.0
2026-08-05 10:06:04,BUS,2026-08-06,COCHABAMBA,COCHABAMBA,SUCRE,SUCRE,TRANS COPACABANA S.A.,110,160,2026-08-06 21:30,2026-08-07 04:30,CAMA,CAMA TV 43,7h 0m,,,250.0,250.0,200.0
2026-08-05 12:01:16,BUS,2026-08-06,COCHABAMBA,COCHABAMBA,LA PAZ,LA PAZ,BOLIVIA,113,000,2026-08-06 21:30,2026-08-07 05:00,CAMA,CAMA 40,Directo (7h 30m),False,0,0.0,0.0,0.0
2026-08-05 12:01:16,BUS,2026-08-06,COCHABAMBA,COCHABAMBA,LA PAZ,LA PAZ,EL DORADO,103,000,2026-08-06 21:30,2026-08-07 04:30,CAMA,CAMA 3 FILAS 40,Directo (7h 0m),False,0,0.0,0.0,0.0
2026-08-05 12:01:16,BUS,2026-08-06,COCHABAMBA,COCHABAMBA,LA PAZ,LA PAZ,TRANS COPACABANA S.A.,110,132,2026-08-06 21:30,2026-08-07 05:30,CAMA,CAMA D - PISO 43,Directo (8h 0m),False,0,0.0,0.0,0.0
2026-08-05 12:01:16,BUS,2026-08-06,COCHABAMBA,COCHABAMBA,LLALLAGUA,LLALLAGUA,BUSTILLO,127,2896IUT,2026-08-06 21:30,2026-08-07 06:00,CAMA,LEITO 40 MR,Directo (8h 30m),False,0,0.0,0.0,0.0
2026-08-05 12:01:16,BUS,2026-08-06,COCHABAMBA,COCHABAMBA,SUCRE,SUCRE,TRANS COPACABANA S.A.,110,160,2026-08-06 21:30,2026-08-07 04:30,CAMA,CAMA TV 43,Directo (7h 0m),False,0,250.0,250.0,200.0
2026-08-05 10:06:04,BUS,2026-08-06,COCHABAMBA,COCHABAMBA,LA PAZ,LA PAZ,TRANS COPACABANA S.A.,110,000,2026-08-06 22:00,2026-08-07 06:00,NORMAL,CAMA 29 PANORAMICO,8h 0m,,,0.0,0.0,0.0
2026-08-05 10:06:04,BUS,2026-08-06,COCHABAMBA,COCHABAMBA,LA PAZ,LA PAZ,BOLIVIA,113,000,2026-08-06 22:00,2026-08-07 05:30,CAMA,CAMA 40,7h 30m,,,0.0,0.0,0.0
2026-08-05 10:06:04,BUS,2026-08-06,COCHABAMBA,COCHABAMBA,LA PAZ,LA PAZ,EL DORADO,103,000,2026-08-06 22:00,2026-08-07 05:00,CAMA,CAMA 3 FILAS 40,7h 0m,,,0.0,0.0,0.0
2026-08-05 12:01:16,BUS,2026-08-06,COCHABAMBA,COCHABAMBA,LA PAZ,LA PAZ,TRANS COPACABANA S.A.,110,000,2026-08-06 22:00,2026-08-07 06:00,NORMAL,CAMA 29 PANORAMICO,Directo (8h 0m),False,0,0.0,0.0,0.0
2026-08-05 12:01:16,BUS,2026-08-06,COCHABAMBA,COCHABAMBA,LA PAZ,LA PAZ,BOLIVIA,113,000,2026-08-06 22:00,2026-08-07 05:30,CAMA,CAMA 40,Directo (7h 30m),False,0,0.0,0.0,0.0
2026-08-05 12:01:16,BUS,2026-08-06,COCHABAMBA,COCHABAMBA,LA PAZ,LA PAZ,EL DORADO,103,000,2026-08-06 22:00,2026-08-07 05:00,CAMA,CAMA 3 FILAS 40,Directo (7h 0m),False,0,0.0,0.0,0.0
2026-08-05 10:06:04,BUS,2026-08-06,COCHABAMBA,COCHABAMBA,LA PAZ,LA PAZ,EL DORADO,103,000,2026-08-06 22:30,2026-08-07 05:30,CAMA,CAMA 3 FILAS 40,7h 0m,,,0.0,0.0,0.0
2026-08-05 10:06:04,BUS,2026-08-06,COCHABAMBA,COCHABAMBA,LA PAZ,LA PAZ,TRANS COPACABANA S.A.,110,000,2026-08-06 22:30,2026-08-07 06:30,NORMAL,CAMA 29 PANORAMICO,8h 0m,,,0.0,0.0,0.0
2026-08-05 12:01:16,BUS,2026-08-06,COCHABAMBA,COCHABAMBA,LA PAZ,LA PAZ,TRANS COPACABANA S.A.,110,000,2026-08-06 22:30,2026-08-07 06:30,NORMAL,CAMA 29 PANORAMICO,Directo (8h 0m),False,0,0.0,0.0,0.0
2026-08-05 12:01:16,BUS,2026-08-06,COCHABAMBA,COCHABAMBA,LA PAZ,LA PAZ,EL DORADO,103,000,2026-08-06 22:30,2026-08-07 05:30,CAMA,CAMA 3 FILAS 40,Directo (7h 0m),False,0,0.0,0.0,0.0
2026-08-05 10:06:04,BUS,2026-08-06,COCHABAMBA,COCHABAMBA,LA PAZ,LA PAZ,BOLIVIA,113,000,2026-08-06 22:45,2026-08-07 06:15,CAMA,CAMA 40,7h 30m,,,0.0,0.0,0.0
2026-08-05 10:06:04,BUS,2026-08-06,COCHABAMBA,COCHABAMBA,LA PAZ,LA PAZ,EL DORADO,103,SC,2026-08-06 22:45,2026-08-07 05:45,SUITE,CAMA 3 FILAS DE 30,7h 0m,,,0.0,0.0,0.0
2026-08-05 12:01:16,BUS,2026-08-06,COCHABAMBA,COCHABAMBA,LA PAZ,LA PAZ,EL DORADO,103,SC,2026-08-06 22:45,2026-08-07 05:45,SUITE,CAMA 3 FILAS DE 30,Directo (7h 0m),False,0,0.0,0.0,0.0
2026-08-05 12:01:16,BUS,2026-08-06,COCHABAMBA,COCHABAMBA,LA PAZ,LA PAZ,BOLIVIA,113,000,2026-08-06 22:45,2026-08-07 06:15,CAMA,CAMA 40,Directo (7h 30m),False,0,0.0,0.0,0.0
2026-08-05 10:06:04,BUS,2026-08-06,COCHABAMBA,COCHABAMBA,LA PAZ,LA PAZ,EL DORADO,103,000,2026-08-06 23:00,2026-08-07 06:00,CAMA,CAMA 3 FILAS 40,7h 0m,,,0.0,0.0,0.0
2026-08-05 12:01:16,BUS,2026-08-06,COCHABAMBA,COCHABAMBA,LA PAZ,LA PAZ,EL DORADO,103,000,2026-08-06 23:00,2026-08-07 06:00,CAMA,CAMA 3 FILAS 40,Directo (7h 0m),False,0,0.0,0.0,0.0
2026-08-05 10:06:04,BUS,2026-08-06,LA PAZ,LA PAZ,COCHABAMBA,COCHABAMBA,TRANS COPACABANA S.A.,110,133,2026-08-06 07:30,2026-08-06 15:30,CAMA,CAMA DD 43,8h 0m,,,0.0,0.0,0.0
2026-08-05 10:06:04,BUS,2026-08-06,LA PAZ,LA PAZ,COCHABAMBA,COCHABAMBA,EL DORADO,103,000,2026-08-06 07:30,2026-08-06 14:30,CAMA,CAMA 3 FILAS 40,7h 0m,,,0.0,0.0,0.0
2026-08-05 12:01:16,BUS,2026-08-06,LA PAZ,LA PAZ,COCHABAMBA,COCHABAMBA,TRANS COPACABANA S.A.,110,133,2026-08-06 07:30,2026-08-06 15:30,CAMA,CAMA DD 43,Directo (8h 0m),False,0,0.0,0.0,0.0
2026-08-05 12:01:16,BUS,2026-08-06,LA PAZ,LA PAZ,COCHABAMBA,COCHABAMBA,EL DORADO,103,000,2026-08-06 07:30,2026-08-06 14:30,CAMA,CAMA 3 FILAS 40,Directo (7h 0m),False,0,0.0,0.0,0.0
2026-08-05 10:06:04,BUS,2026-08-06,LA PAZ,LA PAZ,SUCRE,SUCRE,EL DORADO,103,SC,2026-08-06 08:30,2026-08-06 20:30,SUITE,SUITE Y CAMA 30,12h 0m,,,0.0,0.0,0.0
2026-08-05 12:01:16,BUS,2026-08-06,LA PAZ,LA PAZ,SUCRE,SUCRE,EL DORADO,103,SC,2026-08-06 08:30,2026-08-06 20:30,SUITE,SUITE Y CAMA 30,Directo (12h 0m),False,0,0.0,0.0,0.0
2026-08-05 10:06:04,BUS,2026-08-06,LA PAZ,LA PAZ,COCHABAMBA,COCHABAMBA,EL DORADO,103,DZT,2026-08-06 09:00,2026-08-06 16:00,CAMA,CAMA 3F 43 SCANIA 2013,7h 0m,,,0.0,0.0,0.0
2026-08-05 12:01:16,BUS,2026-08-06,LA PAZ,LA PAZ,COCHABAMBA,COCHABAMBA,EL DORADO,103,DZT,2026-08-06 09:00,2026-08-06 16:00,CAMA,CAMA 3F 43 SCANIA 2013,Directo (7h 0m),False,0,0.0,0.0,0.0
2026-08-05 10:06:04,BUS,2026-08-06,LA PAZ,LA PAZ,COCHABAMBA,COCHABAMBA,EL DORADO,103,000,2026-08-06 09:30,2026-08-06 16:30,CAMA,CAMA 3 FILAS 40,7h 0m,,,0.0,0.0,0.0
2026-08-05 12:01:16,BUS,2026-08-06,LA PAZ,LA PAZ,COCHABAMBA,COCHABAMBA,EL DORADO,103,000,2026-08-06 09:30,2026-08-06 16:30,CAMA,CAMA 3 FILAS 40,Directo (7h 0m),False,0,0.0,0.0,0.0
2026-08-05 10:06:04,BUS,2026-08-06,LA PAZ,LA PAZ,COCHABAMBA,COCHABAMBA,EL DORADO,103,FXX,2026-08-06 10:30,2026-08-06 17:30,CAMA,CAMA 3 FILAS 40,7h 0m,,,0.0,0.0,0.0
2026-08-05 12:01:16,BUS,2026-08-06,LA PAZ,LA PAZ,COCHABAMBA,COCHABAMBA,EL DORADO,103,FXX,2026-08-06 10:30,2026-08-06 17:30,CAMA,CAMA 3 FILAS 40,Directo (7h 0m),False,0,0.0,0.0,0.0
2026-08-05 10:06:04,BUS,2026-08-06,LA PAZ,LA PAZ,COCHABAMBA,COCHABAMBA,EL DORADO,103,000,2026-08-06 11:00,2026-08-06 18:00,CAMA,CAMA 3 FILAS 40,7h 0m,,,0.0,0.0,0.0
2026-08-05 12:01:16,BUS,2026-08-06,LA PAZ,LA PAZ,COCHABAMBA,COCHABAMBA,EL DORADO,103,000,2026-08-06 11:00,2026-08-06 18:00,CAMA,CAMA 3 FILAS 40,Directo (7h 0m),False,0,0.0,0.0,0.0
2026-08-05 10:06:04,BUS,2026-08-06,LA PAZ,LA PAZ,COCHABAMBA,COCHABAMBA,TRANS COPACABANA S.A.,110,131,2026-08-06 11:30,2026-08-06 19:30,CAMA,CAMA D - PISO 43,8h 0m,,,0.0,0.0,0.0
2026-08-05 12:01:16,BUS,2026-08-06,LA PAZ,LA PAZ,COCHABAMBA,COCHABAMBA,TRANS COPACABANA S.A.,110,131,2026-08-06 11:30,2026-08-06 19:30,CAMA,CAMA D - PISO 43,Directo (8h 0m),False,0,0.0,0.0,0.0
2026-08-05 10:06:04,BUS,2026-08-06,LA PAZ,LA PAZ,COCHABAMBA,COCHABAMBA,EL DORADO,103,HKU,2026-08-06 12:30,2026-08-06 19:30,CAMA,CAMA 3F 43 VOLVO 2018,7h 0m,,,0.0,0.0,0.0
2026-08-05 12:01:16,BUS,2026-08-06,LA PAZ,LA PAZ,COCHABAMBA,COCHABAMBA,EL DORADO,103,HKU,2026-08-06 12:30,2026-08-06 19:30,CAMA,CAMA 3F 43 VOLVO 2018,Directo (7h 0m),False,0,0.0,0.0,0.0
2026-08-05 10:06:04,BUS,2026-08-06,LA PAZ,LA PAZ,BUENOS AIRES,BUENOS AIRES,ROYAL CLASS,144,4712HLK,2026-08-06 13:00,2026-08-08 01:00,CAMA,LEITO 3 FILAS,36h 0m,,,1200.0,1300.0,800.0
2026-08-05 10:06:04,BUS,2026-08-06,LA PAZ,LA PAZ,SANTA CRUZ,SANTA CRUZ,EL DORADO,103,000,2026-08-06 13:00,2026-08-07 06:00,CAMA,CAMA 3 FILAS 40,17h 0m,,,0.0,0.0,0.0
2026-08-05 12:01:16,BUS,2026-08-06,LA PAZ,LA PAZ,BUENOS AIRES,BUENOS AIRES,ROYAL CLASS,144,4712HLK,2026-08-06 13:00,2026-08-08 01:00,CAMA,LEITO 3 FILAS,Directo (36h 0m),False,0,1100.0,1300.0,800.0
2026-08-05 12:01:16,BUS,2026-08-06,LA PAZ,LA PAZ,SANTA CRUZ,SANTA CRUZ,EL DORADO,103,000,2026-08-06 13:00,2026-08-07 06:00,CAMA,CAMA 3 FILAS 40,Directo (17h 0m),False,0,0.0,0.0,0.0
2026-08-05 10:06:04,BUS,2026-08-06,LA PAZ,LA PAZ,COCHABAMBA,COCHABAMBA,EL DORADO,103,KZR1,2026-08-06 14:00,2026-08-06 21:00,CAMA,CAMPREM3F43SCANIA2024,7h 0m,,,0.0,0.0,0.0
2026-08-05 10:06:04,BUS,2026-08-06,LA PAZ,LA PAZ,SANTA CRUZ,SANTA CRUZ,TRANS COPACABANA S.A.,110,142,2026-08-06 14:00,2026-08-07 07:00,CAMA,CAMA TV 43,17h 0m,,,0.0,0.0,0.0
2026-08-05 10:06:04,BUS,2026-08-06,LA PAZ,LA PAZ,VILLAZON,VILLAZON,ILLIMANI,179,1054UHU,2026-08-06 14:00,2026-08-07 01:25,CAMA,CAMA 32 3F,11h 25m,,,0.0,0.0,0.0
2026-08-05 12:01:16,BUS,2026-08-06,LA PAZ,LA PAZ,COCHABAMBA,COCHABAMBA,EL DORADO,103,KZR1,2026-08-06 14:00,2026-08-06 21:00,CAMA,CAMPREM3F43SCANIA2024,Directo (7h 0m),False,0,0.0,0.0,0.0
2026-08-05 12:01:16,BUS,2026-08-06,LA PAZ,LA PAZ,SANTA CRUZ,SANTA CRUZ,TRANS COPACABANA S.A.,110,142,2026-08-06 14:00,2026-08-07 07:00,CAMA,CAMA TV 43,Directo (17h 0m),False,0,0.0,0.0,0.0
2026-08-05 12:01:16,BUS,2026-08-06,LA PAZ,LA PAZ,VILLAZON,VILLAZON,ILLIMANI,179,1054UHU,2026-08-06 14:00,2026-08-07 01:25,CAMA,CAMA 32 3F,Directo (11h 25m),False,0,0.0,0.0,0.0
2026-08-05 10:06:04,BUS,2026-08-06,LA PAZ,LA PAZ,COCHABAMBA,COCHABAMBA,EL DORADO,103,000,2026-08-06 15:30,2026-08-06 22:30,CAMA,CAMA 3 FILAS 40,7h 0m,,,0.0,0.0,0.0
2026-08-05 12:01:16,BUS,2026-08-06,LA PAZ,LA PAZ,COCHABAMBA,COCHABAMBA,EL DORADO,103,000,2026-08-06 15:30,2026-08-06 22:30,CAMA,CAMA 3 FILAS 40,Directo (7h 0m),False,0,0.0,0.0,0.0
2026-08-05 10:06:04,BUS,2026-08-06,LA PAZ,LA PAZ,COCHABAMBA,COCHABAMBA,TRANS COPACABANA S.A.,110,118,2026-08-06 16:00,2026-08-07 00:00,CAMA,CAMA DD - PISO  43,8h 0m,,,0.0,0.0,0.0
2026-08-05 12:01:16,BUS,2026-08-06,LA PAZ,LA PAZ,COCHABAMBA,COCHABAMBA,TRANS COPACABANA S.A.,110,118,2026-08-06 16:00,2026-08-07 00:00,CAMA,CAMA DD - PISO  43,Directo (8h 0m),False,0,0.0,0.0,0.0
2026-08-05 10:06:04,BUS,2026-08-06,LA PAZ,LA PAZ,SANTA CRUZ,SANTA CRUZ,TRANS COPACABANA S.A.,110,148,2026-08-06 16:30,2026-08-07 09:30,CAMA,CAMA TV 43,17h 0m,,,0.0,0.0,0.0
2026-08-05 12:01:16,BUS,2026-08-06,LA PAZ,LA PAZ,SANTA CRUZ,SANTA CRUZ,TRANS COPACABANA S.A.,110,148,2026-08-06 16:30,2026-08-07 09:30,CAMA,CAMA TV 43,Directo (17h 0m),False,0,0.0,0.0,0.0
2026-08-05 10:06:04,BUS,2026-08-06,LA PAZ,LA PAZ,COCHABAMBA,COCHABAMBA,EL DORADO,103,000,2026-08-06 17:00,2026-08-07 00:00,CAMA,CAMA 3 FILAS 40,7h 0m,,,0.0,0.0,0.0
2026-08-05 10:06:04,BUS,2026-08-06,LA PAZ,LA PAZ,SANTA CRUZ,SANTA CRUZ,EL DORADO,103,000,2026-08-06 17:00,2026-08-07 10:00,CAMA,CAMA 3 FILAS 40,17h 0m,,,0.0,0.0,0.0
2026-08-05 12:01:16,BUS,2026-08-06,LA PAZ,LA PAZ,COCHABAMBA,COCHABAMBA,EL DORADO,103,000,2026-08-06 17:00,2026-08-07 00:00,CAMA,CAMA 3 FILAS 40,Directo (7h 0m),False,0,0.0,0.0,0.0
2026-08-05 12:01:16,BUS,2026-08-06,LA PAZ,LA PAZ,SANTA CRUZ,SANTA CRUZ,EL DORADO,103,000,2026-08-06 17:00,2026-08-07 10:00,CAMA,CAMA 3 FILAS 40,Directo (17h 0m),False,0,0.0,0.0,0.0
2026-08-05 10:06:04,BUS,2026-08-06,LA PAZ,LA PAZ,SANTA CRUZ,SANTA CRUZ,TRANS COPACABANA S.A.,110,155,2026-08-06 17:30,2026-08-07 10:30,CAMA,CAMA TV 43,17h 0m,,,0.0,0.0,0.0
2026-08-05 12:01:16,BUS,2026-08-06,LA PAZ,LA PAZ,SANTA CRUZ,SANTA CRUZ,TRANS COPACABANA S.A.,110,155,2026-08-06 17:30,2026-08-07 10:30,CAMA,CAMA TV 43,Directo (17h 0m),False,0,0.0,0.0,0.0
2026-08-05 10:06:04,BUS,2026-08-06,LA PAZ,LA PAZ,SUCRE,SUCRE,ILLIMANI,179,2181 BUA,2026-08-06 18:30,2026-08-07 03:52,CAMA,2181 BUA CAMA,9h 22m,,,0.0,0.0,0.0
2026-08-05 10:06:04,BUS,2026-08-06,LA PAZ,LA PAZ,TARIJA,TARIJA,TRANS COPACABANA S.A.,110,174,2026-08-06 18:30,2026-08-07 11:30,CAMA,CAMA TV 43,17h 0m,,,0.0,0.0,0.0
2026-08-05 12:01:16,BUS,2026-08-06,LA PAZ,LA PAZ,TARIJA,TARIJA,TRANS COPACABANA S.A.,110,174,2026-08-06 18:30,2026-08-07 11:30,CAMA,CAMA TV 43,Directo (17h 0m),False,0,0.0,0.0,0.0
2026-08-05 10:06:04,BUS,2026-08-06,LA PAZ,LA PAZ,COCHABAMBA,COCHABAMBA,EL DORADO,103,000,2026-08-06 19:00,2026-08-07 02:00,CAMA,CAMA 3 FILAS 40,7h 0m,,,0.0,0.0,0.0
2026-08-05 10:06:04,BUS,2026-08-06,LA PAZ,LA PAZ,SANTA CRUZ,SANTA CRUZ,TRANS COPACABANA S.A.,110,155,2026-08-06 19:00,2026-08-07 12:00,CAMA,CAMA TV 43,17h 0m,,,0.0,0.0,0.0
2026-08-05 10:06:04,BUS,2026-08-06,LA PAZ,LA PAZ,SUCRE,SUCRE,EL MEXICANO,206,2804 ZLI,2026-08-06 19:00,2026-08-07 07:00,CAMA,CAMA 40 ASIENTOS,12h 0m,,,200.0,230.0,150.0
2026-08-05 10:06:04,BUS,2026-08-06,LA PAZ,LA PAZ,TARIJA,TARIJA,ROYAL CLASS,144,5310UIG,2026-08-06 19:00,2026-08-07 10:00,CAMA,SUITE - CAMA,15h 0m,,,400.0,400.0,300.0
2026-08-05 12:01:16,BUS,2026-08-06,LA PAZ,LA PAZ,COCHABAMBA,COCHABAMBA,EL DORADO,103,000,2026-08-06 19:00,2026-08-07 02:00,CAMA,CAMA 3 FILAS 40,Directo (7h 0m),False,0,0.0,0.0,0.0
2026-08-05 12:01:16,BUS,2026-08-06,LA PAZ,LA PAZ,SANTA CRUZ,SANTA CRUZ,TRANS COPACABANA S.A.,110,155,2026-08-06 19:00,2026-08-07 12:00,CAMA,CAMA TV 43,Directo (17h 0m),False,0,0.0,0.0,0.0
2026-08-05 12:01:16,BUS,2026-08-06,LA PAZ,LA PAZ,SUCRE,SUCRE,EL MEXICANO,206,2804 ZLI,2026-08-06 19:00,2026-08-07 07:00,CAMA,CAMA 40 ASIENTOS,Directo (12h 0m),False,0,200.0,230.0,150.0
2026-08-05 12:01:16,BUS,2026-08-06,LA PAZ,LA PAZ,TARIJA,TARIJA,ROYAL CLASS,144,5310UIG,2026-08-06 19:00,2026-08-07 10:00,CAMA,SUITE - CAMA,Directo (15h 0m),False,0,400.0,400.0,300.0
2026-08-05 10:06:04,BUS,2026-08-06,LA PAZ,LA PAZ,SANTA CRUZ,SANTA CRUZ,EL DORADO,103,000,2026-08-06 19:30,2026-08-07 12:30,CAMA,CAMA 3 FILAS 40,17h 0m,,,0.0,0.0,0.0
2026-08-05 10:06:04,BUS,2026-08-06,LA PAZ,LA PAZ,SUCRE,SUCRE,TRANS COPACABANA S.A.,110,129,2026-08-06 19:30,2026-08-07 07:30,CAMA,CAMA D - PISO 43,12h 0m,,,0.0,0.0,0.0
2026-08-05 10:06:04,BUS,2026-08-06,LA PAZ,LA PAZ,VILLAZON,VILLAZON,ILLIMANI,179,1520 YGR,2026-08-06 19:30,2026-08-07 06:55,CAMA,CAMA YGR,11h 25m,,,0.0,0.0,0.0
2026-08-05 12:01:16,BUS,2026-08-06,LA PAZ,LA PAZ,SANTA CRUZ,SANTA CRUZ,EL DORADO,103,000,2026-08-06 19:30,2026-08-07 12:30,CAMA,CAMA 3 FILAS 40,Directo (17h 0m),False,0,0.0,0.0,0.0
2026-08-05 12:01:16,BUS,2026-08-06,LA PAZ,LA PAZ,SUCRE,SUCRE,TRANS COPACABANA S.A.,110,129,2026-08-06 19:30,2026-08-07 07:30,CAMA,CAMA D - PISO 43,Directo (12h 0m),False,0,0.0,0.0,0.0
2026-08-05 12:01:16,BUS,2026-08-06,LA PAZ,LA PAZ,VILLAZON,VILLAZON,ILLIMANI,179,1520 YGR,2026-08-06 19:30,2026-08-07 06:55,CAMA,CAMA YGR,Directo (11h 25m),False,0,0.0,0.0,0.0
2026-08-05 10:06:04,BUS,2026-08-06,LA PAZ,LA PAZ,COCHABAMBA,COCHABAMBA,TRANS COPACABANA S.A.,110,124,2026-08-06 20:30,2026-08-07 04:30,CAMA,CAMA DD - PISO  43,8h 0m,,,0.0,0.0,0.0
2026-08-05 10:06:04,BUS,2026-08-06,LA PAZ,LA PAZ,COCHABAMBA,COCHABAMBA,EL DORADO,103,000,2026-08-06 20:30,2026-08-07 03:30,CAMA,CAMA 3 FILAS 40,7h 0m,,,0.0,0.0,0.0
2026-08-05 12:01:16,BUS,2026-08-06,LA PAZ,LA PAZ,COCHABAMBA,COCHABAMBA,TRANS COPACABANA S.A.,110,124,2026-08-06 20:30,2026-08-07 04:30,CAMA,CAMA DD - PISO  43,Directo (8h 0m),False,0,0.0,0.0,0.0
2026-08-05 12:01:16,BUS,2026-08-06,LA PAZ,LA PAZ,COCHABAMBA,COCHABAMBA,EL DORADO,103,000,2026-08-06 20:30,2026-08-07 03:30,CAMA,CAMA 3 FILAS 40,Directo (7h 0m),False,0,0.0,0.0,0.0
2026-08-05 10:06:04,BUS,2026-08-06,LA PAZ,LA PAZ,COCHABAMBA,COCHABAMBA,EL DORADO,103,000,2026-08-06 21:00,2026-08-07 04:00,CAMA,CAMA 3 FILAS 40,7h 0m,,,0.0,0.0,0.0
2026-08-05 10:06:04,BUS,2026-08-06,LA PAZ,LA PAZ,POTOSI,POTOSI,TRANS COPACABANA S.A.,110,130,2026-08-06 21:00,2026-08-07 06:00,CAMA,CAMA D - PISO 43,9h 0m,,,0.0,0.0,0.0
2026-08-05 12:01:16,BUS,2026-08-06,LA PAZ,LA PAZ,COCHABAMBA,COCHABAMBA,EL DORADO,103,000,2026-08-06 21:00,2026-08-07 04:00,CAMA,CAMA 3 FILAS 40,Directo (7h 0m),False,0,0.0,0.0,0.0
2026-08-05 12:01:16,BUS,2026-08-06,LA PAZ,LA PAZ,POTOSI,POTOSI,TRANS COPACABANA S.A.,110,130,2026-08-06 21:00,2026-08-07 06:00,CAMA,CAMA D - PISO 43,Directo (9h 0m),False,0,0.0,0.0,0.0
2026-08-05 10:06:04,BUS,2026-08-06,LA PAZ,LA PAZ,COCHABAMBA,COCHABAMBA,TRANS COPACABANA S.A.,110,132,2026-08-06 21:30,2026-08-07 05:30,CAMA,CAMA D - PISO 43,8h 0m,,,0.0,0.0,0.0
2026-08-05 10:06:04,BUS,2026-08-06,LA PAZ,LA PAZ,COCHABAMBA,COCHABAMBA,EL DORADO,103,000,2026-08-06 21:30,2026-08-07 04:30,CAMA,CAMA 3 FILAS 40,7h 0m,,,0.0,0.0,0.0
2026-08-05 10:06:04,BUS,2026-08-06,LA PAZ,LA PAZ,POTOSI,POTOSI,EL DORADO,103,000,2026-08-06 21:30,2026-08-07 06:30,CAMA,CAMA 3 FILAS 40,9h 0m,,,0.0,0.0,0.0
2026-08-05 12:01:16,BUS,2026-08-06,LA PAZ,LA PAZ,COCHABAMBA,COCHABAMBA,TRANS COPACABANA S.A.,110,132,2026-08-06 21:30,2026-08-07 05:30,CAMA,CAMA D - PISO 43,Directo (8h 0m),False,0,0.0,0.0,0.0
2026-08-05 12:01:16,BUS,2026-08-06,LA PAZ,LA PAZ,COCHABAMBA,COCHABAMBA,EL DORADO,103,000,2026-08-06 21:30,2026-08-07 04:30,CAMA,CAMA 3 FILAS 40,Directo (7h 0m),False,0,0.0,0.0,0.0
2026-08-05 12:01:16,BUS,2026-08-06,LA PAZ,LA PAZ,POTOSI,POTOSI,EL DORADO,103,000,2026-08-06 21:30,2026-08-07 06:30,CAMA,CAMA 3 FILAS 40,Directo (9h 0m),False,0,0.0,0.0,0.0
2026-08-05 10:06:04,BUS,2026-08-06,LA PAZ,LA PAZ,COCHABAMBA,COCHABAMBA,TRANS COPACABANA S.A.,110,128,2026-08-06 22:00,2026-08-07 06:00,CAMA,CAMA D - PISO 43,8h 0m,,,0.0,0.0,0.0
2026-08-05 10:06:04,BUS,2026-08-06,LA PAZ,LA PAZ,COCHABAMBA,COCHABAMBA,EL DORADO,103,000,2026-08-06 22:00,2026-08-07 05:00,CAMA,CAMA 3 FILAS 40,7h 0m,,,0.0,0.0,0.0
2026-08-05 12:01:16,BUS,2026-08-06,LA PAZ,LA PAZ,COCHABAMBA,COCHABAMBA,TRANS COPACABANA S.A.,110,128,2026-08-06 22:00,2026-08-07 06:00,CAMA,CAMA D - PISO 43,Directo (8h 0m),False,0,0.0,0.0,0.0
2026-08-05 12:01:16,BUS,2026-08-06,LA PAZ,LA PAZ,COCHABAMBA,COCHABAMBA,EL DORADO,103,000,2026-08-06 22:00,2026-08-07 05:00,CAMA,CAMA 3 FILAS 40,Directo (7h 0m),False,0,0.0,0.0,0.0
2026-08-05 10:06:04,BUS,2026-08-06,LA PAZ,LA PAZ,COCHABAMBA,COCHABAMBA,TRANS COPACABANA S.A.,110,170,2026-08-06 22:30,2026-08-07 06:30,CAMA,CAMA TV 46,8h 0m,,,0.0,0.0,0.0
2026-08-05 10:06:04,BUS,2026-08-06,LA PAZ,LA PAZ,COCHABAMBA,COCHABAMBA,EL DORADO,103,000,2026-08-06 22:30,2026-08-07 05:30,CAMA,CAMA 3 FILAS 40,7h 0m,,,0.0,0.0,0.0
2026-08-05 12:01:16,BUS,2026-08-06,LA PAZ,LA PAZ,COCHABAMBA,COCHABAMBA,TRANS COPACABANA S.A.,110,170,2026-08-06 22:30,2026-08-07 06:30,CAMA,CAMA TV 46,Directo (8h 0m),False,0,0.0,0.0,0.0
2026-08-05 12:01:16,BUS,2026-08-06,LA PAZ,LA PAZ,COCHABAMBA,COCHABAMBA,EL DORADO,103,000,2026-08-06 22:30,2026-08-07 05:30,CAMA,CAMA 3 FILAS 40,Directo (7h 0m),False,0,0.0,0.0,0.0
2026-08-05 10:06:04,BUS,2026-08-06,LA PAZ,LA PAZ,COCHABAMBA,COCHABAMBA,TRANS COPACABANA S.A.,110,136,2026-08-06 23:00,2026-08-07 07:00,CAMA,CAMA DD 43,8h 0m,,,0.0,0.0,0.0
2026-08-05 10:06:04,BUS,2026-08-06,LA PAZ,LA PAZ,COCHABAMBA,COCHABAMBA,EL DORADO,103,000,2026-08-06 23:00,2026-08-07 06:00,CAMA,CAMA 3 FILAS 40,7h 0m,,,0.0,0.0,0.0
2026-08-05 12:01:16,BUS,2026-08-06,LA PAZ,LA PAZ,COCHABAMBA,COCHABAMBA,TRANS COPACABANA S.A.,110,136,2026-08-06 23:00,2026-08-07 07:00,CAMA,CAMA DD 43,Directo (8h 0m),False,0,0.0,0.0,0.0
2026-08-05 12:01:16,BUS,2026-08-06,LA PAZ,LA PAZ,COCHABAMBA,COCHABAMBA,EL DORADO,103,000,2026-08-06 23:00,2026-08-07 06:00,CAMA,CAMA 3 FILAS 40,Directo (7h 0m),False,0,0.0,0.0,0.0
2026-08-05 12:01:16,BUS,2026-08-06,ORURO,ORURO,LA PAZ,LA PAZ,IMPERIAL,138,3069IUF,2026-08-06 07:30,2026-08-06 11:00,CAMA,BUS CAMA 43,Directo (3h 30m),False,0,0.0,0.0,0.0
2026-08-05 10:06:04,BUS,2026-08-06,ORURO,ORURO,COCHABAMBA,COCHABAMBA,TRANS COPACABANA S.A.,110,112,2026-08-06 08:30,2026-08-06 13:30,CAMA,CAMA DD - PISO  43,5h 0m,,,0.0,0.0,0.0
2026-08-05 12:01:16,BUS,2026-08-06,ORURO,ORURO,COCHABAMBA,COCHABAMBA,TRANS COPACABANA S.A.,110,112,2026-08-06 08:30,2026-08-06 13:30,CAMA,CAMA DD - PISO  43,Directo (5h 0m),False,0,0.0,0.0,0.0
2026-08-05 10:06:04,BUS,2026-08-06,ORURO,ORURO,COCHABAMBA,COCHABAMBA,TRANS COPACABANA S.A.,110,146,2026-08-06 10:00,2026-08-06 15:00,CAMA,CAMA TV 43,5h 0m,,,0.0,0.0,0.0
2026-08-05 12:01:16,BUS,2026-08-06,ORURO,ORURO,COCHABAMBA,COCHABAMBA,TRANS COPACABANA S.A.,110,146,2026-08-06 10:00,2026-08-06 15:00,CAMA,CAMA TV 43,Directo (5h 0m),False,0,0.0,0.0,0.0
2026-08-05 10:06:04,BUS,2026-08-06,ORURO,ORURO,COCHABAMBA,COCHABAMBA,TRANS COPACABANA S.A.,110,114,2026-08-06 16:00,2026-08-06 21:00,CAMA,CAMA DD - PISO  43,5h 0m,,,0.0,0.0,0.0
2026-08-05 12:01:16,BUS,2026-08-06,ORURO,ORURO,COCHABAMBA,COCHABAMBA,TRANS COPACABANA S.A.,110,114,2026-08-06 16:00,2026-08-06 21:00,CAMA,CAMA DD - PISO  43,Directo (5h 0m),False,0,0.0,0.0,0.0
2026-08-05 12:01:16,BUS,2026-08-06,ORURO,ORURO,COCHABAMBA,COCHABAMBA,TRANS COPACABANA S.A.,110,112,2026-08-06 16:00,2026-08-06 21:00,CAMA,CAMA DD - PISO  43,Directo (5h 0m),False,0,0.0,0.0,0.0
2026-08-05 10:06:04,BUS,2026-08-06,ORURO,ORURO,SANTA CRUZ,SANTA CRUZ,TRANS COPACABANA S.A.,110,166,2026-08-06 17:30,2026-08-07 08:30,CAMA,CAMA TV 43,15h 0m,,,0.0,0.0,0.0
2026-08-05 12:01:16,BUS,2026-08-06,ORURO,ORURO,SANTA CRUZ,SANTA CRUZ,TRANS COPACABANA S.A.,110,166,2026-08-06 17:30,2026-08-07 08:30,CAMA,CAMA TV 43,Directo (15h 0m),False,0,0.0,0.0,0.0
2026-08-05 10:06:04,BUS,2026-08-06,ORURO,ORURO,COCHABAMBA,COCHABAMBA,TRANS COPACABANA S.A.,110,114,2026-08-06 19:00,2026-08-07 00:00,CAMA,CAMA DD - PISO  43,5h 0m,,,0.0,0.0,0.0
2026-08-05 12:01:16,BUS,2026-08-06,ORURO,ORURO,COCHABAMBA,COCHABAMBA,TRANS COPACABANA S.A.,110,114,2026-08-06 19:00,2026-08-07 00:00,CAMA,CAMA DD - PISO  43,Directo (5h 0m),False,0,0.0,0.0,0.0
2026-08-05 10:06:04,BUS,2026-08-06,ORURO,ORURO,SUCRE,SUCRE,SAN MIGUEL,124,455IYA,2026-08-06 20:30,2026-08-07 05:30,CAMA,4551 IYA,9h 0m,,,0.0,0.0,0.0
2026-08-05 12:01:16,BUS,2026-08-06,ORURO,ORURO,SUCRE,SUCRE,SAN MIGUEL,124,455IYA,2026-08-06 20:30,2026-08-07 05:30,CAMA,4551 IYA,Directo (9h 0m),False,0,0.0,0.0,0.0
2026-08-05 10:06:04,BUS,2026-08-06,ORURO,ORURO,SUCRE,SUCRE,SAN MIGUEL,124,3115UXD,2026-08-06 22:30,2026-08-07 07:30,CAMA,3115 UXD,9h 0m,,,0.0,0.0,0.0
2026-08-05 12:01:16,BUS,2026-08-06,ORURO,ORURO,SUCRE,SUCRE,SAN MIGUEL,124,3115UXD,2026-08-06 22:30,2026-08-07 07:30,CAMA,3115 UXD,Directo (9h 0m),False,0,0.0,0.0,0.0
2026-08-05 10:06:04,BUS,2026-08-06,POTOSI,POTOSI,COCHABAMBA,COCHABAMBA,FLOTA COPACABANA,167,3024 LBF,2026-08-06 21:00,2026-08-07 06:00,CAMA,CAMA MIX 47,9h 0m,,,0.0,0.0,0.0
2026-08-05 10:06:04,BUS,2026-08-06,POTOSI,POTOSI,LA PAZ,LA PAZ,FLOTA COPACABANA,167,5316 FHT,2026-08-06 21:00,2026-08-07 05:30,CAMA,CAMA 41 2P,8h 30m,,,0.0,0.0,0.0
2026-08-05 12:01:16,BUS,2026-08-06,POTOSI,POTOSI,COCHABAMBA,COCHABAMBA,FLOTA COPACABANA,167,4756 SIX,2026-08-06 21:00,2026-08-07 06:00,CAMA,CAMA 41 2P,Directo (9h 0m),False,0,0.0,0.0,0.0
2026-08-05 12:01:16,BUS,2026-08-06,POTOSI,POTOSI,COCHABAMBA,COCHABAMBA,FLOTA COPACABANA,167,3024 LBF,2026-08-06 21:00,2026-08-07 06:00,CAMA,CAMA MIX 47,Directo (9h 0m),False,0,0.0,0.0,0.0
2026-08-05 12:01:16,BUS,2026-08-06,POTOSI,POTOSI,LA PAZ,LA PAZ,FLOTA COPACABANA,167,5316 FHT,2026-08-06 21:00,2026-08-07 05:30,CAMA,CAMA 41 2P,Directo (8h 30m),False,0,0.0,0.0,0.0
2026-08-05 10:06:04,BUS,2026-08-06,POTOSI,POTOSI,COCHABAMBA,COCHABAMBA,TRANS COPACABANA S.A.,110,137,2026-08-06 21:30,2026-08-07 07:30,CAMA,CAMA TV 43,10h 0m,,,0.0,0.0,0.0
2026-08-05 12:01:16,BUS,2026-08-06,POTOSI,POTOSI,COCHABAMBA,COCHABAMBA,TRANS COPACABANA S.A.,110,137,2026-08-06 21:30,2026-08-07 07:30,CAMA,CAMA TV 43,Directo (10h 0m),False,0,0.0,0.0,0.0
2026-08-05 10:06:04,BUS,2026-08-06,POTOSI,POTOSI,LA PAZ,LA PAZ,TRANS COPACABANA S.A.,110,154,2026-08-06 22:00,2026-08-07 07:00,CAMA,CAMA TV 43,9h 0m,,,0.0,0.0,0.0
2026-08-05 12:01:16,BUS,2026-08-06,POTOSI,POTOSI,LA PAZ,LA PAZ,TRANS COPACABANA S.A.,110,154,2026-08-06 22:00,2026-08-07 07:00,CAMA,CAMA TV 43,Directo (9h 0m),False,0,0.0,0.0,0.0
2026-08-05 10:06:04,BUS,2026-08-06,SANTA CRUZ,SANTA CRUZ,COCHABAMBA,COCHABAMBA,TRANS COPACABANA S.A.,110,145,2026-08-06 08:30,2026-08-06 18:30,CAMA,CAMA TV 43,10h 0m,,,0.0,0.0,0.0
2026-08-05 12:01:16,BUS,2026-08-06,SANTA CRUZ,SANTA CRUZ,COCHABAMBA,COCHABAMBA,TRANS COPACABANA S.A.,110,145,2026-08-06 08:30,2026-08-06 18:30,CAMA,CAMA TV 43,Directo (10h 0m),False,0,0.0,0.0,0.0
2026-08-05 10:06:04,BUS,2026-08-06,SANTA CRUZ,SANTA CRUZ,LA PAZ,LA PAZ,EL DORADO,103,000,2026-08-06 11:30,2026-08-07 04:30,CAMA,CAMA 3 FILAS 40,17h 0m,,,0.0,0.0,0.0
2026-08-05 12:01:16,BUS,2026-08-06,SANTA CRUZ,SANTA CRUZ,LA PAZ,LA PAZ,EL DORADO,103,000,2026-08-06 11:30,2026-08-07 04:30,CAMA,CAMA 3 FILAS 40,Directo (17h 0m),False,0,0.0,0.0,0.0
2026-08-05 10:06:04,BUS,2026-08-06,SANTA CRUZ,SANTA CRUZ,LA PAZ,LA PAZ,TRANS COPACABANA S.A.,110,155,2026-08-06 14:00,2026-08-07 07:00,CAMA,CAMA TV 43,17h 0m,,,0.0,0.0,0.0
2026-08-05 12:01:16,BUS,2026-08-06,SANTA CRUZ,SANTA CRUZ,LA PAZ,LA PAZ,TRANS COPACABANA S.A.,110,155,2026-08-06 14:00,2026-08-07 07:00,CAMA,CAMA TV 43,Directo (17h 0m),False,0,0.0,0.0,0.0
2026-08-05 10:06:04,BUS,2026-08-06,SANTA CRUZ,SANTA CRUZ,LA PAZ,LA PAZ,TRANS COPACABANA S.A.,110,155,2026-08-06 16:30,2026-08-07 09:30,CAMA,CAMA TV 43,17h 0m,,,0.0,0.0,0.0
2026-08-05 12:01:16,BUS,2026-08-06,SANTA CRUZ,SANTA CRUZ,LA PAZ,LA PAZ,TRANS COPACABANA S.A.,110,155,2026-08-06 16:30,2026-08-07 09:30,CAMA,CAMA TV 43,Directo (17h 0m),False,0,0.0,0.0,0.0
2026-08-05 10:06:04,BUS,2026-08-06,SANTA CRUZ,SANTA CRUZ,LA PAZ,LA PAZ,TRANS COPACABANA S.A.,110,155,2026-08-06 17:30,2026-08-07 10:30,CAMA,CAMA TV 43,17h 0m,,,0.0,0.0,0.0
2026-08-05 10:06:04,BUS,2026-08-06,SANTA CRUZ,SANTA CRUZ,ORURO,ORURO,TRANS COPACABANA S.A.,110,162,2026-08-06 17:30,2026-08-07 08:30,CAMA,CAMA TV 43,15h 0m,,,0.0,0.0,0.0
2026-08-05 12:01:16,BUS,2026-08-06,SANTA CRUZ,SANTA CRUZ,LA PAZ,LA PAZ,TRANS COPACABANA S.A.,110,155,2026-08-06 17:30,2026-08-07 10:30,CAMA,CAMA TV 43,Directo (17h 0m),False,0,0.0,0.0,0.0
2026-08-05 12:01:16,BUS,2026-08-06,SANTA CRUZ,SANTA CRUZ,ORURO,ORURO,TRANS COPACABANA S.A.,110,162,2026-08-06 17:30,2026-08-07 08:30,CAMA,CAMA TV 43,Directo (15h 0m),False,0,0.0,0.0,0.0
2026-08-05 12:01:16,BUS,2026-08-06,SANTA CRUZ,SANTA CRUZ,TARIJA,TARIJA,EL MEXICANO,206,5023 RKI,2026-08-06 18:01,2026-08-07 08:01,SUITE,SUITE CAMA 32,Directo (14h 0m),False,0,350.0,350.0,200.0
2026-08-05 10:06:04,BUS,2026-08-06,SANTA CRUZ,SANTA CRUZ,SUCRE,SUCRE,EL MEXICANO,206,5245 RZA,2026-08-06 18:30,2026-08-07 06:30,CAMA,CAMA LEITO 43,12h 0m,,,250.0,250.0,200.0
2026-08-05 12:01:16,BUS,2026-08-06,SANTA CRUZ,SANTA CRUZ,SUCRE,SUCRE,EL MEXICANO,206,5245 RZA,2026-08-06 18:30,2026-08-07 06:30,CAMA,CAMA LEITO 43,Directo (12h 0m),False,0,250.0,250.0,200.0
2026-08-05 10:06:04,BUS,2026-08-06,SANTA CRUZ,SANTA CRUZ,COCHABAMBA,COCHABAMBA,TRANS COPACABANA S.A.,110,127,2026-08-06 19:00,2026-08-07 05:00,CAMA,CAMA D - PISO 43,10h 0m,,,0.0,0.0,0.0
2026-08-05 10:06:04,BUS,2026-08-06,SANTA CRUZ,SANTA CRUZ,TARIJA,TARIJA,TRANS COPACABANA S.A.,110,163,2026-08-06 19:00,2026-08-07 07:00,CAMA,CAMA TV 43,12h 0m,,,0.0,0.0,0.0
2026-08-05 12:01:16,BUS,2026-08-06,SANTA CRUZ,SANTA CRUZ,COCHABAMBA,COCHABAMBA,TRANS COPACABANA S.A.,110,127,2026-08-06 19:00,2026-08-07 05:00,CAMA,CAMA D - PISO 43,Directo (10h 0m),False,0,0.0,0.0,0.0
2026-08-05 12:01:16,BUS,2026-08-06,SANTA CRUZ,SANTA CRUZ,TARIJA,TARIJA,TRANS COPACABANA S.A.,110,163,2026-08-06 19:00,2026-08-07 07:00,CAMA,CAMA TV 43,Directo (12h 0m),False,0,0.0,0.0,0.0
2026-08-05 10:06:04,BUS,2026-08-06,SANTA CRUZ,SANTA CRUZ,LA PAZ,LA PAZ,TRANS COPACABANA S.A.,110,155,2026-08-06 19:30,2026-08-07 12:30,CAMA,CAMA TV 43,17h 0m,,,0.0,0.0,0.0
2026-08-05 12:01:16,BUS,2026-08-06,SANTA CRUZ,SANTA CRUZ,LA PAZ,LA PAZ,TRANS COPACABANA S.A.,110,155,2026-08-06 19:30,2026-08-07 12:30,CAMA,CAMA TV 43,Directo (17h 0m),False,0,0.0,0.0,0.0
2026-08-05 10:06:04,BUS,2026-08-06,SANTA CRUZ,SANTA CRUZ,COCHABAMBA,COCHABAMBA,TRANS COPACABANA S.A.,110,142,2026-08-06 20:00,2026-08-07 06:00,CAMA,CAMA TV 43,10h 0m,,,0.0,0.0,0.0
2026-08-05 12:01:16,BUS,2026-08-06,SANTA CRUZ,SANTA CRUZ,COCHABAMBA,COCHABAMBA,TRANS COPACABANA S.A.,110,142,2026-08-06 20:00,2026-08-07 06:00,CAMA,CAMA TV 43,Directo (10h 0m),False,0,0.0,0.0,0.0
2026-08-05 10:06:04,BUS,2026-08-06,SANTA CRUZ,SANTA CRUZ,COCHABAMBA,COCHABAMBA,TRANS COPACABANA S.A.,110,151,2026-08-06 21:00,2026-08-07 07:00,CAMA,CAMA TV 43,10h 0m,,,0.0,0.0,0.0
2026-08-05 10:06:04,BUS,2026-08-06,SANTA CRUZ,SANTA CRUZ,YACUIBA,YACUIBA,TRANS COPACABANA S.A.,110,129,2026-08-06 21:00,2026-08-07 06:00,CAMA,CAMA D - PISO 43,9h 0m,,,0.0,0.0,0.0
2026-08-05 12:01:16,BUS,2026-08-06,SANTA CRUZ,SANTA CRUZ,COCHABAMBA,COCHABAMBA,TRANS COPACABANA S.A.,110,151,2026-08-06 21:00,2026-08-07 07:00,CAMA,CAMA TV 43,Directo (10h 0m),False,0,0.0,0.0,0.0
2026-08-05 12:01:16,BUS,2026-08-06,SANTA CRUZ,SANTA CRUZ,YACUIBA,YACUIBA,TRANS COPACABANA S.A.,110,129,2026-08-06 21:00,2026-08-07 06:00,CAMA,CAMA D - PISO 43,Directo (9h 0m),False,0,0.0,0.0,0.0
2026-08-05 10:06:04,BUS,2026-08-06,SANTA CRUZ,SANTA CRUZ,YACUIBA,YACUIBA,LA QUERIDA,142,4564 FGL,2026-08-06 21:15,2026-08-07 06:15,CAMA,CAMA LEITO,9h 0m,,,180.0,180.0,100.0
2026-08-05 12:01:16,BUS,2026-08-06,SANTA CRUZ,SANTA CRUZ,YACUIBA,YACUIBA,LA QUERIDA,142,4564 FGL,2026-08-06 21:15,2026-08-07 06:15,CAMA,CAMA LEITO,Directo (9h 0m),False,0,180.0,180.0,100.0
2026-08-05 10:06:04,BUS,2026-08-06,SANTA CRUZ,SANTA CRUZ,COCHABAMBA,COCHABAMBA,TRANS COPACABANA S.A.,110,140,2026-08-06 21:30,2026-08-07 07:30,CAMA,CAMA TV 43,10h 0m,,,0.0,0.0,0.0
2026-08-05 10:06:04,BUS,2026-08-06,SANTA CRUZ,SANTA CRUZ,TRINIDAD,TRINIDAD,TRANS COPACABANA S.A.,110,131,2026-08-06 21:30,2026-08-07 06:30,CAMA,CAMA D - PISO 43,9h 0m,,,0.0,0.0,0.0
2026-08-05 12:01:16,BUS,2026-08-06,SANTA CRUZ,SANTA CRUZ,COCHABAMBA,COCHABAMBA,TRANS COPACABANA S.A.,110,140,2026-08-06 21:30,2026-08-07 07:30,CAMA,CAMA TV 43,Directo (10h 0m),False,0,0.0,0.0,0.0
2026-08-05 12:01:16,BUS,2026-08-06,SANTA CRUZ,SANTA CRUZ,TRINIDAD,TRINIDAD,LA QUERIDA,142,6305KPA,2026-08-06 21:30,2026-08-07 07:30,CAMA,CAMA LEITO,Directo (10h 0m),False,0,190.0,190.0,100.0
2026-08-05 12:01:16,BUS,2026-08-06,SANTA CRUZ,SANTA CRUZ,TRINIDAD,TRINIDAD,TRANS COPACABANA S.A.,110,131,2026-08-06 21:30,2026-08-07 06:30,CAMA,CAMA D - PISO 43,Directo (9h 0m),False,0,0.0,0.0,0.0
2026-08-05 10:06:04,BUS,2026-08-06,SUCRE,SUCRE,SANTA CRUZ,SANTA CRUZ,EL MEXICANO,206,4766 YTR,2026-08-06 18:30,2026-08-07 06:30,SUITE,SUITE CAMA 32,12h 0m,,,250.0,250.0,250.0
2026-08-05 12:01:16,BUS,2026-08-06,SUCRE,SUCRE,SANTA CRUZ,SANTA CRUZ,EL MEXICANO,206,4766 YTR,2026-08-06 18:30,2026-08-07 06:30,SUITE,SUITE CAMA 32,Directo (12h 0m),False,0,250.0,250.0,250.0
2026-08-05 10:06:04,BUS,2026-08-06,SUCRE,SUCRE,SANTA CRUZ,SANTA CRUZ,EL MEXICANO,206,6477 GSH,2026-08-06 19:00,2026-08-07 07:00,SUITE,SUITE CAMA 32,12h 0m,,,250.0,250.0,250.0
2026-08-05 12:01:16,BUS,2026-08-06,SUCRE,SUCRE,SANTA CRUZ,SANTA CRUZ,EL MEXICANO,206,6477 GSH,2026-08-06 19:00,2026-08-07 07:00,SUITE,SUITE CAMA 32,Directo (12h 0m),False,0,250.0,250.0,250.0
2026-08-05 10:06:04,BUS,2026-08-06,SUCRE,SUCRE,LA PAZ,LA PAZ,TRANS COPACABANA S.A.,110,151,2026-08-06 19:30,2026-08-07 07:30,CAMA,CAMA TV 43,12h 0m,,,252.0,252.0,252.0
2026-08-05 10:06:04,BUS,2026-08-06,SUCRE,SUCRE,TARIJA,TARIJA,EL MEXICANO,206,2307 CRG,2026-08-06 19:30,2026-08-07 05:30,CAMA,CAMA LEITO 37,10h 0m,,,200.0,200.0,150.0
2026-08-05 12:01:16,BUS,2026-08-06,SUCRE,SUCRE,LA PAZ,LA PAZ,TRANS COPACABANA S.A.,110,151,2026-08-06 19:30,2026-08-07 07:30,CAMA,CAMA TV 43,Directo (12h 0m),False,0,252.0,252.0,252.0
2026-08-05 12:01:16,BUS,2026-08-06,SUCRE,SUCRE,TARIJA,TARIJA,EL MEXICANO,206,2307 CRG,2026-08-06 19:30,2026-08-07 05:30,CAMA,CAMA LEITO 37,Directo (10h 0m),False,0,200.0,200.0,150.0
2026-08-05 10:06:04,BUS,2026-08-06,SUCRE,SUCRE,LA PAZ,LA PAZ,EL MEXICANO,206,3435 PGP,2026-08-06 20:00,2026-08-07 08:00,CAMA,CAMA LEITO 43,12h 0m,,,230.0,250.0,200.0
2026-08-05 10:06:04,BUS,2026-08-06,SUCRE,SUCRE,TARIJA,TARIJA,ANDES BUS,117,1198GDE,2026-08-06 20:00,2026-08-07 08:00,CAMA,1198GDE,12h 0m,,,250.0,250.0,70.0
2026-08-05 12:01:16,BUS,2026-08-06,SUCRE,SUCRE,LA PAZ,LA PAZ,EL MEXICANO,206,3435 PGP,2026-08-06 20:00,2026-08-07 08:00,CAMA,CAMA LEITO 43,Directo (12h 0m),False,0,200.0,250.0,200.0
2026-08-05 12:01:16,BUS,2026-08-06,SUCRE,SUCRE,TARIJA,TARIJA,ANDES BUS,117,1198GDE,2026-08-06 20:00,2026-08-07 08:00,CAMA,1198GDE,Directo (12h 0m),False,0,250.0,250.0,70.0
2026-08-05 10:06:04,BUS,2026-08-06,SUCRE,SUCRE,COCHABAMBA,COCHABAMBA,TRANS COPACABANA S.A.,110,140,2026-08-06 21:00,2026-08-07 04:00,CAMA,CAMA TV 43,7h 0m,,,192.0,192.0,192.0
2026-08-05 12:01:16,BUS,2026-08-06,SUCRE,SUCRE,COCHABAMBA,COCHABAMBA,TRANS COPACABANA S.A.,110,140,2026-08-06 21:00,2026-08-07 04:00,CAMA,CAMA TV 43,Directo (7h 0m),False,0,192.0,192.0,192.0
2026-08-05 10:06:04,BUS,2026-08-06,SUCRE,SUCRE,ORURO,ORURO,SAN MIGUEL,124,4539 NKG,2026-08-06 21:30,2026-08-07 06:30,CAMA,4539 DKG,9h 0m,,,0.0,0.0,0.0
2026-08-05 12:01:16,BUS,2026-08-06,SUCRE,SUCRE,ORURO,ORURO,SAN MIGUEL,124,4539 NKG,2026-08-06 21:30,2026-08-07 06:30,CAMA,4539 DKG,Directo (9h 0m),False,0,0.0,0.0,0.0
2026-08-05 10:06:04,BUS,2026-08-06,SUCRE,SUCRE,ORURO,ORURO,SAN MIGUEL,124,4677SDF,2026-08-06 21:32,2026-08-07 06:32,CAMA,4677 SDF,9h 0m,,,0.0,0.0,0.0
2026-08-05 12:01:16,BUS,2026-08-06,SUCRE,SUCRE,ORURO,ORURO,SAN MIGUEL,124,4677SDF,2026-08-06 21:32,2026-08-07 06:32,CAMA,4677 SDF,Directo (9h 0m),False,0,0.0,0.0,0.0
2026-08-05 10:06:04,BUS,2026-08-06,TARIJA,TARIJA,COCHABAMBA,COCHABAMBA,TRANS COPACABANA S.A.,110,150,2026-08-06 18:00,2026-08-07 09:00,CAMA,CAMA TV 43,15h 0m,,,358.0,358.0,358.0
2026-08-05 12:01:16,BUS,2026-08-06,TARIJA,TARIJA,COCHABAMBA,COCHABAMBA,TRANS COPACABANA S.A.,110,150,2026-08-06 18:00,2026-08-07 09:00,CAMA,CAMA TV 43,Directo (15h 0m),False,0,358.0,358.0,358.0
2026-08-05 10:06:04,BUS,2026-08-06,TARIJA,TARIJA,LA PAZ,LA PAZ,ROYAL CLASS,144,5310UKK,2026-08-06 18:30,2026-08-07 09:30,CAMA,LEITO 3 FILAS,15h 0m,,,350.0,363.0,300.0
2026-08-05 10:06:04,BUS,2026-08-06,TARIJA,TARIJA,SANTA CRUZ,SANTA CRUZ,EL MEXICANO,206,5215 AUI,2026-08-06 18:30,2026-08-07 08:30,SUITE,SUITE CAMA 32,14h 0m,,,350.0,350.0,300.0
2026-08-05 12:01:16,BUS,2026-08-06,TARIJA,TARIJA,LA PAZ,LA PAZ,ROYAL CLASS,144,5310UKK,2026-08-06 18:30,2026-08-07 09:30,CAMA,LEITO 3 FILAS,Directo (15h 0m),False,0,363.0,363.0,300.0
2026-08-05 12:01:16,BUS,2026-08-06,TARIJA,TARIJA,SANTA CRUZ,SANTA CRUZ,EL MEXICANO,206,5215 AUI,2026-08-06 18:30,2026-08-07 08:30,SUITE,SUITE CAMA 32,Directo (14h 0m),False,0,350.0,350.0,300.0
2026-08-05 10:06:04,BUS,2026-08-06,TARIJA,TARIJA,SANTA CRUZ,SANTA CRUZ,TRANS COPACABANA S.A.,110,160,2026-08-06 19:00,2026-08-07 07:30,CAMA,CAMA TV 43,12h 30m,,,356.0,356.0,356.0
2026-08-05 12:01:16,BUS,2026-08-06,TARIJA,TARIJA,SANTA CRUZ,SANTA CRUZ,TRANS COPACABANA S.A.,110,160,2026-08-06 19:00,2026-08-07 07:30,CAMA,CAMA TV 43,Directo (12h 30m),False,0,356.0,356.0,356.0
2026-08-05 10:06:04,BUS,2026-08-06,TARIJA,TARIJA,LA PAZ,LA PAZ,TRANS COPACABANA S.A.,110,150,2026-08-06 19:30,2026-08-07 12:30,CAMA,CAMA TV 43,17h 0m,,,363.0,363.0,363.0
2026-08-05 10:06:04,BUS,2026-08-06,TARIJA,TARIJA,SUCRE,SUCRE,EL MEXICANO,206,2855GHA,2026-08-06 19:30,2026-08-07 06:30,SUITE,SUITE SEMI CAMA 32,11h 0m,,,250.0,250.0,80.0
2026-08-05 12:01:16,BUS,2026-08-06,TARIJA,TARIJA,LA PAZ,LA PAZ,TRANS COPACABANA S.A.,110,150,2026-08-06 19:30,2026-08-07 12:30,CAMA,CAMA TV 43,Directo (17h 0m),False,0,363.0,363.0,363.0
2026-08-05 12:01:16,BUS,2026-08-06,TARIJA,TARIJA,SUCRE,SUCRE,EL MEXICANO,206,2855GHA,2026-08-06 19:30,2026-08-07 06:30,SUITE,SUITE SEMI CAMA 32,Directo (11h 0m),False,0,250.0,250.0,80.0
2026-08-05 10:06:04,BUS,2026-08-06,TARIJA,TARIJA,SUCRE,SUCRE,ANDES BUS,117,NPC,2026-08-06 20:00,2026-08-07 08:00,CAMA,4480NPC,12h 0m,,,180.0,250.0,170.0
2026-08-05 12:01:16,BUS,2026-08-06,TARIJA,TARIJA,SUCRE,SUCRE,ANDES BUS,117,NPC,2026-08-06 20:00,2026-08-07 08:00,CAMA,4480NPC,Directo (12h 0m),False,0,180.0,250.0,170.0
2026-08-05 10:06:04,BUS,2026-08-06,TRINIDAD,TRINIDAD,SANTA CRUZ,SANTA CRUZ,RENACER,105,41,2026-08-06 18:00,2026-08-07 06:00,CAMA,CAMA 3 FILAS 5,12h 0m,,,0.0,0.0,0.0
2026-08-05 12:01:16,BUS,2026-08-06,TRINIDAD,TRINIDAD,SANTA CRUZ,SANTA CRUZ,RENACER,105,41,2026-08-06 18:00,2026-08-07 06:00,CAMA,CAMA 3 FILAS 5,Directo (12h 0m),False,0,0.0,0.0,0.0
2026-08-05 10:06:04,BUS,2026-08-06,TRINIDAD,TRINIDAD,SANTA CRUZ,SANTA CRUZ,LA QUERIDA,142,6426 UGX,2026-08-06 21:30,2026-08-07 07:30,CAMA,CAMA LEITO,10h 0m,,,0.0,0.0,0.0
2026-08-05 10:06:04,BUS,2026-08-06,TRINIDAD,TRINIDAD,SANTA CRUZ,SANTA CRUZ,TRANS COPACABANA S.A.,110,145,2026-08-06 21:30,2026-08-07 06:30,CAMA,CAMA TV 43,9h 0m,,,0.0,0.0,0.0
2026-08-05 12:01:16,BUS,2026-08-06,TRINIDAD,TRINIDAD,SANTA CRUZ,SANTA CRUZ,TRANS COPACABANA S.A.,110,145,2026-08-06 21:30,2026-08-07 06:30,CAMA,CAMA TV 43,Directo (9h 0m),False,0,0.0,0.0,0.0
2026-08-05 12:01:16,BUS,2026-08-06,TRINIDAD,TRINIDAD,SANTA CRUZ,SANTA CRUZ,LA QUERIDA,142,6426 UGX,2026-08-06 21:30,2026-08-07 07:30,CAMA,CAMA LEITO,Directo (10h 0m),False,0,0.0,0.0,0.0
2026-08-05 10:06:04,BUS,2026-08-06,YACUIBA,YACUIBA,SANTA CRUZ,SANTA CRUZ,TRANS COPACABANA S.A.,110,156,2026-08-06 21:00,2026-08-07 06:00,CAMA,CAMA TV 43,9h 0m,,,0.0,0.0,0.0
2026-08-05 12:01:16,BUS,2026-08-06,YACUIBA,YACUIBA,SANTA CRUZ,SANTA CRUZ,TRANS COPACABANA S.A.,110,156,2026-08-06 21:00,2026-08-07 06:00,CAMA,CAMA TV 43,Directo (9h 0m),False,0,0.0,0.0,0.0
2026-08-05 10:06:04,BUS,2026-08-06,YACUIBA,YACUIBA,SANTA CRUZ,SANTA CRUZ,LA QUERIDA,142,6308XCY,2026-08-06 21:30,2026-08-07 06:30,CAMA,CAMA LEITO,9h 0m,,,170.0,170.0,150.0
2026-08-05 12:01:16,BUS,2026-08-06,YACUIBA,YACUIBA,SANTA CRUZ,SANTA CRUZ,LA QUERIDA,142,6308XCY,2026-08-06 21:30,2026-08-07 06:30,CAMA,CAMA LEITO,Directo (9h 0m),False,0,170.0,170.0,150.0
2026-08-05 10:06:04,BUS,2026-08-06,YACUIBA,YACUIBA,SANTA CRUZ,SANTA CRUZ,RENACER,105,106,2026-08-06 21:36,2026-08-07 09:36,CAMA,CAMA LEITO 43,12h 0m,,,136.0,180.0,60.0
2026-08-05 12:01:16,BUS,2026-08-06,YACUIBA,YACUIBA,SANTA CRUZ,SANTA CRUZ,RENACER,105,106,2026-08-06 21:36,2026-08-07 09:36,CAMA,CAMA LEITO 43,Directo (12h 0m),False,0,136.0,180.0,60.0
2026-08-05 10:06:04,VUELO,2026-08-06,CBB,Cochabamba,LPB,La Paz,BOLIVIANA DE AVIACION,OB,,2026-08-06 05:15,2026-08-06 06:00,ECONOMICA,AVION,0,,,553.0,553.0,553.0
2026-08-05 12:01:16,VUELO,2026-08-06,CBB,Cochabamba,CIJ,Cobija,BOLIVIANA DE AVIACION,OB,600 / 400,2026-08-06 05:15,2026-08-06 09:40,ECONOMICA,AVION,1 escala (LPB) - 04:25,True,1,1441.0,1441.0,1441.0
2026-08-05 12:01:16,VUELO,2026-08-06,CBB,Cochabamba,LPB,La Paz,BOLIVIANA DE AVIACION,OB,600,2026-08-06 05:15,2026-08-06 06:00,ECONOMICA,AVION,Directo (00:45),False,0,553.0,553.0,553.0
2026-08-05 12:01:16,VUELO,2026-08-06,CBB,Cochabamba,MDZ,Mendoza,LATAM AIRLINES GROUP,LA,600 / 890 / 436,2026-08-06 05:15,2026-08-06 19:03,ECONOMICA,AVION,"2 escala (LPB, SCL) - 12:48",True,2,18686.0,18686.0,18686.0
2026-08-05 12:01:16,VUELO,2026-08-06,CBB,Cochabamba,MDZ,Mendoza,LATAM AIRLINES GROUP,LA,600 / 890 / 434,2026-08-06 05:15,2026-08-07 11:06,ECONOMICA,AVION,"2 escala (LPB, SCL) - 28:51",True,2,18791.0,18791.0,18791.0
2026-08-05 12:01:16,VUELO,2026-08-06,CBB,COCHABAMBA,VVI,SANTA CRUZ,TAMep,2E,8610,2026-08-06 05:55,2026-08-06 06:45,ECONOMICA,AVION,Directo (00:50),False,0,643.0,643.0,643.0
2026-08-05 10:06:04,VUELO,2026-08-06,CBB,Cochabamba,LPB,La Paz,BOLIVIANA DE AVIACION,OB,,2026-08-06 11:00,2026-08-06 11:45,ECONOMICA,AVION,0,,,553.0,553.0,553.0
2026-08-05 12:01:16,VUELO,2026-08-06,CBB,Cochabamba,CIJ,Cobija,BOLIVIANA DE AVIACION,OB,610 / 400,2026-08-06 11:00,2026-08-07 09:40,ECONOMICA,AVION,1 escala (LPB) - 22:40,True,1,1605.0,1605.0,1605.0
2026-08-05 12:01:16,VUELO,2026-08-06,CBB,Cochabamba,LPB,La Paz,BOLIVIANA DE AVIACION,OB,610,2026-08-06 11:00,2026-08-06 11:45,ECONOMICA,AVION,Directo (00:45),False,0,553.0,553.0,553.0
2026-08-05 12:01:16,VUELO,2026-08-06,CBB,Cochabamba,TDD,Trinidad,BOLIVIANA DE AVIACION,OB,446,2026-08-06 13:50,2026-08-06 14:45,ECONOMICA,AVION,Directo (00:55),False,0,596.0,596.0,596.0
2026-08-05 12:01:16,VUELO,2026-08-06,CBB,Cochabamba,ORU,Oruro,BOLIVIANA DE AVIACION,OB,324,2026-08-06 14:05,2026-08-06 14:40,ECONOMICA,AVION,Directo (00:35),False,0,326.0,326.0,326.0
2026-08-05 10:06:04,VUELO,2026-08-06,CBB,Cochabamba,LPB,La Paz,BOLIVIANA DE AVIACION,OB,,2026-08-06 16:35,2026-08-06 17:20,ECONOMICA,AVION,0,,,457.0,457.0,457.0
2026-08-05 12:01:16,VUELO,2026-08-06,CBB,Cochabamba,CIJ,Cobija,BOLIVIANA DE AVIACION,OB,618 / 400,2026-08-06 16:35,2026-08-07 09:40,ECONOMICA,AVION,1 escala (LPB) - 17:05,True,1,1509.0,1509.0,1509.0
2026-08-05 12:01:16,VUELO,2026-08-06,CBB,Cochabamba,COR,Cordoba,LATAM AIRLINES GROUP,LA,618 / 2401 / 2384,2026-08-06 16:35,2026-08-08 04:10,ECONOMICA,AVION,"2 escala (LPB, LIM) - 34:35",True,2,21602.0,21602.0,21602.0
2026-08-05 12:01:16,VUELO,2026-08-06,CBB,Cochabamba,COR,Cordoba,LATAM AIRLINES GROUP,LA,618 / 2401 / 2364,2026-08-06 16:35,2026-08-08 05:55,ECONOMICA,AVION,"2 escala (LPB, LIM) - 36:20",True,2,21602.0,21602.0,21602.0
2026-08-05 12:01:16,VUELO,2026-08-06,CBB,Cochabamba,LPB,La Paz,BOLIVIANA DE AVIACION,OB,618,2026-08-06 16:35,2026-08-06 17:20,ECONOMICA,AVION,Directo (00:45),False,0,457.0,457.0,457.0
2026-08-05 12:01:16,VUELO,2026-08-06,CBB,Cochabamba,MDZ,Mendoza,LATAM AIRLINES GROUP,LA,618 / 2401 / 2435,2026-08-06 16:35,2026-08-08 06:25,ECONOMICA,AVION,"2 escala (LPB, LIM) - 36:50",True,2,22004.0,22004.0,22004.0
2026-08-05 12:01:16,VUELO,2026-08-06,CBB,Cochabamba,VVI,Santa Cruz,BOLIVIANA DE AVIACION,OB,618 / 682,2026-08-06 16:35,2026-08-06 20:15,ECONOMICA,AVION,1 escala (LPB) - 03:40,True,1,1508.0,1508.0,1508.0
2026-08-05 10:06:04,VUELO,2026-08-06,CBB,Cochabamba,LPB,La Paz,BOLIVIANA DE AVIACION,OB,,2026-08-06 17:40,2026-08-06 18:25,ECONOMICA,AVION,0,,,408.0,408.0,408.0
2026-08-05 12:01:16,VUELO,2026-08-06,CBB,Cochabamba,CIJ,Cobija,BOLIVIANA DE AVIACION,OB,620 / 400,2026-08-06 17:40,2026-08-07 09:40,ECONOMICA,AVION,1 escala (LPB) - 16:00,True,1,1460.0,1460.0,1460.0
2026-08-05 12:01:16,VUELO,2026-08-06,CBB,Cochabamba,COR,Cordoba,LATAM AIRLINES GROUP,LA,620 / 2401 / 2384,2026-08-06 17:40,2026-08-08 04:10,ECONOMICA,AVION,"2 escala (LPB, LIM) - 33:30",True,2,21602.0,21602.0,21602.0
2026-08-05 12:01:16,VUELO,2026-08-06,CBB,Cochabamba,COR,Cordoba,LATAM AIRLINES GROUP,LA,620 / 2401 / 2364,2026-08-06 17:40,2026-08-08 05:55,ECONOMICA,AVION,"2 escala (LPB, LIM) - 35:15",True,2,21602.0,21602.0,21602.0
2026-08-05 12:01:16,VUELO,2026-08-06,CBB,Cochabamba,LPB,La Paz,BOLIVIANA DE AVIACION,OB,620,2026-08-06 17:40,2026-08-06 18:25,ECONOMICA,AVION,Directo (00:45),False,0,408.0,408.0,408.0
2026-08-05 12:01:16,VUELO,2026-08-06,CBB,Cochabamba,MDZ,Mendoza,LATAM AIRLINES GROUP,LA,620 / 2401 / 2435,2026-08-06 17:40,2026-08-08 06:25,ECONOMICA,AVION,"2 escala (LPB, LIM) - 35:45",True,2,22004.0,22004.0,22004.0
2026-08-05 12:01:16,VUELO,2026-08-06,CBB,Cochabamba,UYU,Uyuni,BOLIVIANA DE AVIACION,OB,620 / 304,2026-08-06 17:40,2026-08-07 08:10,ECONOMICA,AVION,1 escala (LPB) - 14:30,True,1,1688.0,1688.0,1688.0
2026-08-05 12:01:16,VUELO,2026-08-06,CBB,Cochabamba,VVI,Santa Cruz,BOLIVIANA DE AVIACION,OB,620 / 682,2026-08-06 17:40,2026-08-06 20:15,ECONOMICA,AVION,1 escala (LPB) - 02:35,True,1,1460.0,1460.0,1460.0
2026-08-05 10:06:04,VUELO,2026-08-06,CBB,Cochabamba,LPB,La Paz,BOLIVIANA DE AVIACION,OB,,2026-08-06 18:45,2026-08-06 21:55,ECONOMICA,AVION,0,,,1229.0,1229.0,1229.0
2026-08-05 12:01:16,VUELO,2026-08-06,CBB,Cochabamba,CGB,Cuiaba,BOLIVIANA DE AVIACION,OB,1650 / 736 / 3030,2026-08-06 18:45,2026-08-08 10:15,ECONOMICA,AVION,"2 escala (VVI, GRU) - 39:30",True,2,8168.0,8168.0,8168.0
2026-08-05 12:01:16,VUELO,2026-08-06,CBB,Cochabamba,CIJ,Cobija,BOLIVIANA DE AVIACION,OB,1650 / 661 / 400,2026-08-06 18:45,2026-08-07 09:40,ECONOMICA,AVION,"2 escala (VVI, LPB) - 14:55",True,2,2091.0,2091.0,2091.0
2026-08-05 12:01:16,VUELO,2026-08-06,CBB,Cochabamba,CIJ,Cobija,BOLIVIANA DE AVIACION,OB,1650 / 961 / 400,2026-08-06 18:45,2026-08-07 09:40,ECONOMICA,AVION,"2 escala (VVI, LPB) - 14:55",True,2,2091.0,2091.0,2091.0
2026-08-05 12:01:16,VUELO,2026-08-06,CBB,Cochabamba,CIJ,Cobija,BOLIVIANA DE AVIACION,OB,1650 / 663 / 400,2026-08-06 18:45,2026-08-07 09:40,ECONOMICA,AVION,"2 escala (VVI, LPB) - 14:55",True,2,2092.0,2092.0,2092.0
2026-08-05 12:01:16,VUELO,2026-08-06,CBB,Cochabamba,CIJ,Cobija,BOLIVIANA DE AVIACION,OB,1650 / 683 / 400,2026-08-06 18:45,2026-08-07 09:40,ECONOMICA,AVION,"2 escala (VVI, LPB) - 14:55",True,2,2281.0,2281.0,2281.0
2026-08-05 12:01:16,VUELO,2026-08-06,CBB,Cochabamba,CIJ,Cobija,BOLIVIANA DE AVIACION,OB,1650 / 685 / 400,2026-08-06 18:45,2026-08-07 09:40,ECONOMICA,AVION,"2 escala (VVI, LPB) - 14:55",True,2,2281.0,2281.0,2281.0
2026-08-05 12:01:16,VUELO,2026-08-06,CBB,Cochabamba,COR,Cordoba,LATAM AIRLINES GROUP,LA,1650 / 2407 / 2364,2026-08-06 18:45,2026-08-08 05:55,ECONOMICA,AVION,"2 escala (VVI, LIM) - 34:10",True,2,21602.0,21602.0,21602.0
2026-08-05 12:01:16,VUELO,2026-08-06,CBB,Cochabamba,COR,Cordoba,LATAM AIRLINES GROUP,LA,1650 / 2407 / 2384,2026-08-06 18:45,2026-08-08 04:10,ECONOMICA,AVION,"2 escala (VVI, LIM) - 32:25",True,2,21602.0,21602.0,21602.0
2026-08-05 12:01:16,VUELO,2026-08-06,CBB,Cochabamba,EZE,Buenos Aires,BOLIVIANA DE AVIACION,OB,1650 / 700,2026-08-06 18:45,2026-08-07 01:50,ECONOMICA,AVION,1 escala (VVI) - 06:05,True,1,5338.0,5338.0,5338.0
2026-08-05 12:01:16,VUELO,2026-08-06,CBB,Cochabamba,LPB,La Paz,BOLIVIANA DE AVIACION,OB,1650 / 683,2026-08-06 18:45,2026-08-06 21:55,ECONOMICA,AVION,1 escala (VVI) - 03:10,True,1,1229.0,1229.0,1229.0
2026-08-05 12:01:16,VUELO,2026-08-06,CBB,Cochabamba,MDZ,Mendoza,LATAM AIRLINES GROUP,LA,1650 / 2407 / 2435,2026-08-06 18:45,2026-08-08 06:25,ECONOMICA,AVION,"2 escala (VVI, LIM) - 34:40",True,2,22004.0,22004.0,22004.0
2026-08-05 12:01:16,VUELO,2026-08-06,CBB,Cochabamba,SRE,Sucre,BOLIVIANA DE AVIACION,OB,1650 / 1588,2026-08-06 18:45,2026-08-06 21:00,ECONOMICA,AVION,1 escala (VVI) - 02:15,True,1,525.0,525.0,525.0
2026-08-05 12:01:16,VUELO,2026-08-06,CBB,Cochabamba,UYU,Uyuni,BOLIVIANA DE AVIACION,OB,1650 / 661 / 304,2026-08-06 18:45,2026-08-07 08:10,ECONOMICA,AVION,"2 escala (VVI, LPB) - 13:25",True,2,2143.0,2143.0,2143.0
2026-08-05 12:01:16,VUELO,2026-08-06,CBB,Cochabamba,UYU,Uyuni,BOLIVIANA DE AVIACION,OB,1650 / 961 / 304,2026-08-06 18:45,2026-08-07 08:10,ECONOMICA,AVION,"2 escala (VVI, LPB) - 13:25",True,2,2143.0,2143.0,2143.0
2026-08-05 12:01:16,VUELO,2026-08-06,CBB,Cochabamba,UYU,Uyuni,BOLIVIANA DE AVIACION,OB,1650 / 683 / 304,2026-08-06 18:45,2026-08-07 08:10,ECONOMICA,AVION,"2 escala (VVI, LPB) - 13:25",True,2,2509.0,2509.0,2509.0
2026-08-05 12:01:16,VUELO,2026-08-06,CBB,Cochabamba,UYU,Uyuni,BOLIVIANA DE AVIACION,OB,1650 / 685 / 304,2026-08-06 18:45,2026-08-07 08:10,ECONOMICA,AVION,"2 escala (VVI, LPB) - 13:25",True,2,2509.0,2509.0,2509.0
2026-08-05 12:01:16,VUELO,2026-08-06,CBB,Cochabamba,VVI,Santa Cruz,BOLIVIANA DE AVIACION,OB,1650,2026-08-06 18:45,2026-08-06 19:35,ECONOMICA,AVION,Directo (00:50),False,0,461.0,461.0,461.0
2026-08-05 10:06:04,VUELO,2026-08-06,CBB,Cochabamba,LPB,La Paz,BOLIVIANA DE AVIACION,OB,,2026-08-06 19:40,2026-08-06 22:55,ECONOMICA,AVION,0,,,1418.0,1418.0,1418.0
2026-08-05 12:01:16,VUELO,2026-08-06,CBB,Cochabamba,CGB,Cuiaba,BOLIVIANA DE AVIACION,OB,652 / 736 / 3030,2026-08-06 19:40,2026-08-08 10:15,ECONOMICA,AVION,"2 escala (VVI, GRU) - 38:35",True,2,8168.0,8168.0,8168.0
2026-08-05 12:01:16,VUELO,2026-08-06,CBB,Cochabamba,CIJ,Cobija,BOLIVIANA DE AVIACION,OB,652 / 661 / 400,2026-08-06 19:40,2026-08-07 09:40,ECONOMICA,AVION,"2 escala (VVI, LPB) - 14:00",True,2,2280.0,2280.0,2280.0
2026-08-05 12:01:16,VUELO,2026-08-06,CBB,Cochabamba,CIJ,Cobija,BOLIVIANA DE AVIACION,OB,652 / 961 / 400,2026-08-06 19:40,2026-08-07 09:40,ECONOMICA,AVION,"2 escala (VVI, LPB) - 14:00",True,2,2280.0,2280.0,2280.0
2026-08-05 12:01:16,VUELO,2026-08-06,CBB,Cochabamba,CIJ,Cobija,BOLIVIANA DE AVIACION,OB,652 / 663 / 400,2026-08-06 19:40,2026-08-07 09:40,ECONOMICA,AVION,"2 escala (VVI, LPB) - 14:00",True,2,2281.0,2281.0,2281.0
2026-08-05 12:01:16,VUELO,2026-08-06,CBB,Cochabamba,CIJ,Cobija,BOLIVIANA DE AVIACION,OB,652 / 685 / 400,2026-08-06 19:40,2026-08-07 09:40,ECONOMICA,AVION,"2 escala (VVI, LPB) - 14:00",True,2,2469.0,2469.0,2469.0
2026-08-05 12:01:16,VUELO,2026-08-06,CBB,Cochabamba,COR,Cordoba,LATAM AIRLINES GROUP,LA,652 / 2407 / 2364,2026-08-06 19:40,2026-08-08 05:55,ECONOMICA,AVION,"2 escala (VVI, LIM) - 33:15",True,2,21602.0,21602.0,21602.0
2026-08-05 12:01:16,VUELO,2026-08-06,CBB,Cochabamba,COR,Cordoba,LATAM AIRLINES GROUP,LA,652 / 2407 / 2384,2026-08-06 19:40,2026-08-08 04:10,ECONOMICA,AVION,"2 escala (VVI, LIM) - 31:30",True,2,21602.0,21602.0,21602.0
2026-08-05 12:01:16,VUELO,2026-08-06,CBB,Cochabamba,EZE,Buenos Aires,BOLIVIANA DE AVIACION,OB,652 / 700,2026-08-06 19:40,2026-08-07 01:50,ECONOMICA,AVION,1 escala (VVI) - 05:10,True,1,5338.0,5338.0,5338.0
2026-08-05 12:01:16,VUELO,2026-08-06,CBB,Cochabamba,LPB,La Paz,BOLIVIANA DE AVIACION,OB,652 / 685,2026-08-06 19:40,2026-08-06 22:55,ECONOMICA,AVION,1 escala (VVI) - 03:15,True,1,1418.0,1418.0,1418.0
2026-08-05 12:01:16,VUELO,2026-08-06,CBB,Cochabamba,MDZ,Mendoza,LATAM AIRLINES GROUP,LA,652 / 2407 / 2435,2026-08-06 19:40,2026-08-08 06:25,ECONOMICA,AVION,"2 escala (VVI, LIM) - 33:45",True,2,22004.0,22004.0,22004.0
2026-08-05 12:01:16,VUELO,2026-08-06,CBB,Cochabamba,UYU,Uyuni,BOLIVIANA DE AVIACION,OB,652 / 661 / 304,2026-08-06 19:40,2026-08-07 08:10,ECONOMICA,AVION,"2 escala (VVI, LPB) - 12:30",True,2,2331.0,2331.0,2331.0
2026-08-05 12:01:16,VUELO,2026-08-06,CBB,Cochabamba,UYU,Uyuni,BOLIVIANA DE AVIACION,OB,652 / 961 / 304,2026-08-06 19:40,2026-08-07 08:10,ECONOMICA,AVION,"2 escala (VVI, LPB) - 12:30",True,2,2331.0,2331.0,2331.0
2026-08-05 12:01:16,VUELO,2026-08-06,CBB,Cochabamba,UYU,Uyuni,BOLIVIANA DE AVIACION,OB,652 / 685 / 304,2026-08-06 19:40,2026-08-07 08:10,ECONOMICA,AVION,"2 escala (VVI, LPB) - 12:30",True,2,2697.0,2697.0,2697.0
2026-08-05 12:01:16,VUELO,2026-08-06,CBB,Cochabamba,VVI,Santa Cruz,BOLIVIANA DE AVIACION,OB,652,2026-08-06 19:40,2026-08-06 20:30,ECONOMICA,AVION,Directo (00:50),False,0,650.0,650.0,650.0
2026-08-05 12:01:16,VUELO,2026-08-06,CBB,Cochabamba,SRE,Sucre,BOLIVIANA DE AVIACION,OB,578,2026-08-06 19:50,2026-08-06 20:30,ECONOMICA,AVION,Directo (00:40),False,0,397.0,397.0,397.0
2026-08-05 10:06:04,VUELO,2026-08-06,CBB,Cochabamba,LPB,La Paz,BOLIVIANA DE AVIACION,OB,,2026-08-06 20:25,2026-08-06 21:10,ECONOMICA,AVION,0,,,360.0,360.0,360.0
2026-08-05 12:01:16,VUELO,2026-08-06,CBB,Cochabamba,CIJ,Cobija,BOLIVIANA DE AVIACION,OB,922 / 400,2026-08-06 20:25,2026-08-07 09:40,ECONOMICA,AVION,1 escala (LPB) - 13:15,True,1,1412.0,1412.0,1412.0
2026-08-05 12:01:16,VUELO,2026-08-06,CBB,Cochabamba,COR,Cordoba,LATAM AIRLINES GROUP,LA,922 / 2401 / 2384,2026-08-06 20:25,2026-08-08 04:10,ECONOMICA,AVION,"2 escala (LPB, LIM) - 30:45",True,2,21602.0,21602.0,21602.0
2026-08-05 12:01:16,VUELO,2026-08-06,CBB,Cochabamba,COR,Cordoba,LATAM AIRLINES GROUP,LA,922 / 2401 / 2364,2026-08-06 20:25,2026-08-08 05:55,ECONOMICA,AVION,"2 escala (LPB, LIM) - 32:30",True,2,21602.0,21602.0,21602.0
2026-08-05 12:01:16,VUELO,2026-08-06,CBB,Cochabamba,LPB,La Paz,BOLIVIANA DE AVIACION,OB,922,2026-08-06 20:25,2026-08-06 21:10,ECONOMICA,AVION,Directo (00:45),False,0,360.0,360.0,360.0
2026-08-05 12:01:16,VUELO,2026-08-06,CBB,Cochabamba,MDZ,Mendoza,LATAM AIRLINES GROUP,LA,922 / 2401 / 2435,2026-08-06 20:25,2026-08-08 06:25,ECONOMICA,AVION,"2 escala (LPB, LIM) - 33:00",True,2,22004.0,22004.0,22004.0
2026-08-05 12:01:16,VUELO,2026-08-06,CBB,Cochabamba,UYU,Uyuni,BOLIVIANA DE AVIACION,OB,922 / 304,2026-08-06 20:25,2026-08-07 08:10,ECONOMICA,AVION,1 escala (LPB) - 11:45,True,1,1640.0,1640.0,1640.0
2026-08-05 12:01:16,VUELO,2026-08-06,CBB,Cochabamba,VVI,Santa Cruz,BOLIVIANA DE AVIACION,OB,922 / 988,2026-08-06 20:25,2026-08-07 00:40,ECONOMICA,AVION,1 escala (LPB) - 04:15,True,1,1412.0,1412.0,1412.0
2026-08-05 10:06:04,VUELO,2026-08-06,CBB,Cochabamba,LPB,La Paz,BOLIVIANA DE AVIACION,OB,,2026-08-06 22:20,2026-08-06 23:05,ECONOMICA,AVION,0,,,457.0,457.0,457.0
2026-08-05 12:01:16,VUELO,2026-08-06,CBB,Cochabamba,CIJ,Cobija,BOLIVIANA DE AVIACION,OB,624 / 400,2026-08-06 22:20,2026-08-07 09:40,ECONOMICA,AVION,1 escala (LPB) - 11:20,True,1,1509.0,1509.0,1509.0
2026-08-05 12:01:16,VUELO,2026-08-06,CBB,Cochabamba,COR,Cordoba,LATAM AIRLINES GROUP,LA,624 / 2401 / 2384,2026-08-06 22:20,2026-08-08 04:10,ECONOMICA,AVION,"2 escala (LPB, LIM) - 28:50",True,2,21587.0,21587.0,21587.0
2026-08-05 12:01:16,VUELO,2026-08-06,CBB,Cochabamba,COR,Cordoba,LATAM AIRLINES GROUP,LA,624 / 2401 / 2364,2026-08-06 22:20,2026-08-08 05:55,ECONOMICA,AVION,"2 escala (LPB, LIM) - 30:35",True,2,21587.0,21587.0,21587.0
2026-08-05 12:01:16,VUELO,2026-08-06,CBB,Cochabamba,EZE,Buenos Aires,LATAM AIRLINES GROUP,LA,624 / 2401 / 2375,2026-08-06 22:20,2026-08-08 02:45,ECONOMICA,AVION,"2 escala (LPB, LIM) - 27:25",True,2,21436.0,21436.0,21436.0
2026-08-05 12:01:16,VUELO,2026-08-06,CBB,Cochabamba,LPB,La Paz,BOLIVIANA DE AVIACION,OB,624,2026-08-06 22:20,2026-08-06 23:05,ECONOMICA,AVION,Directo (00:45),False,0,457.0,457.0,457.0
2026-08-05 12:01:16,VUELO,2026-08-06,CBB,Cochabamba,MDZ,Mendoza,LATAM AIRLINES GROUP,LA,624 / 2401 / 2435,2026-08-06 22:20,2026-08-08 06:25,ECONOMICA,AVION,"2 escala (LPB, LIM) - 31:05",True,2,21989.0,21989.0,21989.0
2026-08-05 12:01:16,VUELO,2026-08-06,CBB,Cochabamba,UYU,Uyuni,BOLIVIANA DE AVIACION,OB,624 / 304,2026-08-06 22:20,2026-08-07 08:10,ECONOMICA,AVION,1 escala (LPB) - 09:50,True,1,1736.0,1736.0,1736.0
2026-08-05 12:01:16,VUELO,2026-08-06,CBB,Cochabamba,VVI,Santa Cruz,BOLIVIANA DE AVIACION,OB,624 / 988,2026-08-06 22:20,2026-08-07 00:40,ECONOMICA,AVION,1 escala (LPB) - 02:20,True,1,1508.0,1508.0,1508.0
2026-08-05 12:01:16,VUELO,2026-08-06,CBB,Cochabamba,CIJ,Cobija,BOLIVIANA DE AVIACION,OB,656 / 661 / 400,2026-08-06 22:25,2026-08-07 09:40,ECONOMICA,AVION,"2 escala (VVI, LPB) - 11:15",True,2,2343.0,2343.0,2343.0
2026-08-05 12:01:16,VUELO,2026-08-06,CBB,Cochabamba,CIJ,Cobija,BOLIVIANA DE AVIACION,OB,656 / 961 / 400,2026-08-06 22:25,2026-08-07 09:40,ECONOMICA,AVION,"2 escala (VVI, LPB) - 11:15",True,2,2343.0,2343.0,2343.0
2026-08-05 12:01:16,VUELO,2026-08-06,CBB,Cochabamba,CIJ,Cobija,BOLIVIANA DE AVIACION,OB,656 / 663 / 400,2026-08-06 22:25,2026-08-07 09:40,ECONOMICA,AVION,"2 escala (VVI, LPB) - 11:15",True,2,2344.0,2344.0,2344.0
2026-08-05 12:01:16,VUELO,2026-08-06,CBB,Cochabamba,COR,Cordoba,LATAM AIRLINES GROUP,LA,656 / 2407 / 2384,2026-08-06 22:25,2026-08-08 04:10,ECONOMICA,AVION,"2 escala (VVI, LIM) - 28:45",True,2,21587.0,21587.0,21587.0
2026-08-05 12:01:16,VUELO,2026-08-06,CBB,Cochabamba,COR,Cordoba,LATAM AIRLINES GROUP,LA,656 / 2407 / 2364,2026-08-06 22:25,2026-08-08 05:55,ECONOMICA,AVION,"2 escala (VVI, LIM) - 30:30",True,2,21587.0,21587.0,21587.0
2026-08-05 12:01:16,VUELO,2026-08-06,CBB,Cochabamba,EZE,Buenos Aires,BOLIVIANA DE AVIACION,OB,656 / 700,2026-08-06 22:25,2026-08-08 01:50,ECONOMICA,AVION,1 escala (VVI) - 26:25,True,1,5920.0,5920.0,5920.0
2026-08-05 12:01:16,VUELO,2026-08-06,CBB,Cochabamba,EZE,Buenos Aires,LATAM AIRLINES GROUP,LA,656 / 2407 / 2375,2026-08-06 22:25,2026-08-08 02:45,ECONOMICA,AVION,"2 escala (VVI, LIM) - 27:20",True,2,21436.0,21436.0,21436.0
2026-08-05 12:01:16,VUELO,2026-08-06,CBB,Cochabamba,MDZ,Mendoza,LATAM AIRLINES GROUP,LA,656 / 2407 / 2435,2026-08-06 22:25,2026-08-08 06:25,ECONOMICA,AVION,"2 escala (VVI, LIM) - 31:00",True,2,21989.0,21989.0,21989.0
2026-08-05 12:01:16,VUELO,2026-08-06,CBB,Cochabamba,UYU,Uyuni,BOLIVIANA DE AVIACION,OB,656 / 661 / 304,2026-08-06 22:25,2026-08-07 08:10,ECONOMICA,AVION,"2 escala (VVI, LPB) - 09:45",True,2,2395.0,2395.0,2395.0
2026-08-05 12:01:16,VUELO,2026-08-06,CBB,Cochabamba,UYU,Uyuni,BOLIVIANA DE AVIACION,OB,656 / 961 / 304,2026-08-06 22:25,2026-08-07 08:10,ECONOMICA,AVION,"2 escala (VVI, LPB) - 09:45",True,2,2395.0,2395.0,2395.0
2026-08-05 12:01:16,VUELO,2026-08-06,CBB,Cochabamba,VVI,Santa Cruz,BOLIVIANA DE AVIACION,OB,656,2026-08-06 22:25,2026-08-06 23:15,ECONOMICA,AVION,Directo (00:50),False,0,713.0,713.0,713.0
2026-08-05 10:06:04,VUELO,2026-08-06,CBB,Cochabamba,LPB,La Paz,BOLIVIANA DE AVIACION,OB,,2026-08-06 23:10,2026-08-06 23:55,ECONOMICA,AVION,0,,,505.0,505.0,505.0
2026-08-05 12:01:16,VUELO,2026-08-06,CBB,Cochabamba,CIJ,Cobija,BOLIVIANA DE AVIACION,OB,626 / 400,2026-08-06 23:10,2026-08-07 09:40,ECONOMICA,AVION,1 escala (LPB) - 10:30,True,1,1509.0,1509.0,1509.0
2026-08-05 12:01:16,VUELO,2026-08-06,CBB,Cochabamba,COR,Cordoba,LATAM AIRLINES GROUP,LA,626 / 2401 / 2384,2026-08-06 23:10,2026-08-08 04:10,ECONOMICA,AVION,"2 escala (LPB, LIM) - 28:00",True,2,21587.0,21587.0,21587.0
2026-08-05 12:01:16,VUELO,2026-08-06,CBB,Cochabamba,COR,Cordoba,LATAM AIRLINES GROUP,LA,626 / 2401 / 2364,2026-08-06 23:10,2026-08-08 05:55,ECONOMICA,AVION,"2 escala (LPB, LIM) - 29:45",True,2,21587.0,21587.0,21587.0
2026-08-05 12:01:16,VUELO,2026-08-06,CBB,Cochabamba,EZE,Buenos Aires,LATAM AIRLINES GROUP,LA,626 / 2401 / 2375,2026-08-06 23:10,2026-08-08 02:45,ECONOMICA,AVION,"2 escala (LPB, LIM) - 26:35",True,2,21436.0,21436.0,21436.0
2026-08-05 12:01:16,VUELO,2026-08-06,CBB,Cochabamba,LPB,La Paz,BOLIVIANA DE AVIACION,OB,626,2026-08-06 23:10,2026-08-06 23:55,ECONOMICA,AVION,Directo (00:45),False,0,457.0,457.0,457.0
2026-08-05 12:01:16,VUELO,2026-08-06,CBB,Cochabamba,MDZ,Mendoza,LATAM AIRLINES GROUP,LA,626 / 2401 / 2435,2026-08-06 23:10,2026-08-08 06:25,ECONOMICA,AVION,"2 escala (LPB, LIM) - 30:15",True,2,21989.0,21989.0,21989.0
2026-08-05 12:01:16,VUELO,2026-08-06,CBB,Cochabamba,UYU,Uyuni,BOLIVIANA DE AVIACION,OB,626 / 304,2026-08-06 23:10,2026-08-07 08:10,ECONOMICA,AVION,1 escala (LPB) - 09:00,True,1,1736.0,1736.0,1736.0
2026-08-05 12:01:16,VUELO,2026-08-06,CGB,Cuiaba,CBB,Cochabamba,BOLIVIANA DE AVIACION,OB,4257 / 2814 / 737,2026-08-06 02:00,2026-08-06 16:10,ECONOMICA,AVION,"2 escala (CNF, GRU) - 14:10",True,2,10825.0,10825.0,10825.0
2026-08-05 12:01:16,VUELO,2026-08-06,CGB,Cuiaba,CBB,Cochabamba,BOLIVIANA DE AVIACION,OB,4257 / 2636 / 737,2026-08-06 02:00,2026-08-06 16:10,ECONOMICA,AVION,"2 escala (CNF, CGH) - 14:10",True,2,11185.0,11185.0,11185.0
2026-08-05 12:01:16,VUELO,2026-08-06,CGB,Cuiaba,CBB,Cochabamba,BOLIVIANA DE AVIACION,OB,4257 / 6041 / 737,2026-08-06 02:00,2026-08-06 16:10,ECONOMICA,AVION,"2 escala (CNF, CGH) - 14:10",True,2,11185.0,11185.0,11185.0
2026-08-05 12:01:16,VUELO,2026-08-06,CGB,Cuiaba,CBB,Cochabamba,BOLIVIANA DE AVIACION,OB,4257 / 4096 / 737,2026-08-06 02:00,2026-08-06 16:10,ECONOMICA,AVION,"2 escala (CNF, VCP) - 14:10",True,2,11269.0,11269.0,11269.0
2026-08-05 12:01:16,VUELO,2026-08-06,CGB,Cuiaba,CBB,Cochabamba,BOLIVIANA DE AVIACION,OB,4257 / 4188 / 737,2026-08-06 02:00,2026-08-06 16:10,ECONOMICA,AVION,"2 escala (CNF, VCP) - 14:10",True,2,11269.0,11269.0,11269.0
2026-08-05 12:01:16,VUELO,2026-08-06,CGB,Cuiaba,COR,Cordoba,GOL LINHAS AEREAS S/A,G3,1469 / 3003 / 3466,2026-08-06 02:00,2026-08-07 07:00,ECONOMICA,AVION,"2 escala (GRU, AEP) - 28:00",True,2,5706.0,5706.0,5706.0
2026-08-05 12:01:16,VUELO,2026-08-06,CGB,Cuiaba,EZE,Buenos Aires,GOL LINHAS AEREAS S/A,G3,1469 / 1448 / 7654,2026-08-06 02:00,2026-08-07 16:15,ECONOMICA,AVION,"2 escala (GRU, GIG) - 37:15",True,2,4876.0,4876.0,4876.0
2026-08-05 12:01:16,VUELO,2026-08-06,CGB,Cuiaba,EZE,Buenos Aires,GOL LINHAS AEREAS S/A,G3,1469 / 1374 / 7654,2026-08-06 02:00,2026-08-06 17:40,ECONOMICA,AVION,"2 escala (GRU, GIG) - 14:40",True,2,5846.0,5846.0,5846.0
2026-08-05 12:01:16,VUELO,2026-08-06,CGB,Cuiaba,EZE,Buenos Aires,APG AIRLINES,GP,1469 / 15,2026-08-06 02:00,2026-08-06 22:25,ECONOMICA,AVION,1 escala (GRU) - 19:25,True,1,10309.0,10309.0,10309.0
2026-08-05 12:01:16,VUELO,2026-08-06,CGB,Cuiaba,VVI,Santa Cruz,BOLIVIANA DE AVIACION,OB,4257 / 2814 / 739,2026-08-06 02:00,2026-08-06 20:25,ECONOMICA,AVION,"2 escala (CNF, GRU) - 18:25",True,2,10464.0,10464.0,10464.0
2026-08-05 12:01:16,VUELO,2026-08-06,CGB,Cuiaba,VVI,Santa Cruz,BOLIVIANA DE AVIACION,OB,4257 / 4236 / 739,2026-08-06 02:00,2026-08-06 20:25,ECONOMICA,AVION,"2 escala (CNF, GRU) - 18:25",True,2,10464.0,10464.0,10464.0
2026-08-05 12:01:16,VUELO,2026-08-06,CGB,Cuiaba,VVI,Santa Cruz,BOLIVIANA DE AVIACION,OB,4257 / 2636 / 739,2026-08-06 02:00,2026-08-06 20:25,ECONOMICA,AVION,"2 escala (CNF, CGH) - 18:25",True,2,10825.0,10825.0,10825.0
2026-08-05 12:01:16,VUELO,2026-08-06,CGB,Cuiaba,VVI,Santa Cruz,BOLIVIANA DE AVIACION,OB,4257 / 6077 / 739,2026-08-06 02:00,2026-08-06 20:25,ECONOMICA,AVION,"2 escala (CNF, CGH) - 18:25",True,2,10825.0,10825.0,10825.0
2026-08-05 12:01:16,VUELO,2026-08-06,CGB,Cuiaba,VVI,Santa Cruz,BOLIVIANA DE AVIACION,OB,4257 / 6503 / 739,2026-08-06 02:00,2026-08-06 20:25,ECONOMICA,AVION,"2 escala (CNF, CGH) - 18:25",True,2,10825.0,10825.0,10825.0
2026-08-05 12:01:16,VUELO,2026-08-06,CGB,Cuiaba,VVI,Santa Cruz,BOLIVIANA DE AVIACION,OB,4257 / 6041 / 739,2026-08-06 02:00,2026-08-06 20:25,ECONOMICA,AVION,"2 escala (CNF, CGH) - 18:25",True,2,10825.0,10825.0,10825.0
2026-08-05 12:01:16,VUELO,2026-08-06,CGB,Cuiaba,VVI,Santa Cruz,BOLIVIANA DE AVIACION,OB,4257 / 6411 / 739,2026-08-06 02:00,2026-08-06 20:25,ECONOMICA,AVION,"2 escala (CNF, CGH) - 18:25",True,2,10825.0,10825.0,10825.0
2026-08-05 12:01:16,VUELO,2026-08-06,CGB,Cuiaba,VVI,Santa Cruz,BOLIVIANA DE AVIACION,OB,4257 / 6415 / 739,2026-08-06 02:00,2026-08-06 20:25,ECONOMICA,AVION,"2 escala (CNF, CGH) - 18:25",True,2,10825.0,10825.0,10825.0
2026-08-05 12:01:16,VUELO,2026-08-06,CGB,Cuiaba,VVI,Santa Cruz,BOLIVIANA DE AVIACION,OB,4257 / 4096 / 739,2026-08-06 02:00,2026-08-06 20:25,ECONOMICA,AVION,"2 escala (CNF, VCP) - 18:25",True,2,10909.0,10909.0,10909.0
2026-08-05 12:01:16,VUELO,2026-08-06,CGB,Cuiaba,VVI,Santa Cruz,BOLIVIANA DE AVIACION,OB,4257 / 4188 / 739,2026-08-06 02:00,2026-08-06 20:25,ECONOMICA,AVION,"2 escala (CNF, VCP) - 18:25",True,2,10909.0,10909.0,10909.0
2026-08-05 12:01:16,VUELO,2026-08-06,CGB,Cuiaba,VVI,Santa Cruz,BOLIVIANA DE AVIACION,OB,4257 / 4321 / 739,2026-08-06 02:00,2026-08-06 20:25,ECONOMICA,AVION,"2 escala (CNF, VCP) - 18:25",True,2,10909.0,10909.0,10909.0
2026-08-05 12:01:16,VUELO,2026-08-06,CGB,Cuiaba,VVI,Santa Cruz,BOLIVIANA DE AVIACION,OB,4257 / 4328 / 739,2026-08-06 02:00,2026-08-06 20:25,ECONOMICA,AVION,"2 escala (CNF, VCP) - 18:25",True,2,10909.0,10909.0,10909.0
2026-08-05 12:01:16,VUELO,2026-08-06,CGB,Cuiaba,CBB,Cochabamba,BOLIVIANA DE AVIACION,OB,4341 / 737,2026-08-06 02:05,2026-08-06 16:10,ECONOMICA,AVION,1 escala (VCP) - 14:05,True,1,10560.0,10560.0,10560.0
2026-08-05 12:01:16,VUELO,2026-08-06,CGB,Cuiaba,EZE,Buenos Aires,AZUL LINHAS AEREAS BRASILEIRAS,AD,4341 / 90,2026-08-06 02:05,2026-08-06 14:30,ECONOMICA,AVION,1 escala (VCP) - 11:25,True,1,11041.0,11041.0,11041.0
2026-08-05 12:01:16,VUELO,2026-08-06,CGB,Cuiaba,LPB,La Paz,BOLIVIANA DE AVIACION,OB,4341 / 737 / 620,2026-08-06 02:05,2026-08-06 18:25,ECONOMICA,AVION,"2 escala (VCP, CBB) - 16:20",True,2,10825.0,10825.0,10825.0
2026-08-05 12:01:16,VUELO,2026-08-06,CGB,Cuiaba,LPB,La Paz,BOLIVIANA DE AVIACION,OB,4341 / 737 / 922,2026-08-06 02:05,2026-08-06 21:10,ECONOMICA,AVION,"2 escala (VCP, CBB) - 19:05",True,2,10825.0,10825.0,10825.0
2026-08-05 12:01:16,VUELO,2026-08-06,CGB,Cuiaba,LPB,La Paz,BOLIVIANA DE AVIACION,OB,4341 / 737 / 624,2026-08-06 02:05,2026-08-06 23:05,ECONOMICA,AVION,"2 escala (VCP, CBB) - 21:00",True,2,10825.0,10825.0,10825.0
2026-08-05 12:01:16,VUELO,2026-08-06,CGB,Cuiaba,LPB,La Paz,BOLIVIANA DE AVIACION,OB,4341 / 737 / 626,2026-08-06 02:05,2026-08-06 23:55,ECONOMICA,AVION,"2 escala (VCP, CBB) - 21:50",True,2,10825.0,10825.0,10825.0
2026-08-05 12:01:16,VUELO,2026-08-06,CGB,Cuiaba,LPB,La Paz,BOLIVIANA DE AVIACION,OB,4341 / 737 / 600,2026-08-06 02:05,2026-08-07 06:00,ECONOMICA,AVION,"2 escala (VCP, CBB) - 27:55",True,2,10840.0,10840.0,10840.0
2026-08-05 12:01:16,VUELO,2026-08-06,CGB,Cuiaba,LPB,La Paz,BOLIVIANA DE AVIACION,OB,4341 / 737 / 610,2026-08-06 02:05,2026-08-07 11:45,ECONOMICA,AVION,"2 escala (VCP, CBB) - 33:40",True,2,10840.0,10840.0,10840.0
2026-08-05 12:01:16,VUELO,2026-08-06,CGB,Cuiaba,SRE,Sucre,BOLIVIANA DE AVIACION,OB,4341 / 737 / 578,2026-08-06 02:05,2026-08-06 20:30,ECONOMICA,AVION,"2 escala (VCP, CBB) - 18:25",True,2,11065.0,11065.0,11065.0
2026-08-05 12:01:16,VUELO,2026-08-06,CGB,Cuiaba,SRE,Sucre,BOLIVIANA DE AVIACION,OB,4341 / 737 / 572,2026-08-06 02:05,2026-08-07 09:00,ECONOMICA,AVION,"2 escala (VCP, CBB) - 30:55",True,2,11080.0,11080.0,11080.0
2026-08-05 12:01:16,VUELO,2026-08-06,CGB,Cuiaba,VVI,Santa Cruz,BOLIVIANA DE AVIACION,OB,4341 / 739,2026-08-06 02:05,2026-08-06 20:25,ECONOMICA,AVION,1 escala (VCP) - 18:20,True,1,10200.0,10200.0,10200.0
2026-08-05 12:01:16,VUELO,2026-08-06,CGB,Cuiaba,COR,Cordoba,LATAM AIRLINES GROUP,LA,3269 / 759 / 486,2026-08-06 02:25,2026-08-07 20:21,ECONOMICA,AVION,"2 escala (GRU, SCL) - 40:56",True,2,8087.0,8087.0,8087.0
2026-08-05 12:01:16,VUELO,2026-08-06,CGB,Cuiaba,EZE,Buenos Aires,LATAM AIRLINES GROUP,LA,3269 / 8130,2026-08-06 02:25,2026-08-07 01:05,ECONOMICA,AVION,1 escala (GRU) - 21:40,True,1,9528.0,9528.0,9528.0
2026-08-05 12:01:16,VUELO,2026-08-06,CGB,Cuiaba,EZE,Buenos Aires,LATAM AIRLINES GROUP,LA,3269 / 627 / 477,2026-08-06 02:25,2026-08-06 18:21,ECONOMICA,AVION,"2 escala (GRU, SCL) - 14:56",True,2,11909.0,11909.0,11909.0
2026-08-05 12:01:16,VUELO,2026-08-06,CGB,Cuiaba,EZE,Buenos Aires,LATAM AIRLINES GROUP,LA,3269 / 715 / 477,2026-08-06 02:25,2026-08-06 18:21,ECONOMICA,AVION,"2 escala (GRU, SCL) - 14:56",True,2,11909.0,11909.0,11909.0
2026-08-05 12:01:16,VUELO,2026-08-06,CGB,Cuiaba,LPB,La Paz,LATAM AIRLINES GROUP,LA,3269 / 2425 / 2400,2026-08-06 02:25,2026-08-07 03:55,ECONOMICA,AVION,"2 escala (GRU, LIM) - 25:30",True,2,20936.0,20936.0,20936.0
2026-08-05 12:01:16,VUELO,2026-08-06,CGB,Cuiaba,LPB,La Paz,LATAM AIRLINES GROUP,LA,3269 / 2429 / 2400,2026-08-06 02:25,2026-08-07 03:55,ECONOMICA,AVION,"2 escala (GRU, LIM) - 25:30",True,2,20936.0,20936.0,20936.0
2026-08-05 12:01:16,VUELO,2026-08-06,CGB,Cuiaba,LPB,La Paz,LATAM AIRLINES GROUP,LA,3269 / 8098 / 2400,2026-08-06 02:25,2026-08-07 03:55,ECONOMICA,AVION,"2 escala (GRU, LIM) - 25:30",True,2,20936.0,20936.0,20936.0
2026-08-05 12:01:16,VUELO,2026-08-06,CGB,Cuiaba,MDZ,Mendoza,LATAM AIRLINES GROUP,LA,3269 / 612 / 436,2026-08-06 02:25,2026-08-06 19:03,ECONOMICA,AVION,"2 escala (GRU, SCL) - 15:38",True,2,9853.0,9853.0,9853.0
2026-08-05 12:01:16,VUELO,2026-08-06,CGB,Cuiaba,MDZ,Mendoza,LATAM AIRLINES GROUP,LA,3269 / 627 / 436,2026-08-06 02:25,2026-08-06 19:03,ECONOMICA,AVION,"2 escala (GRU, SCL) - 15:38",True,2,9853.0,9853.0,9853.0
2026-08-05 12:01:16,VUELO,2026-08-06,CGB,Cuiaba,MDZ,Mendoza,LATAM AIRLINES GROUP,LA,3269 / 715 / 436,2026-08-06 02:25,2026-08-06 19:03,ECONOMICA,AVION,"2 escala (GRU, SCL) - 15:38",True,2,9853.0,9853.0,9853.0
2026-08-05 12:01:16,VUELO,2026-08-06,CGB,Cuiaba,MDZ,Mendoza,LATAM AIRLINES GROUP,LA,3269 / 759 / 436,2026-08-06 02:25,2026-08-07 19:03,ECONOMICA,AVION,"2 escala (GRU, SCL) - 39:38",True,2,10367.0,10367.0,10367.0
2026-08-05 12:01:16,VUELO,2026-08-06,CGB,Cuiaba,MDZ,Mendoza,LATAM AIRLINES GROUP,LA,3269 / 763 / 436,2026-08-06 02:25,2026-08-07 19:03,ECONOMICA,AVION,"2 escala (GRU, SCL) - 39:38",True,2,10367.0,10367.0,10367.0
2026-08-05 12:01:16,VUELO,2026-08-06,CGB,Cuiaba,MDZ,Mendoza,LATAM AIRLINES GROUP,LA,3269 / 8140 / 1416,2026-08-06 02:25,2026-08-06 16:15,ECONOMICA,AVION,"2 escala (GRU, AEP) - 12:50",True,2,11358.0,11358.0,11358.0
2026-08-05 12:01:16,VUELO,2026-08-06,CGB,Cuiaba,MDZ,Mendoza,LATAM AIRLINES GROUP,LA,3269 / 8192 / 1416,2026-08-06 02:25,2026-08-06 16:15,ECONOMICA,AVION,"2 escala (GRU, AEP) - 12:50",True,2,11358.0,11358.0,11358.0
2026-08-05 12:01:16,VUELO,2026-08-06,CGB,Cuiaba,VVI,Santa Cruz,LATAM AIRLINES GROUP,LA,3269 / 2425 / 2406,2026-08-06 02:25,2026-08-07 04:35,ECONOMICA,AVION,"2 escala (GRU, LIM) - 26:10",True,2,22703.0,22703.0,22703.0
2026-08-05 12:01:16,VUELO,2026-08-06,CGB,Cuiaba,VVI,Santa Cruz,LATAM AIRLINES GROUP,LA,3269 / 2429 / 2406,2026-08-06 02:25,2026-08-07 04:35,ECONOMICA,AVION,"2 escala (GRU, LIM) - 26:10",True,2,22703.0,22703.0,22703.0
2026-08-05 12:01:16,VUELO,2026-08-06,CGB,Cuiaba,VVI,Santa Cruz,LATAM AIRLINES GROUP,LA,3269 / 8098 / 2406,2026-08-06 02:25,2026-08-07 04:35,ECONOMICA,AVION,"2 escala (GRU, LIM) - 26:10",True,2,22703.0,22703.0,22703.0
2026-08-05 12:01:16,VUELO,2026-08-06,CGB,Cuiaba,COR,Cordoba,LATAM AIRLINES GROUP,LA,4656 / 759 / 486,2026-08-06 02:50,2026-08-07 20:21,ECONOMICA,AVION,"2 escala (CGH, SCL) - 40:31",True,2,9024.0,9024.0,9024.0
2026-08-05 12:01:16,VUELO,2026-08-06,CGB,Cuiaba,EZE,Buenos Aires,APG AIRLINES,GP,4656 / 15,2026-08-06 02:50,2026-08-06 22:25,ECONOMICA,AVION,1 escala (CGH) - 18:35,True,1,8999.0,8999.0,8999.0
2026-08-05 12:01:16,VUELO,2026-08-06,CGB,Cuiaba,EZE,Buenos Aires,LATAM AIRLINES GROUP,LA,4656 / 8130,2026-08-06 02:50,2026-08-07 01:05,ECONOMICA,AVION,1 escala (CGH) - 21:15,True,1,9528.0,9528.0,9528.0
2026-08-05 12:01:16,VUELO,2026-08-06,CGB,Cuiaba,LPB,La Paz,LATAM AIRLINES GROUP,LA,4656 / 2425 / 2400,2026-08-06 02:50,2026-08-07 03:55,ECONOMICA,AVION,"2 escala (CGH, LIM) - 25:05",True,2,20936.0,20936.0,20936.0
2026-08-05 12:01:16,VUELO,2026-08-06,CGB,Cuiaba,MDZ,Mendoza,LATAM AIRLINES GROUP,LA,4656 / 612 / 436,2026-08-06 02:50,2026-08-06 19:03,ECONOMICA,AVION,"2 escala (CGH, SCL) - 15:13",True,2,9853.0,9853.0,9853.0
2026-08-05 12:01:16,VUELO,2026-08-06,CGB,Cuiaba,MDZ,Mendoza,LATAM AIRLINES GROUP,LA,4656 / 759 / 436,2026-08-06 02:50,2026-08-07 19:03,ECONOMICA,AVION,"2 escala (CGH, SCL) - 39:13",True,2,10367.0,10367.0,10367.0
2026-08-05 12:01:16,VUELO,2026-08-06,CGB,Cuiaba,MDZ,Mendoza,LATAM AIRLINES GROUP,LA,4656 / 763 / 436,2026-08-06 02:50,2026-08-07 19:03,ECONOMICA,AVION,"2 escala (CGH, SCL) - 39:13",True,2,10367.0,10367.0,10367.0
2026-08-05 12:01:16,VUELO,2026-08-06,CGB,Cuiaba,COR,Cordoba,LATAM AIRLINES GROUP,LA,3895 / 4677 / 8281,2026-08-06 04:35,2026-08-06 16:25,ECONOMICA,AVION,"2 escala (BSB, GRU) - 10:50",True,2,9841.0,9841.0,9841.0
2026-08-05 12:01:16,VUELO,2026-08-06,CGB,Cuiaba,EZE,Buenos Aires,LATAM AIRLINES GROUP,LA,3895 / 4677 / 8130,2026-08-06 04:35,2026-08-07 01:05,ECONOMICA,AVION,"2 escala (BSB, GRU) - 19:30",True,2,9661.0,9661.0,9661.0
2026-08-05 12:01:16,VUELO,2026-08-06,CGB,Cuiaba,EZE,Buenos Aires,LATAM AIRLINES GROUP,LA,3895 / 3264 / 8130,2026-08-06 04:35,2026-08-07 01:05,ECONOMICA,AVION,"2 escala (BSB, GRU) - 19:30",True,2,9661.0,9661.0,9661.0
2026-08-05 12:01:16,VUELO,2026-08-06,CGB,Cuiaba,EZE,Buenos Aires,LATAM AIRLINES GROUP,LA,3895 / 3280 / 8130,2026-08-06 04:35,2026-08-07 01:05,ECONOMICA,AVION,"2 escala (BSB, VCP) - 19:30",True,2,9661.0,9661.0,9661.0
2026-08-05 12:01:16,VUELO,2026-08-06,CGB,Cuiaba,EZE,Buenos Aires,LATAM AIRLINES GROUP,LA,3895 / 3322 / 8130,2026-08-06 04:35,2026-08-07 01:05,ECONOMICA,AVION,"2 escala (BSB, VCP) - 19:30",True,2,9661.0,9661.0,9661.0
2026-08-05 12:01:16,VUELO,2026-08-06,CGB,Cuiaba,EZE,Buenos Aires,LATAM AIRLINES GROUP,LA,3895 / 3001 / 8130,2026-08-06 04:35,2026-08-07 01:05,ECONOMICA,AVION,"2 escala (BSB, CGH) - 19:30",True,2,9661.0,9661.0,9661.0
2026-08-05 12:01:16,VUELO,2026-08-06,CGB,Cuiaba,EZE,Buenos Aires,LATAM AIRLINES GROUP,LA,3895 / 4738 / 8130,2026-08-06 04:35,2026-08-07 01:05,ECONOMICA,AVION,"2 escala (BSB, CGH) - 19:30",True,2,9661.0,9661.0,9661.0
2026-08-05 12:01:16,VUELO,2026-08-06,CGB,Cuiaba,EZE,Buenos Aires,LATAM AIRLINES GROUP,LA,3895 / 3528 / 8130,2026-08-06 04:35,2026-08-07 01:05,ECONOMICA,AVION,"2 escala (BSB, GRU) - 19:30",True,2,9661.0,9661.0,9661.0
2026-08-05 12:01:16,VUELO,2026-08-06,CGB,Cuiaba,LPB,La Paz,LATAM AIRLINES GROUP,LA,3895 / 2403 / 2400,2026-08-06 04:35,2026-08-07 03:55,ECONOMICA,AVION,"2 escala (BSB, LIM) - 23:20",True,2,19113.0,19113.0,19113.0
2026-08-05 12:01:16,VUELO,2026-08-06,CGB,Cuiaba,MDZ,Mendoza,LATAM AIRLINES GROUP,LA,3895 / 3322 / 8168,2026-08-06 04:35,2026-08-07 16:15,ECONOMICA,AVION,"2 escala (BSB, VCP) - 34:40",True,2,9853.0,9853.0,9853.0
2026-08-05 12:01:16,VUELO,2026-08-06,CGB,Cuiaba,MDZ,Mendoza,LATAM AIRLINES GROUP,LA,3895 / 789 / 436,2026-08-06 04:35,2026-08-06 19:03,ECONOMICA,AVION,"2 escala (BSB, SCL) - 13:28",True,2,9869.0,9869.0,9869.0
2026-08-05 12:01:16,VUELO,2026-08-06,CGB,Cuiaba,EZE,Buenos Aires,GOL LINHAS AEREAS S/A,G3,1715 / 1793 / 7654,2026-08-06 04:45,2026-08-07 16:15,ECONOMICA,AVION,"2 escala (BSB, GIG) - 34:30",True,2,5846.0,5846.0,5846.0
2026-08-05 12:01:16,VUELO,2026-08-06,CGB,Cuiaba,VVI,Santa Cruz,BOLIVIANA DE AVIACION,OB,4238 / 739,2026-08-06 08:10,2026-08-06 20:25,ECONOMICA,AVION,1 escala (VCP) - 12:15,True,1,9262.0,9262.0,9262.0
2026-08-05 12:01:16,VUELO,2026-08-06,CGB,Cuiaba,COR,Cordoba,LATAM AIRLINES GROUP,LA,3393 / 8048,2026-08-06 09:05,2026-08-07 11:45,ECONOMICA,AVION,1 escala (GRU) - 25:40,True,1,9708.0,9708.0,9708.0
2026-08-05 12:01:16,VUELO,2026-08-06,CGB,Cuiaba,COR,Cordoba,LATAM AIRLINES GROUP,LA,3393 / 763 / 486,2026-08-06 09:05,2026-08-07 20:21,ECONOMICA,AVION,"2 escala (GRU, SCL) - 34:16",True,2,10142.0,10142.0,10142.0
2026-08-05 12:01:16,VUELO,2026-08-06,CGB,Cuiaba,EZE,Buenos Aires,APG AIRLINES,GP,3393 / 15,2026-08-06 09:05,2026-08-06 22:25,ECONOMICA,AVION,1 escala (GRU) - 12:20,True,1,8999.0,8999.0,8999.0
2026-08-05 12:01:16,VUELO,2026-08-06,CGB,Cuiaba,EZE,Buenos Aires,LATAM AIRLINES GROUP,LA,3393 / 763 / 542,2026-08-06 09:05,2026-08-07 11:30,ECONOMICA,AVION,"2 escala (GRU, SCL) - 25:25",True,2,9937.0,9937.0,9937.0
2026-08-05 12:01:16,VUELO,2026-08-06,CGB,Cuiaba,EZE,Buenos Aires,LATAM AIRLINES GROUP,LA,3393 / 755 / 542,2026-08-06 09:05,2026-08-07 11:30,ECONOMICA,AVION,"2 escala (GRU, SCL) - 25:25",True,2,10238.0,10238.0,10238.0
2026-08-05 12:01:16,VUELO,2026-08-06,CGB,Cuiaba,EZE,Buenos Aires,LATAM AIRLINES GROUP,LA,3393 / 759 / 542,2026-08-06 09:05,2026-08-07 11:30,ECONOMICA,AVION,"2 escala (GRU, SCL) - 25:25",True,2,11909.0,11909.0,11909.0
2026-08-05 12:01:16,VUELO,2026-08-06,CGB,Cuiaba,LPB,La Paz,LATAM AIRLINES GROUP,LA,3393 / 612 / 890,2026-08-06 09:05,2026-08-08 08:31,ECONOMICA,AVION,"2 escala (GRU, SCL) - 47:26",True,2,19241.0,19241.0,19241.0
2026-08-05 12:01:16,VUELO,2026-08-06,CGB,Cuiaba,LPB,La Paz,LATAM AIRLINES GROUP,LA,3393 / 715 / 890,2026-08-06 09:05,2026-08-08 08:31,ECONOMICA,AVION,"2 escala (GRU, SCL) - 47:26",True,2,19241.0,19241.0,19241.0
2026-08-05 12:01:16,VUELO,2026-08-06,CGB,Cuiaba,LPB,La Paz,LATAM AIRLINES GROUP,LA,3393 / 2425 / 2400,2026-08-06 09:05,2026-08-07 03:55,ECONOMICA,AVION,"2 escala (GRU, LIM) - 18:50",True,2,20936.0,20936.0,20936.0
2026-08-05 12:01:16,VUELO,2026-08-06,CGB,Cuiaba,MDZ,Mendoza,LATAM AIRLINES GROUP,LA,3393 / 8168,2026-08-06 09:05,2026-08-07 16:15,ECONOMICA,AVION,1 escala (GRU) - 30:10,True,1,9720.0,9720.0,9720.0
2026-08-05 12:01:16,VUELO,2026-08-06,CGB,Cuiaba,MDZ,Mendoza,LATAM AIRLINES GROUP,LA,3393 / 763 / 434,2026-08-06 09:05,2026-08-07 11:06,ECONOMICA,AVION,"2 escala (GRU, SCL) - 25:01",True,2,9853.0,9853.0,9853.0
2026-08-05 12:01:16,VUELO,2026-08-06,CGB,Cuiaba,MDZ,Mendoza,LATAM AIRLINES GROUP,LA,3393 / 763 / 436,2026-08-06 09:05,2026-08-07 19:03,ECONOMICA,AVION,"2 escala (GRU, SCL) - 32:58",True,2,10199.0,10199.0,10199.0
2026-08-05 12:01:16,VUELO,2026-08-06,CGB,Cuiaba,MDZ,Mendoza,LATAM AIRLINES GROUP,LA,3393 / 759 / 436,2026-08-06 09:05,2026-08-07 19:03,ECONOMICA,AVION,"2 escala (GRU, SCL) - 32:58",True,2,10367.0,10367.0,10367.0
2026-08-05 12:01:16,VUELO,2026-08-06,CGB,Cuiaba,VVI,Santa Cruz,LATAM AIRLINES GROUP,LA,3393 / 2425 / 2406,2026-08-06 09:05,2026-08-07 04:35,ECONOMICA,AVION,"2 escala (GRU, LIM) - 19:30",True,2,22703.0,22703.0,22703.0
2026-08-05 12:01:16,VUELO,2026-08-06,CGB,Cuiaba,EZE,Buenos Aires,LATAM AIRLINES GROUP,LA,3413 / 3528 / 8130,2026-08-06 10:15,2026-08-07 01:05,ECONOMICA,AVION,"2 escala (BSB, GRU) - 13:50",True,2,8086.0,8086.0,8086.0
2026-08-05 12:01:16,VUELO,2026-08-06,CGB,Cuiaba,EZE,Buenos Aires,LATAM AIRLINES GROUP,LA,3413 / 3322 / 8130,2026-08-06 10:15,2026-08-07 01:05,ECONOMICA,AVION,"2 escala (BSB, VCP) - 13:50",True,2,9661.0,9661.0,9661.0
2026-08-05 12:01:16,VUELO,2026-08-06,CGB,Cuiaba,MDZ,Mendoza,LATAM AIRLINES GROUP,LA,3413 / 3322 / 8168,2026-08-06 10:15,2026-08-07 16:15,ECONOMICA,AVION,"2 escala (BSB, VCP) - 29:00",True,2,9853.0,9853.0,9853.0
2026-08-05 12:01:16,VUELO,2026-08-06,CGB,Cuiaba,MDZ,Mendoza,LATAM AIRLINES GROUP,LA,3413 / 3384 / 8168,2026-08-06 10:15,2026-08-07 16:15,ECONOMICA,AVION,"2 escala (BSB, VCP) - 29:00",True,2,9853.0,9853.0,9853.0
2026-08-05 12:01:16,VUELO,2026-08-06,CGB,Cuiaba,VVI,Santa Cruz,GOL LINHAS AEREAS S/A,G3,1667 / 1377 / 7638,2026-08-06 10:25,2026-08-07 11:20,ECONOMICA,AVION,"2 escala (GIG, GRU) - 24:55",True,2,7904.0,7904.0,7904.0
2026-08-05 12:01:16,VUELO,2026-08-06,CGB,Cuiaba,VVI,Santa Cruz,GOL LINHAS AEREAS S/A,G3,1667 / 1379 / 7638,2026-08-06 10:25,2026-08-07 11:20,ECONOMICA,AVION,"2 escala (GIG, GRU) - 24:55",True,2,7904.0,7904.0,7904.0
2026-08-05 12:01:16,VUELO,2026-08-06,CGB,Cuiaba,VVI,Santa Cruz,BOLIVIANA DE AVIACION,OB,5041 / 739,2026-08-06 10:55,2026-08-06 20:25,ECONOMICA,AVION,1 escala (VCP) - 09:30,True,1,9262.0,9262.0,9262.0
2026-08-05 12:01:16,VUELO,2026-08-06,CGB,Cuiaba,COR,Cordoba,LATAM AIRLINES GROUP,LA,3031 / 2395 / 2384,2026-08-06 11:05,2026-08-08 04:10,ECONOMICA,AVION,"2 escala (CGH, LIM) - 40:05",True,2,8856.0,8856.0,8856.0
2026-08-05 12:01:16,VUELO,2026-08-06,CGB,Cuiaba,COR,Cordoba,LATAM AIRLINES GROUP,LA,3031 / 8048,2026-08-06 11:05,2026-08-07 11:45,ECONOMICA,AVION,1 escala (CGH) - 23:40,True,1,9708.0,9708.0,9708.0
2026-08-05 12:01:16,VUELO,2026-08-06,CGB,Cuiaba,COR,Cordoba,LATAM AIRLINES GROUP,LA,3031 / 759 / 486,2026-08-06 11:05,2026-08-07 20:21,ECONOMICA,AVION,"2 escala (CGH, SCL) - 32:16",True,2,10142.0,10142.0,10142.0
2026-08-05 12:01:16,VUELO,2026-08-06,CGB,Cuiaba,COR,Cordoba,LATAM AIRLINES GROUP,LA,3031 / 763 / 486,2026-08-06 11:05,2026-08-07 20:21,ECONOMICA,AVION,"2 escala (CGH, SCL) - 32:16",True,2,10142.0,10142.0,10142.0
2026-08-05 12:01:16,VUELO,2026-08-06,CGB,Cuiaba,EZE,Buenos Aires,LATAM AIRLINES GROUP,LA,3031 / 8130,2026-08-06 11:05,2026-08-07 01:05,ECONOMICA,AVION,1 escala (CGH) - 13:00,True,1,9528.0,9528.0,9528.0
2026-08-05 12:01:16,VUELO,2026-08-06,CGB,Cuiaba,EZE,Buenos Aires,LATAM AIRLINES GROUP,LA,3031 / 759 / 542,2026-08-06 11:05,2026-08-07 11:30,ECONOMICA,AVION,"2 escala (CGH, SCL) - 23:25",True,2,11909.0,11909.0,11909.0
2026-08-05 12:01:16,VUELO,2026-08-06,CGB,Cuiaba,EZE,Buenos Aires,LATAM AIRLINES GROUP,LA,3031 / 763 / 542,2026-08-06 11:05,2026-08-07 11:30,ECONOMICA,AVION,"2 escala (CGH, SCL) - 23:25",True,2,11909.0,11909.0,11909.0
2026-08-05 12:01:16,VUELO,2026-08-06,CGB,Cuiaba,LPB,La Paz,LATAM AIRLINES GROUP,LA,3031 / 612 / 890,2026-08-06 11:05,2026-08-08 08:31,ECONOMICA,AVION,"2 escala (CGH, SCL) - 45:26",True,2,19241.0,19241.0,19241.0
2026-08-05 12:01:16,VUELO,2026-08-06,CGB,Cuiaba,LPB,La Paz,LATAM AIRLINES GROUP,LA,3031 / 715 / 890,2026-08-06 11:05,2026-08-08 08:31,ECONOMICA,AVION,"2 escala (CGH, SCL) - 45:26",True,2,19241.0,19241.0,19241.0
2026-08-05 12:01:16,VUELO,2026-08-06,CGB,Cuiaba,LPB,La Paz,LATAM AIRLINES GROUP,LA,3031 / 755 / 890,2026-08-06 11:05,2026-08-08 08:31,ECONOMICA,AVION,"2 escala (CGH, SCL) - 45:26",True,2,19241.0,19241.0,19241.0
2026-08-05 12:01:16,VUELO,2026-08-06,CGB,Cuiaba,LPB,La Paz,LATAM AIRLINES GROUP,LA,3031 / 757 / 890,2026-08-06 11:05,2026-08-08 08:31,ECONOMICA,AVION,"2 escala (CGH, SCL) - 45:26",True,2,19241.0,19241.0,19241.0
2026-08-05 12:01:16,VUELO,2026-08-06,CGB,Cuiaba,LPB,La Paz,LATAM AIRLINES GROUP,LA,3031 / 2425 / 2400,2026-08-06 11:05,2026-08-07 03:55,ECONOMICA,AVION,"2 escala (CGH, LIM) - 16:50",True,2,20936.0,20936.0,20936.0
2026-08-05 12:01:16,VUELO,2026-08-06,CGB,Cuiaba,MDZ,Mendoza,LATAM AIRLINES GROUP,LA,3031 / 8168,2026-08-06 11:05,2026-08-07 16:15,ECONOMICA,AVION,1 escala (CGH) - 28:10,True,1,9720.0,9720.0,9720.0
2026-08-05 12:01:16,VUELO,2026-08-06,CGB,Cuiaba,MDZ,Mendoza,LATAM AIRLINES GROUP,LA,3031 / 763 / 434,2026-08-06 11:05,2026-08-07 11:06,ECONOMICA,AVION,"2 escala (CGH, SCL) - 23:01",True,2,9853.0,9853.0,9853.0
2026-08-05 12:01:16,VUELO,2026-08-06,CGB,Cuiaba,MDZ,Mendoza,LATAM AIRLINES GROUP,LA,3031 / 759 / 436,2026-08-06 11:05,2026-08-07 19:03,ECONOMICA,AVION,"2 escala (CGH, SCL) - 30:58",True,2,10199.0,10199.0,10199.0
2026-08-05 12:01:16,VUELO,2026-08-06,CGB,Cuiaba,MDZ,Mendoza,LATAM AIRLINES GROUP,LA,3031 / 763 / 436,2026-08-06 11:05,2026-08-07 19:03,ECONOMICA,AVION,"2 escala (CGH, SCL) - 30:58",True,2,10199.0,10199.0,10199.0
2026-08-05 12:01:16,VUELO,2026-08-06,CGB,Cuiaba,COR,Cordoba,LATAM AIRLINES GROUP,LA,3639 / 8048,2026-08-06 13:00,2026-08-07 11:45,ECONOMICA,AVION,1 escala (GRU) - 21:45,True,1,9708.0,9708.0,9708.0
2026-08-05 12:01:16,VUELO,2026-08-06,CGB,Cuiaba,COR,Cordoba,LATAM AIRLINES GROUP,LA,3639 / 759 / 486,2026-08-06 13:00,2026-08-07 20:21,ECONOMICA,AVION,"2 escala (GRU, SCL) - 30:21",True,2,10142.0,10142.0,10142.0
2026-08-05 12:01:16,VUELO,2026-08-06,CGB,Cuiaba,COR,Cordoba,LATAM AIRLINES GROUP,LA,3639 / 763 / 486,2026-08-06 13:00,2026-08-07 20:21,ECONOMICA,AVION,"2 escala (GRU, SCL) - 30:21",True,2,10142.0,10142.0,10142.0
2026-08-05 12:01:16,VUELO,2026-08-06,CGB,Cuiaba,EZE,Buenos Aires,APG AIRLINES,GP,3639 / 15,2026-08-06 13:00,2026-08-06 22:25,ECONOMICA,AVION,1 escala (GRU) - 08:25,True,1,8999.0,8999.0,8999.0
2026-08-05 12:01:16,VUELO,2026-08-06,CGB,Cuiaba,EZE,Buenos Aires,LATAM AIRLINES GROUP,LA,3639 / 8130,2026-08-06 13:00,2026-08-07 01:05,ECONOMICA,AVION,1 escala (GRU) - 11:05,True,1,9528.0,9528.0,9528.0
2026-08-05 12:01:16,VUELO,2026-08-06,CGB,Cuiaba,EZE,Buenos Aires,LATAM AIRLINES GROUP,LA,3639 / 759 / 542,2026-08-06 13:00,2026-08-07 11:30,ECONOMICA,AVION,"2 escala (GRU, SCL) - 21:30",True,2,11909.0,11909.0,11909.0
2026-08-05 12:01:16,VUELO,2026-08-06,CGB,Cuiaba,EZE,Buenos Aires,LATAM AIRLINES GROUP,LA,3639 / 763 / 542,2026-08-06 13:00,2026-08-07 11:30,ECONOMICA,AVION,"2 escala (GRU, SCL) - 21:30",True,2,11909.0,11909.0,11909.0
2026-08-05 12:01:16,VUELO,2026-08-06,CGB,Cuiaba,LPB,La Paz,LATAM AIRLINES GROUP,LA,3639 / 8182 / 890,2026-08-06 13:00,2026-08-08 08:31,ECONOMICA,AVION,"2 escala (GRU, SCL) - 43:31",True,2,18940.0,18940.0,18940.0
2026-08-05 12:01:16,VUELO,2026-08-06,CGB,Cuiaba,LPB,La Paz,LATAM AIRLINES GROUP,LA,3639 / 612 / 890,2026-08-06 13:00,2026-08-08 08:31,ECONOMICA,AVION,"2 escala (GRU, SCL) - 43:31",True,2,19241.0,19241.0,19241.0
2026-08-05 12:01:16,VUELO,2026-08-06,CGB,Cuiaba,LPB,La Paz,LATAM AIRLINES GROUP,LA,3639 / 715 / 890,2026-08-06 13:00,2026-08-08 08:31,ECONOMICA,AVION,"2 escala (GRU, SCL) - 43:31",True,2,19241.0,19241.0,19241.0
2026-08-05 12:01:16,VUELO,2026-08-06,CGB,Cuiaba,LPB,La Paz,LATAM AIRLINES GROUP,LA,3639 / 755 / 890,2026-08-06 13:00,2026-08-08 08:31,ECONOMICA,AVION,"2 escala (GRU, SCL) - 43:31",True,2,19241.0,19241.0,19241.0
2026-08-05 12:01:16,VUELO,2026-08-06,CGB,Cuiaba,LPB,La Paz,LATAM AIRLINES GROUP,LA,3639 / 757 / 890,2026-08-06 13:00,2026-08-08 08:31,ECONOMICA,AVION,"2 escala (GRU, SCL) - 43:31",True,2,19241.0,19241.0,19241.0
2026-08-05 12:01:16,VUELO,2026-08-06,CGB,Cuiaba,LPB,La Paz,LATAM AIRLINES GROUP,LA,3639 / 2425 / 2400,2026-08-06 13:00,2026-08-07 03:55,ECONOMICA,AVION,"2 escala (GRU, LIM) - 14:55",True,2,20936.0,20936.0,20936.0
2026-08-05 12:01:16,VUELO,2026-08-06,CGB,Cuiaba,MDZ,Mendoza,LATAM AIRLINES GROUP,LA,3639 / 8168,2026-08-06 13:00,2026-08-07 16:15,ECONOMICA,AVION,1 escala (GRU) - 26:15,True,1,9720.0,9720.0,9720.0
2026-08-05 12:01:16,VUELO,2026-08-06,CGB,Cuiaba,MDZ,Mendoza,LATAM AIRLINES GROUP,LA,3639 / 763 / 434,2026-08-06 13:00,2026-08-07 11:06,ECONOMICA,AVION,"2 escala (GRU, SCL) - 21:06",True,2,9853.0,9853.0,9853.0
2026-08-05 12:01:16,VUELO,2026-08-06,CGB,Cuiaba,MDZ,Mendoza,LATAM AIRLINES GROUP,LA,3639 / 759 / 436,2026-08-06 13:00,2026-08-07 19:03,ECONOMICA,AVION,"2 escala (GRU, SCL) - 29:03",True,2,10199.0,10199.0,10199.0
2026-08-05 12:01:16,VUELO,2026-08-06,CGB,Cuiaba,MDZ,Mendoza,LATAM AIRLINES GROUP,LA,3639 / 763 / 436,2026-08-06 13:00,2026-08-07 19:03,ECONOMICA,AVION,"2 escala (GRU, SCL) - 29:03",True,2,10199.0,10199.0,10199.0
2026-08-05 12:01:16,VUELO,2026-08-06,CGB,Cuiaba,COR,Cordoba,LATAM AIRLINES GROUP,LA,3113 / 3657 / 8048,2026-08-06 17:05,2026-08-07 11:45,ECONOMICA,AVION,"2 escala (BSB, GRU) - 17:40",True,2,9841.0,9841.0,9841.0
2026-08-05 12:01:16,VUELO,2026-08-06,CGB,Cuiaba,COR,Cordoba,LATAM AIRLINES GROUP,LA,3113 / 3384 / 8048,2026-08-06 17:05,2026-08-07 11:45,ECONOMICA,AVION,"2 escala (BSB, VCP) - 17:40",True,2,9841.0,9841.0,9841.0
2026-08-05 12:01:16,VUELO,2026-08-06,CGB,Cuiaba,MDZ,Mendoza,LATAM AIRLINES GROUP,LA,3113 / 3007 / 8168,2026-08-06 17:05,2026-08-07 16:15,ECONOMICA,AVION,"2 escala (BSB, CGH) - 22:10",True,2,9853.0,9853.0,9853.0
2026-08-05 12:01:16,VUELO,2026-08-06,CGB,Cuiaba,MDZ,Mendoza,LATAM AIRLINES GROUP,LA,3113 / 3260 / 8168,2026-08-06 17:05,2026-08-07 16:15,ECONOMICA,AVION,"2 escala (BSB, GRU) - 22:10",True,2,9853.0,9853.0,9853.0
2026-08-05 12:01:16,VUELO,2026-08-06,CGB,Cuiaba,MDZ,Mendoza,LATAM AIRLINES GROUP,LA,3113 / 3657 / 8168,2026-08-06 17:05,2026-08-07 16:15,ECONOMICA,AVION,"2 escala (BSB, GRU) - 22:10",True,2,9853.0,9853.0,9853.0
2026-08-05 12:01:16,VUELO,2026-08-06,CGB,Cuiaba,MDZ,Mendoza,LATAM AIRLINES GROUP,LA,3113 / 3384 / 8168,2026-08-06 17:05,2026-08-07 16:15,ECONOMICA,AVION,"2 escala (BSB, VCP) - 22:10",True,2,9853.0,9853.0,9853.0
2026-08-05 12:01:16,VUELO,2026-08-06,CGB,Cuiaba,MDZ,Mendoza,LATAM AIRLINES GROUP,LA,3113 / 3007 / 8019,2026-08-06 17:05,2026-08-08 12:00,ECONOMICA,AVION,"2 escala (BSB, CGH) - 41:55",True,2,9853.0,9853.0,9853.0
2026-08-05 12:01:16,VUELO,2026-08-06,CGB,Cuiaba,MDZ,Mendoza,LATAM AIRLINES GROUP,LA,3113 / 3321 / 8019,2026-08-06 17:05,2026-08-08 12:00,ECONOMICA,AVION,"2 escala (BSB, CGH) - 41:55",True,2,9853.0,9853.0,9853.0
2026-08-05 12:01:16,VUELO,2026-08-06,CGB,Cuiaba,MDZ,Mendoza,LATAM AIRLINES GROUP,LA,3113 / 3260 / 8019,2026-08-06 17:05,2026-08-08 12:00,ECONOMICA,AVION,"2 escala (BSB, GRU) - 41:55",True,2,9853.0,9853.0,9853.0
2026-08-05 12:01:16,VUELO,2026-08-06,CGB,Cuiaba,EZE,Buenos Aires,GOL LINHAS AEREAS S/A,G3,1713 / 1838 / 7654,2026-08-06 17:20,2026-08-07 16:15,ECONOMICA,AVION,"2 escala (BSB, GIG) - 21:55",True,2,5846.0,5846.0,5846.0
2026-08-05 12:01:16,VUELO,2026-08-06,CGB,Cuiaba,VVI,Santa Cruz,GOL LINHAS AEREAS S/A,G3,1713 / 1459 / 7638,2026-08-06 17:20,2026-08-07 11:20,ECONOMICA,AVION,"2 escala (BSB, GRU) - 18:00",True,2,7904.0,7904.0,7904.0
2026-08-05 12:01:16,VUELO,2026-08-06,CGB,Cuiaba,COR,Cordoba,GOL LINHAS AEREAS S/A,G3,1467 / 2172 / 7616,2026-08-06 17:50,2026-08-08 01:05,ECONOMICA,AVION,"2 escala (GRU, GIG) - 30:15",True,2,6531.0,6531.0,6531.0
2026-08-05 12:01:16,VUELO,2026-08-06,CGB,Cuiaba,COR,Cordoba,GOL LINHAS AEREAS S/A,G3,1467 / 1376 / 7616,2026-08-06 17:50,2026-08-08 01:05,ECONOMICA,AVION,"2 escala (GRU, GIG) - 30:15",True,2,6531.0,6531.0,6531.0
2026-08-05 12:01:16,VUELO,2026-08-06,CGB,Cuiaba,COR,Cordoba,GOL LINHAS AEREAS S/A,G3,1467 / 2178 / 7616,2026-08-06 17:50,2026-08-08 01:05,ECONOMICA,AVION,"2 escala (GRU, GIG) - 30:15",True,2,6607.0,6607.0,6607.0
2026-08-05 12:01:16,VUELO,2026-08-06,CGB,Cuiaba,COR,Cordoba,GOL LINHAS AEREAS S/A,G3,1467 / 2065 / 7616,2026-08-06 17:50,2026-08-08 01:05,ECONOMICA,AVION,"2 escala (GRU, GIG) - 30:15",True,2,6607.0,6607.0,6607.0
2026-08-05 12:01:16,VUELO,2026-08-06,CGB,Cuiaba,COR,Cordoba,GOL LINHAS AEREAS S/A,G3,1467 / 2095 / 7616,2026-08-06 17:50,2026-08-08 01:05,ECONOMICA,AVION,"2 escala (GRU, GIG) - 30:15",True,2,6607.0,6607.0,6607.0
2026-08-05 12:01:16,VUELO,2026-08-06,CGB,Cuiaba,COR,Cordoba,GOL LINHAS AEREAS S/A,G3,1467 / 1444 / 7616,2026-08-06 17:50,2026-08-08 01:05,ECONOMICA,AVION,"2 escala (GRU, GIG) - 30:15",True,2,6679.0,6679.0,6679.0
2026-08-05 12:01:16,VUELO,2026-08-06,CGB,Cuiaba,COR,Cordoba,GOL LINHAS AEREAS S/A,G3,1467 / 1448 / 7616,2026-08-06 17:50,2026-08-08 01:05,ECONOMICA,AVION,"2 escala (GRU, GIG) - 30:15",True,2,6679.0,6679.0,6679.0
2026-08-05 12:01:16,VUELO,2026-08-06,CGB,Cuiaba,COR,Cordoba,GOL LINHAS AEREAS S/A,G3,1467 / 1446 / 7616,2026-08-06 17:50,2026-08-08 01:05,ECONOMICA,AVION,"2 escala (GRU, GIG) - 30:15",True,2,6679.0,6679.0,6679.0
2026-08-05 12:01:16,VUELO,2026-08-06,CGB,Cuiaba,COR,Cordoba,GOL LINHAS AEREAS S/A,G3,1467 / 1624 / 7616,2026-08-06 17:50,2026-08-08 01:05,ECONOMICA,AVION,"2 escala (GRU, GIG) - 30:15",True,2,6679.0,6679.0,6679.0
2026-08-05 12:01:16,VUELO,2026-08-06,CGB,Cuiaba,COR,Cordoba,GOL LINHAS AEREAS S/A,G3,1467 / 3005 / 3108,2026-08-06 17:50,2026-08-07 12:35,ECONOMICA,AVION,"2 escala (GRU, AEP) - 17:45",True,2,7184.0,7184.0,7184.0
2026-08-05 12:01:16,VUELO,2026-08-06,CGB,Cuiaba,EZE,Buenos Aires,GOL LINHAS AEREAS S/A,G3,1467 / 1374 / 7654,2026-08-06 17:50,2026-08-07 16:15,ECONOMICA,AVION,"2 escala (GRU, GIG) - 21:25",True,2,7950.0,7950.0,7950.0
2026-08-05 12:01:16,VUELO,2026-08-06,CGB,Cuiaba,EZE,Buenos Aires,GOL LINHAS AEREAS S/A,G3,1467 / 1380 / 7654,2026-08-06 17:50,2026-08-07 16:15,ECONOMICA,AVION,"2 escala (GRU, GIG) - 21:25",True,2,7950.0,7950.0,7950.0
2026-08-05 12:01:16,VUELO,2026-08-06,CGB,Cuiaba,EZE,Buenos Aires,GOL LINHAS AEREAS S/A,G3,1467 / 2095 / 7654,2026-08-06 17:50,2026-08-07 16:15,ECONOMICA,AVION,"2 escala (GRU, GIG) - 21:25",True,2,8026.0,8026.0,8026.0
2026-08-05 12:01:16,VUELO,2026-08-06,CGB,Cuiaba,EZE,Buenos Aires,GOL LINHAS AEREAS S/A,G3,1467 / 2065 / 7654,2026-08-06 17:50,2026-08-07 16:15,ECONOMICA,AVION,"2 escala (GRU, GIG) - 21:25",True,2,8026.0,8026.0,8026.0
2026-08-05 12:01:16,VUELO,2026-08-06,CGB,Cuiaba,EZE,Buenos Aires,GOL LINHAS AEREAS S/A,G3,1467 / 1444 / 7654,2026-08-06 17:50,2026-08-07 16:15,ECONOMICA,AVION,"2 escala (GRU, GIG) - 21:25",True,2,8098.0,8098.0,8098.0
2026-08-05 12:01:16,VUELO,2026-08-06,CGB,Cuiaba,VVI,Santa Cruz,GOL LINHAS AEREAS S/A,G3,1467 / 7638,2026-08-06 17:50,2026-08-07 11:20,ECONOMICA,AVION,1 escala (GRU) - 17:30,True,1,7844.0,7844.0,7844.0
2026-08-05 12:01:16,VUELO,2026-08-06,CGB,Cuiaba,VVI,Santa Cruz,BOLIVIANA DE AVIACION,OB,2983 / 4449 / 733,2026-08-06 18:55,2026-08-07 20:20,ECONOMICA,AVION,"2 escala (VCP, GIG) - 25:25",True,2,11123.0,11123.0,11123.0
2026-08-05 12:01:16,VUELO,2026-08-06,CIJ,COBIJA,LPB,LA PAZ,TAMep,2E,713,2026-08-06 10:50,2026-08-06 12:00,ECONOMICA,AVION,Directo (01:10),False,0,1016.0,1016.0,1016.0
2026-08-05 12:01:16,VUELO,2026-08-06,COR,Cordoba,CGB,Cuiaba,GOL LINHAS AEREAS S/A,G3,7617 / 1375 / 1466,2026-08-06 02:05,2026-08-07 10:00,ECONOMICA,AVION,"2 escala (GIG, GRU) - 32:55",True,2,9533.0,9533.0,9533.0
2026-08-05 12:01:16,VUELO,2026-08-06,COR,Cordoba,CGB,Cuiaba,GOL LINHAS AEREAS S/A,G3,7617 / 1377 / 1466,2026-08-06 02:05,2026-08-07 10:00,ECONOMICA,AVION,"2 escala (GIG, GRU) - 32:55",True,2,9533.0,9533.0,9533.0
2026-08-05 12:01:16,VUELO,2026-08-06,COR,Cordoba,CGB,Cuiaba,GOL LINHAS AEREAS S/A,G3,7617 / 1449 / 1424,2026-08-06 02:05,2026-08-07 17:10,ECONOMICA,AVION,"2 escala (GIG, CGH) - 40:05",True,2,9533.0,9533.0,9533.0
2026-08-05 12:01:16,VUELO,2026-08-06,COR,Cordoba,CGB,Cuiaba,GOL LINHAS AEREAS S/A,G3,7617 / 1451 / 1424,2026-08-06 02:05,2026-08-07 17:10,ECONOMICA,AVION,"2 escala (GIG, CGH) - 40:05",True,2,9533.0,9533.0,9533.0
2026-08-05 12:01:16,VUELO,2026-08-06,COR,Cordoba,CGB,Cuiaba,GOL LINHAS AEREAS S/A,G3,7617 / 1839 / 1714,2026-08-06 02:05,2026-08-07 22:00,ECONOMICA,AVION,"2 escala (GIG, BSB) - 44:55",True,2,9533.0,9533.0,9533.0
2026-08-05 12:01:16,VUELO,2026-08-06,COR,Cordoba,CGB,Cuiaba,GOL LINHAS AEREAS S/A,G3,7617 / 1449 / 1466,2026-08-06 02:05,2026-08-07 10:00,ECONOMICA,AVION,"2 escala (GIG, CGH) - 32:55",True,2,9614.0,9614.0,9614.0
2026-08-05 12:01:16,VUELO,2026-08-06,COR,Cordoba,CGB,Cuiaba,GOL LINHAS AEREAS S/A,G3,7617 / 1451 / 1466,2026-08-06 02:05,2026-08-07 10:00,ECONOMICA,AVION,"2 escala (GIG, CGH) - 32:55",True,2,9614.0,9614.0,9614.0
2026-08-05 12:01:16,VUELO,2026-08-06,COR,Cordoba,CBB,Cochabamba,LATAM AIRLINES GROUP,LA,2365 / 2400 / 603,2026-08-06 07:45,2026-08-07 07:25,ECONOMICA,AVION,"2 escala (LIM, LPB) - 24:40",True,2,20651.0,20651.0,20651.0
2026-08-05 12:01:16,VUELO,2026-08-06,COR,Cordoba,CBB,Cochabamba,LATAM AIRLINES GROUP,LA,2365 / 2400 / 613,2026-08-06 07:45,2026-08-07 13:10,ECONOMICA,AVION,"2 escala (LIM, LPB) - 30:25",True,2,20666.0,20666.0,20666.0
2026-08-05 12:01:16,VUELO,2026-08-06,COR,Cordoba,CIJ,Cobija,LATAM AIRLINES GROUP,LA,2365 / 2400 / 400,2026-08-06 07:45,2026-08-07 09:40,ECONOMICA,AVION,"2 escala (LIM, LPB) - 26:55",True,2,21384.0,21384.0,21384.0
2026-08-05 12:01:16,VUELO,2026-08-06,COR,Cordoba,LPB,La Paz,LATAM AIRLINES GROUP,LA,2365 / 2400,2026-08-06 07:45,2026-08-07 03:55,ECONOMICA,AVION,1 escala (LIM) - 21:10,True,1,11802.0,11802.0,11802.0
2026-08-05 12:01:16,VUELO,2026-08-06,COR,Cordoba,LPB,La Paz,LATAM AIRLINES GROUP,LA,2365 / 2406 / 663,2026-08-06 07:45,2026-08-07 07:55,ECONOMICA,AVION,"2 escala (LIM, VVI) - 25:10",True,2,23365.0,23365.0,23365.0
2026-08-05 12:01:16,VUELO,2026-08-06,COR,Cordoba,LPB,La Paz,LATAM AIRLINES GROUP,LA,2365 / 2406 / 673,2026-08-06 07:45,2026-08-07 14:55,ECONOMICA,AVION,"2 escala (LIM, VVI) - 32:10",True,2,23380.0,23380.0,23380.0
2026-08-05 12:01:16,VUELO,2026-08-06,COR,Cordoba,LPB,La Paz,LATAM AIRLINES GROUP,LA,2365 / 2431 / 890,2026-08-06 07:45,2026-08-08 08:31,ECONOMICA,AVION,"2 escala (LIM, SCL) - 49:46",True,2,27474.0,27474.0,27474.0
2026-08-05 12:01:16,VUELO,2026-08-06,COR,Cordoba,LPB,La Paz,LATAM AIRLINES GROUP,LA,2365 / 2697 / 890,2026-08-06 07:45,2026-08-08 08:31,ECONOMICA,AVION,"2 escala (LIM, SCL) - 49:46",True,2,27474.0,27474.0,27474.0
2026-08-05 12:01:16,VUELO,2026-08-06,COR,Cordoba,LPB,La Paz,LATAM AIRLINES GROUP,LA,2365 / 2445 / 890,2026-08-06 07:45,2026-08-08 08:31,ECONOMICA,AVION,"2 escala (LIM, SCL) - 49:46",True,2,27474.0,27474.0,27474.0
2026-08-05 12:01:16,VUELO,2026-08-06,COR,Cordoba,UYU,Uyuni,LATAM AIRLINES GROUP,LA,2365 / 2400 / 304,2026-08-06 07:45,2026-08-07 08:10,ECONOMICA,AVION,"2 escala (LIM, LPB) - 25:25",True,2,21384.0,21384.0,21384.0
2026-08-05 12:01:16,VUELO,2026-08-06,COR,Cordoba,VVI,Santa Cruz,LATAM AIRLINES GROUP,LA,2365 / 2406,2026-08-06 07:45,2026-08-07 04:35,ECONOMICA,AVION,1 escala (LIM) - 21:50,True,1,20651.0,20651.0,20651.0
2026-08-05 12:01:16,VUELO,2026-08-06,COR,Cordoba,VVI,Santa Cruz,LATAM AIRLINES GROUP,LA,2365 / 2400 / 662,2026-08-06 07:45,2026-08-07 08:35,ECONOMICA,AVION,"2 escala (LIM, LPB) - 25:50",True,2,20651.0,20651.0,20651.0
2026-08-05 12:01:16,VUELO,2026-08-06,COR,Cordoba,VVI,Santa Cruz,LATAM AIRLINES GROUP,LA,2365 / 2400 / 668,2026-08-06 07:45,2026-08-07 11:45,ECONOMICA,AVION,"2 escala (LIM, LPB) - 29:00",True,2,20651.0,20651.0,20651.0
2026-08-05 12:01:16,VUELO,2026-08-06,COR,Cordoba,VVI,Santa Cruz,LATAM AIRLINES GROUP,LA,2365 / 2400 / 672,2026-08-06 07:45,2026-08-07 13:10,ECONOMICA,AVION,"2 escala (LIM, LPB) - 30:25",True,2,20666.0,20666.0,20666.0
2026-08-05 12:01:16,VUELO,2026-08-06,COR,Cordoba,CGB,Cuiaba,LATAM AIRLINES GROUP,LA,491 / 714 / 3030,2026-08-06 13:35,2026-08-07 10:15,ECONOMICA,AVION,"2 escala (SCL, GRU) - 21:40",True,2,7631.0,7631.0,7631.0
2026-08-05 12:01:16,VUELO,2026-08-06,COR,Cordoba,CGB,Cuiaba,LATAM AIRLINES GROUP,LA,491 / 790 / 3390,2026-08-06 13:35,2026-08-07 09:25,ECONOMICA,AVION,"2 escala (SCL, BSB) - 20:50",True,2,8243.0,8243.0,8243.0
2026-08-05 12:01:16,VUELO,2026-08-06,COR,Cordoba,CGB,Cuiaba,LATAM AIRLINES GROUP,LA,491 / 790 / 3112,2026-08-06 13:35,2026-08-07 16:15,ECONOMICA,AVION,"2 escala (SCL, BSB) - 27:40",True,2,8243.0,8243.0,8243.0
2026-08-05 12:01:16,VUELO,2026-08-06,COR,Cordoba,CGB,Cuiaba,LATAM AIRLINES GROUP,LA,491 / 613 / 3566,2026-08-06 13:35,2026-08-07 01:05,ECONOMICA,AVION,"2 escala (SCL, GRU) - 12:30",True,2,9094.0,9094.0,9094.0
2026-08-05 12:01:16,VUELO,2026-08-06,COR,Cordoba,CGB,Cuiaba,LATAM AIRLINES GROUP,LA,491 / 714 / 3566,2026-08-06 13:35,2026-08-07 01:05,ECONOMICA,AVION,"2 escala (SCL, GRU) - 12:30",True,2,9094.0,9094.0,9094.0
2026-08-05 12:01:16,VUELO,2026-08-06,COR,Cordoba,CGB,Cuiaba,LATAM AIRLINES GROUP,LA,491 / 8183 / 3638,2026-08-06 13:35,2026-08-07 08:25,ECONOMICA,AVION,"2 escala (SCL, GRU) - 19:50",True,2,9094.0,9094.0,9094.0
2026-08-05 12:01:16,VUELO,2026-08-06,COR,Cordoba,CGB,Cuiaba,LATAM AIRLINES GROUP,LA,491 / 613 / 3638,2026-08-06 13:35,2026-08-07 08:25,ECONOMICA,AVION,"2 escala (SCL, GRU) - 19:50",True,2,9094.0,9094.0,9094.0
2026-08-05 12:01:16,VUELO,2026-08-06,COR,Cordoba,CGB,Cuiaba,LATAM AIRLINES GROUP,LA,491 / 756 / 3638,2026-08-06 13:35,2026-08-07 08:25,ECONOMICA,AVION,"2 escala (SCL, GRU) - 19:50",True,2,9094.0,9094.0,9094.0
2026-08-05 12:01:16,VUELO,2026-08-06,COR,Cordoba,CGB,Cuiaba,LATAM AIRLINES GROUP,LA,491 / 758 / 3638,2026-08-06 13:35,2026-08-07 08:25,ECONOMICA,AVION,"2 escala (SCL, GRU) - 19:50",True,2,9094.0,9094.0,9094.0
2026-08-05 12:01:16,VUELO,2026-08-06,COR,Cordoba,CGB,Cuiaba,LATAM AIRLINES GROUP,LA,491 / 613 / 3620,2026-08-06 13:35,2026-08-07 15:30,ECONOMICA,AVION,"2 escala (SCL, GRU) - 26:55",True,2,9094.0,9094.0,9094.0
2026-08-05 12:01:16,VUELO,2026-08-06,COR,Cordoba,CGB,Cuiaba,LATAM AIRLINES GROUP,LA,491 / 613 / 3030,2026-08-06 13:35,2026-08-07 10:15,ECONOMICA,AVION,"2 escala (SCL, GRU) - 21:40",True,2,9161.0,9161.0,9161.0
2026-08-05 12:01:16,VUELO,2026-08-06,COR,Cordoba,LPB,La Paz,LATAM AIRLINES GROUP,LA,491 / 522 / 2400,2026-08-06 13:35,2026-08-07 03:55,ECONOMICA,AVION,"2 escala (SCL, LIM) - 15:20",True,2,12884.0,12884.0,12884.0
2026-08-05 12:01:16,VUELO,2026-08-06,COR,Cordoba,LPB,La Paz,LATAM AIRLINES GROUP,LA,491 / 644 / 2400,2026-08-06 13:35,2026-08-07 03:55,ECONOMICA,AVION,"2 escala (SCL, LIM) - 15:20",True,2,12884.0,12884.0,12884.0
2026-08-05 12:01:16,VUELO,2026-08-06,COR,Cordoba,LPB,La Paz,LATAM AIRLINES GROUP,LA,491 / 2412 / 2400,2026-08-06 13:35,2026-08-07 03:55,ECONOMICA,AVION,"2 escala (SCL, LIM) - 15:20",True,2,12884.0,12884.0,12884.0
2026-08-05 12:01:16,VUELO,2026-08-06,COR,Cordoba,LPB,La Paz,LATAM AIRLINES GROUP,LA,491 / 2696 / 2400,2026-08-06 13:35,2026-08-07 03:55,ECONOMICA,AVION,"2 escala (SCL, LIM) - 15:20",True,2,12884.0,12884.0,12884.0
2026-08-05 12:01:16,VUELO,2026-08-06,COR,Cordoba,VVI,Santa Cruz,LATAM AIRLINES GROUP,LA,491 / 522 / 2406,2026-08-06 13:35,2026-08-07 04:35,ECONOMICA,AVION,"2 escala (SCL, LIM) - 16:00",True,2,16858.0,16858.0,16858.0
2026-08-05 12:01:16,VUELO,2026-08-06,COR,Cordoba,VVI,Santa Cruz,LATAM AIRLINES GROUP,LA,491 / 644 / 2406,2026-08-06 13:35,2026-08-07 04:35,ECONOMICA,AVION,"2 escala (SCL, LIM) - 16:00",True,2,16858.0,16858.0,16858.0
2026-08-05 12:01:16,VUELO,2026-08-06,COR,Cordoba,VVI,Santa Cruz,LATAM AIRLINES GROUP,LA,491 / 2412 / 2406,2026-08-06 13:35,2026-08-07 04:35,ECONOMICA,AVION,"2 escala (SCL, LIM) - 16:00",True,2,16858.0,16858.0,16858.0
2026-08-05 12:01:16,VUELO,2026-08-06,COR,Cordoba,VVI,Santa Cruz,LATAM AIRLINES GROUP,LA,491 / 2696 / 2406,2026-08-06 13:35,2026-08-07 04:35,ECONOMICA,AVION,"2 escala (SCL, LIM) - 16:00",True,2,16858.0,16858.0,16858.0
2026-08-05 12:01:16,VUELO,2026-08-06,COR,Cordoba,VVI,Santa Cruz,LATAM AIRLINES GROUP,LA,491 / 522 / 741,2026-08-06 13:35,2026-08-07 04:30,ECONOMICA,AVION,"2 escala (SCL, LIM) - 15:55",True,2,18273.0,18273.0,18273.0
2026-08-05 12:01:16,VUELO,2026-08-06,COR,Cordoba,VVI,Santa Cruz,LATAM AIRLINES GROUP,LA,491 / 2696 / 741,2026-08-06 13:35,2026-08-07 04:30,ECONOMICA,AVION,"2 escala (SCL, LIM) - 15:55",True,2,18273.0,18273.0,18273.0
2026-08-05 12:01:16,VUELO,2026-08-06,COR,Cordoba,VVI,Santa Cruz,LATAM AIRLINES GROUP,LA,491 / 644 / 741,2026-08-06 13:35,2026-08-07 04:30,ECONOMICA,AVION,"2 escala (SCL, LIM) - 15:55",True,2,18273.0,18273.0,18273.0
2026-08-05 12:01:16,VUELO,2026-08-06,COR,Cordoba,VVI,Santa Cruz,LATAM AIRLINES GROUP,LA,491 / 2412 / 741,2026-08-06 13:35,2026-08-07 04:30,ECONOMICA,AVION,"2 escala (SCL, LIM) - 15:55",True,2,18273.0,18273.0,18273.0
2026-08-05 12:01:16,VUELO,2026-08-06,COR,Cordoba,CGB,Cuiaba,LATAM AIRLINES GROUP,LA,8282 / 3620,2026-08-06 17:25,2026-08-07 15:30,ECONOMICA,AVION,1 escala (GRU) - 23:05,True,1,8952.0,8952.0,8952.0
2026-08-05 12:01:16,VUELO,2026-08-06,COR,Cordoba,CGB,Cuiaba,LATAM AIRLINES GROUP,LA,8282 / 3268,2026-08-06 17:25,2026-08-07 17:15,ECONOMICA,AVION,1 escala (GRU) - 24:50,True,1,8952.0,8952.0,8952.0
2026-08-05 12:01:16,VUELO,2026-08-06,COR,Cordoba,CGB,Cuiaba,LATAM AIRLINES GROUP,LA,8282 / 3030,2026-08-06 17:25,2026-08-07 10:15,ECONOMICA,AVION,1 escala (GRU) - 17:50,True,1,9019.0,9019.0,9019.0
2026-08-05 12:01:16,VUELO,2026-08-06,COR,Cordoba,LPB,La Paz,LATAM AIRLINES GROUP,LA,8282 / 749 / 890,2026-08-06 17:25,2026-08-08 08:31,ECONOMICA,AVION,"2 escala (GRU, SCL) - 40:06",True,2,22864.0,22864.0,22864.0
2026-08-05 12:01:16,VUELO,2026-08-06,COR,Cordoba,LPB,La Paz,LATAM AIRLINES GROUP,LA,8282 / 751 / 890,2026-08-06 17:25,2026-08-08 08:31,ECONOMICA,AVION,"2 escala (GRU, SCL) - 40:06",True,2,22864.0,22864.0,22864.0
2026-08-05 12:01:16,VUELO,2026-08-06,COR,Cordoba,LPB,La Paz,LATAM AIRLINES GROUP,LA,8282 / 761 / 890,2026-08-06 17:25,2026-08-08 08:31,ECONOMICA,AVION,"2 escala (GRU, SCL) - 40:06",True,2,22864.0,22864.0,22864.0
2026-08-05 12:01:16,VUELO,2026-08-06,COR,Cordoba,LPB,La Paz,LATAM AIRLINES GROUP,LA,8282 / 612 / 890,2026-08-06 17:25,2026-08-08 08:31,ECONOMICA,AVION,"2 escala (GRU, SCL) - 40:06",True,2,23165.0,23165.0,23165.0
2026-08-05 12:01:16,VUELO,2026-08-06,COR,Cordoba,LPB,La Paz,LATAM AIRLINES GROUP,LA,8282 / 715 / 890,2026-08-06 17:25,2026-08-08 08:31,ECONOMICA,AVION,"2 escala (GRU, SCL) - 40:06",True,2,23165.0,23165.0,23165.0
2026-08-05 12:01:16,VUELO,2026-08-06,COR,Cordoba,LPB,La Paz,LATAM AIRLINES GROUP,LA,8282 / 755 / 890,2026-08-06 17:25,2026-08-08 08:31,ECONOMICA,AVION,"2 escala (GRU, SCL) - 40:06",True,2,23165.0,23165.0,23165.0
2026-08-05 12:01:16,VUELO,2026-08-06,COR,Cordoba,LPB,La Paz,LATAM AIRLINES GROUP,LA,8282 / 757 / 890,2026-08-06 17:25,2026-08-08 08:31,ECONOMICA,AVION,"2 escala (GRU, SCL) - 40:06",True,2,23165.0,23165.0,23165.0
2026-08-05 12:01:16,VUELO,2026-08-06,EZE,Buenos Aires,CGB,Cuiaba,LATAM AIRLINES GROUP,LA,8131 / 3263 / 3112,2026-08-06 02:20,2026-08-06 16:15,ECONOMICA,AVION,"2 escala (GRU, BSB) - 14:55",True,2,7524.0,7524.0,7524.0
2026-08-05 12:01:16,VUELO,2026-08-06,EZE,Buenos Aires,CGB,Cuiaba,LATAM AIRLINES GROUP,LA,8131 / 3609 / 3112,2026-08-06 02:20,2026-08-06 16:15,ECONOMICA,AVION,"2 escala (GRU, BSB) - 14:55",True,2,11528.0,11528.0,11528.0
2026-08-05 12:01:16,VUELO,2026-08-06,EZE,Buenos Aires,CGB,Cuiaba,LATAM AIRLINES GROUP,LA,8131 / 4700 / 3112,2026-08-06 02:20,2026-08-06 16:15,ECONOMICA,AVION,"2 escala (GRU, BSB) - 14:55",True,2,11528.0,11528.0,11528.0
2026-08-05 12:01:16,VUELO,2026-08-06,EZE,Buenos Aires,LPB,La Paz,LATAM AIRLINES GROUP,LA,8131 / 8098 / 2400,2026-08-06 02:20,2026-08-07 03:55,ECONOMICA,AVION,"2 escala (GRU, LIM) - 26:35",True,2,20151.0,20151.0,20151.0
2026-08-05 12:01:16,VUELO,2026-08-06,EZE,Buenos Aires,LPB,La Paz,LATAM AIRLINES GROUP,LA,8131 / 2425 / 2400,2026-08-06 02:20,2026-08-07 03:55,ECONOMICA,AVION,"2 escala (GRU, LIM) - 26:35",True,2,20884.0,20884.0,20884.0
2026-08-05 12:01:16,VUELO,2026-08-06,EZE,Buenos Aires,LPB,La Paz,LATAM AIRLINES GROUP,LA,8131 / 2429 / 2400,2026-08-06 02:20,2026-08-07 03:55,ECONOMICA,AVION,"2 escala (GRU, LIM) - 26:35",True,2,20884.0,20884.0,20884.0
2026-08-05 12:01:16,VUELO,2026-08-06,EZE,Buenos Aires,CIJ,Cobija,LATAM AIRLINES GROUP,LA,2376 / 2400 / 400,2026-08-06 03:55,2026-08-07 09:40,ECONOMICA,AVION,"2 escala (LIM, LPB) - 30:45",True,2,20008.0,20008.0,20008.0
2026-08-05 12:01:16,VUELO,2026-08-06,EZE,Buenos Aires,LPB,La Paz,LATAM AIRLINES GROUP,LA,2376 / 2400,2026-08-06 03:55,2026-08-07 03:55,ECONOMICA,AVION,1 escala (LIM) - 25:00,True,1,10838.0,10838.0,10838.0
2026-08-05 12:01:16,VUELO,2026-08-06,EZE,Buenos Aires,LPB,La Paz,LATAM AIRLINES GROUP,LA,2376 / 2406 / 663,2026-08-06 03:55,2026-08-07 07:55,ECONOMICA,AVION,"2 escala (LIM, VVI) - 29:00",True,2,22722.0,22722.0,22722.0
2026-08-05 12:01:16,VUELO,2026-08-06,EZE,Buenos Aires,LPB,La Paz,LATAM AIRLINES GROUP,LA,2376 / 2406 / 673,2026-08-06 03:55,2026-08-07 14:55,ECONOMICA,AVION,"2 escala (LIM, VVI) - 36:00",True,2,22737.0,22737.0,22737.0
2026-08-05 12:01:16,VUELO,2026-08-06,EZE,Buenos Aires,UYU,Uyuni,LATAM AIRLINES GROUP,LA,2376 / 2400 / 304,2026-08-06 03:55,2026-08-07 08:10,ECONOMICA,AVION,"2 escala (LIM, LPB) - 29:15",True,2,20008.0,20008.0,20008.0
2026-08-05 12:01:16,VUELO,2026-08-06,EZE,Buenos Aires,CBB,Cochabamba,LATAM AIRLINES GROUP,LA,1436 / 2400 / 603,2026-08-06 07:35,2026-08-07 07:25,ECONOMICA,AVION,"2 escala (LIM, LPB) - 24:50",True,2,20008.0,20008.0,20008.0
2026-08-05 12:01:16,VUELO,2026-08-06,EZE,Buenos Aires,CIJ,Cobija,LATAM AIRLINES GROUP,LA,1436 / 2400 / 400,2026-08-06 07:35,2026-08-07 09:40,ECONOMICA,AVION,"2 escala (LIM, LPB) - 27:05",True,2,20008.0,20008.0,20008.0
2026-08-05 12:01:16,VUELO,2026-08-06,EZE,Buenos Aires,LPB,La Paz,LATAM AIRLINES GROUP,LA,1436 / 2400,2026-08-06 07:35,2026-08-07 03:55,ECONOMICA,AVION,1 escala (LIM) - 21:20,True,1,10838.0,10838.0,10838.0
2026-08-05 12:01:16,VUELO,2026-08-06,EZE,Buenos Aires,LPB,La Paz,LATAM AIRLINES GROUP,LA,1436 / 2406 / 663,2026-08-06 07:35,2026-08-07 07:55,ECONOMICA,AVION,"2 escala (LIM, VVI) - 25:20",True,2,22722.0,22722.0,22722.0
2026-08-05 12:01:16,VUELO,2026-08-06,EZE,Buenos Aires,LPB,La Paz,LATAM AIRLINES GROUP,LA,1436 / 2406 / 673,2026-08-06 07:35,2026-08-07 14:55,ECONOMICA,AVION,"2 escala (LIM, VVI) - 32:20",True,2,22737.0,22737.0,22737.0
2026-08-05 12:01:16,VUELO,2026-08-06,EZE,Buenos Aires,UYU,Uyuni,LATAM AIRLINES GROUP,LA,1436 / 2400 / 304,2026-08-06 07:35,2026-08-07 08:10,ECONOMICA,AVION,"2 escala (LIM, LPB) - 25:35",True,2,20008.0,20008.0,20008.0
2026-08-05 12:01:16,VUELO,2026-08-06,EZE,Buenos Aires,CGB,Cuiaba,LATAM AIRLINES GROUP,LA,543 / 613 / 3566,2026-08-06 12:15,2026-08-07 01:05,ECONOMICA,AVION,"2 escala (SCL, GRU) - 13:50",True,2,13968.0,13968.0,13968.0
2026-08-05 12:01:16,VUELO,2026-08-06,EZE,Buenos Aires,CGB,Cuiaba,LATAM AIRLINES GROUP,LA,543 / 714 / 3566,2026-08-06 12:15,2026-08-07 01:05,ECONOMICA,AVION,"2 escala (SCL, GRU) - 13:50",True,2,13968.0,13968.0,13968.0
2026-08-05 12:01:16,VUELO,2026-08-06,EZE,Buenos Aires,LPB,La Paz,LATAM AIRLINES GROUP,LA,543 / 522 / 2400,2026-08-06 12:15,2026-08-07 03:55,ECONOMICA,AVION,"2 escala (SCL, LIM) - 16:40",True,2,11431.0,11431.0,11431.0
2026-08-05 12:01:16,VUELO,2026-08-06,EZE,Buenos Aires,LPB,La Paz,LATAM AIRLINES GROUP,LA,543 / 644 / 2400,2026-08-06 12:15,2026-08-07 03:55,ECONOMICA,AVION,"2 escala (SCL, LIM) - 16:40",True,2,11431.0,11431.0,11431.0
2026-08-05 12:01:16,VUELO,2026-08-06,EZE,Buenos Aires,LPB,La Paz,LATAM AIRLINES GROUP,LA,543 / 2412 / 2400,2026-08-06 12:15,2026-08-07 03:55,ECONOMICA,AVION,"2 escala (SCL, LIM) - 16:40",True,2,11431.0,11431.0,11431.0
2026-08-05 12:01:16,VUELO,2026-08-06,EZE,Buenos Aires,LPB,La Paz,LATAM AIRLINES GROUP,LA,543 / 2696 / 2400,2026-08-06 12:15,2026-08-07 03:55,ECONOMICA,AVION,"2 escala (SCL, LIM) - 16:40",True,2,11431.0,11431.0,11431.0
2026-08-05 12:01:16,VUELO,2026-08-06,EZE,Buenos Aires,CGB,Cuiaba,GOL LINHAS AEREAS S/A,G3,7653 / 1445 / 1424,2026-08-06 13:15,2026-08-07 17:10,ECONOMICA,AVION,"2 escala (GIG, CGH) - 28:55",True,2,4814.0,4814.0,4814.0
2026-08-05 12:01:16,VUELO,2026-08-06,EZE,Buenos Aires,CGB,Cuiaba,GOL LINHAS AEREAS S/A,G3,7653 / 1447 / 1424,2026-08-06 13:15,2026-08-07 17:10,ECONOMICA,AVION,"2 escala (GIG, CGH) - 28:55",True,2,4814.0,4814.0,4814.0
2026-08-05 12:01:16,VUELO,2026-08-06,EZE,Buenos Aires,CGB,Cuiaba,GOL LINHAS AEREAS S/A,G3,7653 / 1449 / 1424,2026-08-06 13:15,2026-08-07 17:10,ECONOMICA,AVION,"2 escala (GIG, CGH) - 28:55",True,2,4814.0,4814.0,4814.0
2026-08-05 12:01:16,VUELO,2026-08-06,EZE,Buenos Aires,CGB,Cuiaba,GOL LINHAS AEREAS S/A,G3,7653 / 1451 / 1424,2026-08-06 13:15,2026-08-07 17:10,ECONOMICA,AVION,"2 escala (GIG, CGH) - 28:55",True,2,4814.0,4814.0,4814.0
2026-08-05 12:01:16,VUELO,2026-08-06,EZE,Buenos Aires,CGB,Cuiaba,GOL LINHAS AEREAS S/A,G3,7653 / 2150 / 1468,2026-08-06 13:15,2026-08-08 01:20,ECONOMICA,AVION,"2 escala (GIG, GRU) - 37:05",True,2,4814.0,4814.0,4814.0
2026-08-05 12:01:16,VUELO,2026-08-06,EZE,Buenos Aires,CGB,Cuiaba,GOL LINHAS AEREAS S/A,G3,7653 / 1445 / 1468,2026-08-06 13:15,2026-08-08 01:20,ECONOMICA,AVION,"2 escala (GIG, CGH) - 37:05",True,2,4895.0,4895.0,4895.0
2026-08-05 12:01:16,VUELO,2026-08-06,EZE,Buenos Aires,CGB,Cuiaba,GOL LINHAS AEREAS S/A,G3,7653 / 1379 / 1424,2026-08-06 13:15,2026-08-07 17:10,ECONOMICA,AVION,"2 escala (GIG, GRU) - 28:55",True,2,4962.0,4962.0,4962.0
2026-08-05 12:01:16,VUELO,2026-08-06,EZE,Buenos Aires,CGB,Cuiaba,GOL LINHAS AEREAS S/A,G3,7653 / 1383 / 1424,2026-08-06 13:15,2026-08-07 17:10,ECONOMICA,AVION,"2 escala (GIG, GRU) - 28:55",True,2,4962.0,4962.0,4962.0
2026-08-05 12:01:16,VUELO,2026-08-06,EZE,Buenos Aires,CGB,Cuiaba,GOL LINHAS AEREAS S/A,G3,7653 / 1379 / 1466,2026-08-06 13:15,2026-08-07 10:00,ECONOMICA,AVION,"2 escala (GIG, GRU) - 21:45",True,2,6537.0,6537.0,6537.0
2026-08-05 12:01:16,VUELO,2026-08-06,EZE,Buenos Aires,CGB,Cuiaba,GOL LINHAS AEREAS S/A,G3,7653 / 1449 / 1466,2026-08-06 13:15,2026-08-07 10:00,ECONOMICA,AVION,"2 escala (GIG, CGH) - 21:45",True,2,6618.0,6618.0,6618.0
2026-08-05 12:01:16,VUELO,2026-08-06,EZE,Buenos Aires,CGB,Cuiaba,GOL LINHAS AEREAS S/A,G3,7653 / 1451 / 1466,2026-08-06 13:15,2026-08-07 10:00,ECONOMICA,AVION,"2 escala (GIG, CGH) - 21:45",True,2,6618.0,6618.0,6618.0
2026-08-05 12:01:16,VUELO,2026-08-06,EZE,Buenos Aires,CBB,Cochabamba,BOLIVIANA DE AVIACION,OB,709 / 651,2026-08-06 14:55,2026-08-06 19:05,ECONOMICA,AVION,1 escala (VVI) - 05:10,True,1,3685.0,3685.0,3685.0
2026-08-05 12:01:16,VUELO,2026-08-06,EZE,Buenos Aires,LPB,La Paz,BOLIVIANA DE AVIACION,OB,709 / 651 / 922,2026-08-06 14:55,2026-08-06 21:10,ECONOMICA,AVION,"2 escala (VVI, CBB) - 07:15",True,2,3969.0,3969.0,3969.0
2026-08-05 12:01:16,VUELO,2026-08-06,EZE,Buenos Aires,LPB,La Paz,BOLIVIANA DE AVIACION,OB,709 / 651 / 624,2026-08-06 14:55,2026-08-06 23:05,ECONOMICA,AVION,"2 escala (VVI, CBB) - 09:10",True,2,3969.0,3969.0,3969.0
2026-08-05 12:01:16,VUELO,2026-08-06,EZE,Buenos Aires,LPB,La Paz,BOLIVIANA DE AVIACION,OB,709 / 651 / 626,2026-08-06 14:55,2026-08-06 23:55,ECONOMICA,AVION,"2 escala (VVI, CBB) - 10:00",True,2,3969.0,3969.0,3969.0
2026-08-05 12:01:16,VUELO,2026-08-06,EZE,Buenos Aires,LPB,La Paz,BOLIVIANA DE AVIACION,OB,709 / 683,2026-08-06 14:55,2026-08-06 21:55,ECONOMICA,AVION,1 escala (VVI) - 08:00,True,1,3969.0,3969.0,3969.0
2026-08-05 12:01:16,VUELO,2026-08-06,EZE,Buenos Aires,LPB,La Paz,BOLIVIANA DE AVIACION,OB,709 / 685,2026-08-06 14:55,2026-08-06 22:55,ECONOMICA,AVION,1 escala (VVI) - 09:00,True,1,3969.0,3969.0,3969.0
2026-08-05 12:01:16,VUELO,2026-08-06,EZE,Buenos Aires,LPB,La Paz,BOLIVIANA DE AVIACION,OB,709 / 651 / 600,2026-08-06 14:55,2026-08-07 06:00,ECONOMICA,AVION,"2 escala (VVI, CBB) - 16:05",True,2,3984.0,3984.0,3984.0
2026-08-05 12:01:16,VUELO,2026-08-06,EZE,Buenos Aires,LPB,La Paz,BOLIVIANA DE AVIACION,OB,709 / 651 / 618,2026-08-06 14:55,2026-08-07 17:20,ECONOMICA,AVION,"2 escala (VVI, CBB) - 27:25",True,2,3984.0,3984.0,3984.0
2026-08-05 12:01:16,VUELO,2026-08-06,EZE,Buenos Aires,LPB,La Paz,BOLIVIANA DE AVIACION,OB,709 / 961,2026-08-06 14:55,2026-08-07 06:25,ECONOMICA,AVION,1 escala (VVI) - 16:30,True,1,3984.0,3984.0,3984.0
2026-08-05 12:01:16,VUELO,2026-08-06,EZE,Buenos Aires,LPB,La Paz,BOLIVIANA DE AVIACION,OB,709 / 661,2026-08-06 14:55,2026-08-07 06:40,ECONOMICA,AVION,1 escala (VVI) - 16:45,True,1,3984.0,3984.0,3984.0
2026-08-05 12:01:16,VUELO,2026-08-06,EZE,Buenos Aires,LPB,La Paz,BOLIVIANA DE AVIACION,OB,709 / 663,2026-08-06 14:55,2026-08-07 07:55,ECONOMICA,AVION,1 escala (VVI) - 18:00,True,1,3984.0,3984.0,3984.0
2026-08-05 12:01:16,VUELO,2026-08-06,EZE,Buenos Aires,LPB,La Paz,BOLIVIANA DE AVIACION,OB,709 / 673,2026-08-06 14:55,2026-08-07 14:55,ECONOMICA,AVION,1 escala (VVI) - 25:00,True,1,3984.0,3984.0,3984.0
2026-08-05 12:01:16,VUELO,2026-08-06,EZE,Buenos Aires,LPB,La Paz,BOLIVIANA DE AVIACION,OB,709 / 651 / 610,2026-08-06 14:55,2026-08-07 11:45,ECONOMICA,AVION,"2 escala (VVI, CBB) - 21:50",True,2,3984.0,3984.0,3984.0
2026-08-05 12:01:16,VUELO,2026-08-06,EZE,Buenos Aires,SRE,Sucre,BOLIVIANA DE AVIACION,OB,709 / 651 / 578,2026-08-06 14:55,2026-08-06 20:30,ECONOMICA,AVION,"2 escala (VVI, CBB) - 06:35",True,2,4226.0,4226.0,4226.0
2026-08-05 12:01:16,VUELO,2026-08-06,EZE,Buenos Aires,SRE,Sucre,BOLIVIANA DE AVIACION,OB,709 / 1588,2026-08-06 14:55,2026-08-06 21:00,ECONOMICA,AVION,1 escala (VVI) - 07:05,True,1,4226.0,4226.0,4226.0
2026-08-05 12:01:16,VUELO,2026-08-06,EZE,Buenos Aires,SRE,Sucre,BOLIVIANA DE AVIACION,OB,709 / 651 / 572,2026-08-06 14:55,2026-08-07 09:00,ECONOMICA,AVION,"2 escala (VVI, CBB) - 19:05",True,2,4241.0,4241.0,4241.0
2026-08-05 12:01:16,VUELO,2026-08-06,EZE,Buenos Aires,UYU,Uyuni,BOLIVIANA DE AVIACION,OB,709 / 661 / 304,2026-08-06 14:55,2026-08-07 08:10,ECONOMICA,AVION,"2 escala (VVI, LPB) - 18:15",True,2,4241.0,4241.0,4241.0
2026-08-05 12:01:16,VUELO,2026-08-06,EZE,Buenos Aires,UYU,Uyuni,BOLIVIANA DE AVIACION,OB,709 / 683 / 304,2026-08-06 14:55,2026-08-07 08:10,ECONOMICA,AVION,"2 escala (VVI, LPB) - 18:15",True,2,4241.0,4241.0,4241.0
2026-08-05 12:01:16,VUELO,2026-08-06,EZE,Buenos Aires,UYU,Uyuni,BOLIVIANA DE AVIACION,OB,709 / 685 / 304,2026-08-06 14:55,2026-08-07 08:10,ECONOMICA,AVION,"2 escala (VVI, LPB) - 18:15",True,2,4241.0,4241.0,4241.0
2026-08-05 12:01:16,VUELO,2026-08-06,EZE,Buenos Aires,UYU,Uyuni,BOLIVIANA DE AVIACION,OB,709 / 961 / 304,2026-08-06 14:55,2026-08-07 08:10,ECONOMICA,AVION,"2 escala (VVI, LPB) - 18:15",True,2,4241.0,4241.0,4241.0
2026-08-05 12:01:16,VUELO,2026-08-06,EZE,Buenos Aires,VVI,Santa Cruz,BOLIVIANA DE AVIACION,OB,709,2026-08-06 14:55,2026-08-06 16:55,ECONOMICA,AVION,Directo (03:00),False,0,3300.0,3300.0,3300.0
2026-08-05 12:01:16,VUELO,2026-08-06,EZE,Buenos Aires,CGB,Cuiaba,AZUL LINHAS AEREAS BRASILEIRAS,AD,91 / 4769,2026-08-06 16:35,2026-08-07 09:55,ECONOMICA,AVION,1 escala (GRU) - 18:20,True,1,14403.0,14403.0,14403.0
2026-08-05 12:01:16,VUELO,2026-08-06,EZE,Buenos Aires,CGB,Cuiaba,GOL LINHAS AEREAS S/A,G3,7655 / 1383 / 1468,2026-08-06 18:30,2026-08-08 01:20,ECONOMICA,AVION,"2 escala (GIG, GRU) - 31:50",True,2,5006.0,5006.0,5006.0
2026-08-05 12:01:16,VUELO,2026-08-06,EZE,Buenos Aires,CGB,Cuiaba,GOL LINHAS AEREAS S/A,G3,7655 / 1447 / 1468,2026-08-06 18:30,2026-08-08 01:20,ECONOMICA,AVION,"2 escala (GIG, CGH) - 31:50",True,2,5087.0,5087.0,5087.0
2026-08-05 12:01:16,VUELO,2026-08-06,EZE,Buenos Aires,CGB,Cuiaba,GOL LINHAS AEREAS S/A,G3,7655 / 1445 / 1424,2026-08-06 18:30,2026-08-07 17:10,ECONOMICA,AVION,"2 escala (GIG, CGH) - 23:40",True,2,5367.0,5367.0,5367.0
2026-08-05 12:01:16,VUELO,2026-08-06,EZE,Buenos Aires,CGB,Cuiaba,GOL LINHAS AEREAS S/A,G3,7655 / 1447 / 1424,2026-08-06 18:30,2026-08-07 17:10,ECONOMICA,AVION,"2 escala (GIG, CGH) - 23:40",True,2,5367.0,5367.0,5367.0
2026-08-05 12:01:16,VUELO,2026-08-06,EZE,Buenos Aires,CGB,Cuiaba,GOL LINHAS AEREAS S/A,G3,7655 / 1377 / 1468,2026-08-06 18:30,2026-08-08 01:20,ECONOMICA,AVION,"2 escala (GIG, GRU) - 31:50",True,2,5367.0,5367.0,5367.0
2026-08-05 12:01:16,VUELO,2026-08-06,EZE,Buenos Aires,CGB,Cuiaba,GOL LINHAS AEREAS S/A,G3,7655 / 2150 / 1468,2026-08-06 18:30,2026-08-08 01:20,ECONOMICA,AVION,"2 escala (GIG, GRU) - 31:50",True,2,5367.0,5367.0,5367.0
2026-08-05 12:01:16,VUELO,2026-08-06,EZE,Buenos Aires,CGB,Cuiaba,GOL LINHAS AEREAS S/A,G3,7655 / 1445 / 1468,2026-08-06 18:30,2026-08-08 01:20,ECONOMICA,AVION,"2 escala (GIG, CGH) - 31:50",True,2,5448.0,5448.0,5448.0
2026-08-05 12:01:16,VUELO,2026-08-06,EZE,Buenos Aires,CGB,Cuiaba,GOL LINHAS AEREAS S/A,G3,7655 / 1449 / 1468,2026-08-06 18:30,2026-08-08 01:20,ECONOMICA,AVION,"2 escala (GIG, CGH) - 31:50",True,2,5448.0,5448.0,5448.0
2026-08-05 12:01:16,VUELO,2026-08-06,EZE,Buenos Aires,CGB,Cuiaba,GOL LINHAS AEREAS S/A,G3,7655 / 1383 / 1424,2026-08-06 18:30,2026-08-07 17:10,ECONOMICA,AVION,"2 escala (GIG, GRU) - 23:40",True,2,5515.0,5515.0,5515.0
2026-08-05 12:01:16,VUELO,2026-08-06,EZE,Buenos Aires,CGB,Cuiaba,LATAM AIRLINES GROUP,LA,476 / 790 / 3390,2026-08-06 19:21,2026-08-07 09:25,ECONOMICA,AVION,"2 escala (SCL, BSB) - 15:04",True,2,13966.0,13966.0,13966.0
2026-08-05 12:01:16,VUELO,2026-08-06,EZE,Buenos Aires,CGB,Cuiaba,APG AIRLINES,GP,16 / 3638,2026-08-06 23:55,2026-08-07 08:25,ECONOMICA,AVION,1 escala (GRU) - 09:30,True,1,10353.0,10353.0,10353.0
2026-08-05 12:01:16,VUELO,2026-08-06,EZE,Buenos Aires,CGB,Cuiaba,APG AIRLINES,GP,16 / 3620,2026-08-06 23:55,2026-08-07 15:30,ECONOMICA,AVION,1 escala (GRU) - 16:35,True,1,10353.0,10353.0,10353.0
2026-08-05 12:01:16,VUELO,2026-08-06,EZE,Buenos Aires,CGB,Cuiaba,APG AIRLINES,GP,16 / 1466,2026-08-06 23:55,2026-08-07 10:00,ECONOMICA,AVION,1 escala (GRU) - 11:05,True,1,11755.0,11755.0,11755.0
2026-08-05 12:01:16,VUELO,2026-08-06,LPB,La Paz,CGB,Cuiaba,AVIANCA,AV,224 / 85 / 2708,2026-08-06 03:25,2026-08-08 01:20,ECONOMICA,AVION,"2 escala (BOG, GRU) - 45:55",True,2,23421.0,23421.0,23421.0
2026-08-05 12:01:16,VUELO,2026-08-06,LPB,La Paz,CGB,Cuiaba,AVIANCA,AV,224 / 161 / 2708,2026-08-06 03:25,2026-08-08 01:20,ECONOMICA,AVION,"2 escala (BOG, GRU) - 45:55",True,2,23421.0,23421.0,23421.0
2026-08-05 12:01:16,VUELO,2026-08-06,LPB,La Paz,CGB,Cuiaba,AVIANCA,AV,224 / 85 / 4769,2026-08-06 03:25,2026-08-07 09:55,ECONOMICA,AVION,"2 escala (BOG, GRU) - 30:30",True,2,31504.0,31504.0,31504.0
2026-08-05 12:01:16,VUELO,2026-08-06,LPB,La Paz,CGB,Cuiaba,AVIANCA,AV,224 / 161 / 4769,2026-08-06 03:25,2026-08-07 09:55,ECONOMICA,AVION,"2 escala (BOG, GRU) - 30:30",True,2,31504.0,31504.0,31504.0
2026-08-05 12:01:16,VUELO,2026-08-06,LPB,La Paz,COR,Cordoba,AVIANCA,AV,224 / 139,2026-08-06 03:25,2026-08-07 06:20,ECONOMICA,AVION,1 escala (BOG) - 25:55,True,1,5407.0,5407.0,5407.0
2026-08-05 12:01:16,VUELO,2026-08-06,LPB,La Paz,CGB,Cuiaba,LATAM AIRLINES GROUP,LA,2401 / 2402 / 3390,2026-08-06 05:20,2026-08-07 09:25,ECONOMICA,AVION,"2 escala (LIM, BSB) - 28:05",True,2,23602.0,23602.0,23602.0
2026-08-05 12:01:16,VUELO,2026-08-06,LPB,La Paz,CGB,Cuiaba,LATAM AIRLINES GROUP,LA,2401 / 2402 / 3112,2026-08-06 05:20,2026-08-07 16:15,ECONOMICA,AVION,"2 escala (LIM, BSB) - 34:55",True,2,23602.0,23602.0,23602.0
2026-08-05 12:01:16,VUELO,2026-08-06,LPB,La Paz,CGB,Cuiaba,LATAM AIRLINES GROUP,LA,2401 / 2394 / 3638,2026-08-06 05:20,2026-08-07 08:25,ECONOMICA,AVION,"2 escala (LIM, GRU) - 27:05",True,2,25814.0,25814.0,25814.0
2026-08-05 12:01:16,VUELO,2026-08-06,LPB,La Paz,CGB,Cuiaba,LATAM AIRLINES GROUP,LA,2401 / 2394 / 3620,2026-08-06 05:20,2026-08-07 15:30,ECONOMICA,AVION,"2 escala (LIM, GRU) - 34:10",True,2,25814.0,25814.0,25814.0
2026-08-05 12:01:16,VUELO,2026-08-06,LPB,La Paz,CGB,Cuiaba,LATAM AIRLINES GROUP,LA,2401 / 2418 / 3620,2026-08-06 05:20,2026-08-07 15:30,ECONOMICA,AVION,"2 escala (LIM, GRU) - 34:10",True,2,25814.0,25814.0,25814.0
2026-08-05 12:01:16,VUELO,2026-08-06,LPB,La Paz,CGB,Cuiaba,LATAM AIRLINES GROUP,LA,2401 / 8123 / 3620,2026-08-06 05:20,2026-08-07 15:30,ECONOMICA,AVION,"2 escala (LIM, GRU) - 34:10",True,2,25814.0,25814.0,25814.0
2026-08-05 12:01:16,VUELO,2026-08-06,LPB,La Paz,CGB,Cuiaba,LATAM AIRLINES GROUP,LA,2401 / 8123 / 3268,2026-08-06 05:20,2026-08-07 17:15,ECONOMICA,AVION,"2 escala (LIM, GRU) - 35:55",True,2,25814.0,25814.0,25814.0
2026-08-05 12:01:16,VUELO,2026-08-06,LPB,La Paz,CGB,Cuiaba,LATAM AIRLINES GROUP,LA,2401 / 2394 / 3030,2026-08-06 05:20,2026-08-07 10:15,ECONOMICA,AVION,"2 escala (LIM, GRU) - 28:55",True,2,25881.0,25881.0,25881.0
2026-08-05 12:01:16,VUELO,2026-08-06,LPB,La Paz,CGB,Cuiaba,LATAM AIRLINES GROUP,LA,2401 / 2394 / 3268,2026-08-06 05:20,2026-08-07 17:15,ECONOMICA,AVION,"2 escala (LIM, GRU) - 35:55",True,2,26989.0,26989.0,26989.0
2026-08-05 12:01:16,VUELO,2026-08-06,LPB,La Paz,CGB,Cuiaba,LATAM AIRLINES GROUP,LA,2401 / 2394 / 3801,2026-08-06 05:20,2026-08-07 21:55,ECONOMICA,AVION,"2 escala (LIM, GRU) - 40:35",True,2,26989.0,26989.0,26989.0
2026-08-05 12:01:16,VUELO,2026-08-06,LPB,La Paz,CGB,Cuiaba,LATAM AIRLINES GROUP,LA,2401 / 2394 / 3566,2026-08-06 05:20,2026-08-08 01:05,ECONOMICA,AVION,"2 escala (LIM, GRU) - 43:45",True,2,26989.0,26989.0,26989.0
2026-08-05 12:01:16,VUELO,2026-08-06,LPB,La Paz,CGB,Cuiaba,LATAM AIRLINES GROUP,LA,2401 / 2394 / 3868,2026-08-06 05:20,2026-08-07 23:05,ECONOMICA,AVION,"2 escala (LIM, GRU) - 41:45",True,2,27056.0,27056.0,27056.0
2026-08-05 12:01:16,VUELO,2026-08-06,LPB,La Paz,COR,Cordoba,LATAM AIRLINES GROUP,LA,2401 / 2364,2026-08-06 05:20,2026-08-07 05:55,ECONOMICA,AVION,1 escala (LIM) - 23:35,True,1,12483.0,12483.0,12483.0
2026-08-05 12:01:16,VUELO,2026-08-06,LPB,La Paz,COR,Cordoba,LATAM AIRLINES GROUP,LA,2401 / 2445 / 486,2026-08-06 05:20,2026-08-07 20:21,ECONOMICA,AVION,"2 escala (LIM, SCL) - 38:01",True,2,14777.0,14777.0,14777.0
2026-08-05 12:01:16,VUELO,2026-08-06,LPB,La Paz,COR,Cordoba,LATAM AIRLINES GROUP,LA,2401 / 641 / 486,2026-08-06 05:20,2026-08-07 20:21,ECONOMICA,AVION,"2 escala (LIM, SCL) - 38:01",True,2,15078.0,15078.0,15078.0
2026-08-05 12:01:16,VUELO,2026-08-06,LPB,La Paz,COR,Cordoba,LATAM AIRLINES GROUP,LA,2401 / 645 / 486,2026-08-06 05:20,2026-08-07 20:21,ECONOMICA,AVION,"2 escala (LIM, SCL) - 38:01",True,2,15078.0,15078.0,15078.0
2026-08-05 12:01:16,VUELO,2026-08-06,LPB,La Paz,COR,Cordoba,LATAM AIRLINES GROUP,LA,2401 / 523 / 486,2026-08-06 05:20,2026-08-07 20:21,ECONOMICA,AVION,"2 escala (LIM, SCL) - 38:01",True,2,17123.0,17123.0,17123.0
2026-08-05 12:01:16,VUELO,2026-08-06,LPB,La Paz,COR,Cordoba,LATAM AIRLINES GROUP,LA,2401 / 2371 / 486,2026-08-06 05:20,2026-08-07 20:21,ECONOMICA,AVION,"2 escala (LIM, SCL) - 38:01",True,2,17123.0,17123.0,17123.0
2026-08-05 12:01:16,VUELO,2026-08-06,LPB,La Paz,COR,Cordoba,LATAM AIRLINES GROUP,LA,2401 / 2377 / 486,2026-08-06 05:20,2026-08-07 20:21,ECONOMICA,AVION,"2 escala (LIM, SCL) - 38:01",True,2,17123.0,17123.0,17123.0
2026-08-05 12:01:16,VUELO,2026-08-06,LPB,La Paz,COR,Cordoba,LATAM AIRLINES GROUP,LA,2401 / 2431 / 486,2026-08-06 05:20,2026-08-07 20:21,ECONOMICA,AVION,"2 escala (LIM, SCL) - 38:01",True,2,17123.0,17123.0,17123.0
2026-08-05 12:01:16,VUELO,2026-08-06,LPB,La Paz,COR,Cordoba,LATAM AIRLINES GROUP,LA,2401 / 2435 / 5961,2026-08-06 05:20,2026-08-07 11:35,ECONOMICA,AVION,"2 escala (LIM, MDZ) - 29:15",True,2,17969.0,17969.0,17969.0
2026-08-05 12:01:16,VUELO,2026-08-06,LPB,La Paz,COR,Cordoba,LATAM AIRLINES GROUP,LA,2401 / 2394 / 8048,2026-08-06 05:20,2026-08-07 11:45,ECONOMICA,AVION,"2 escala (LIM, GRU) - 29:25",True,2,20386.0,20386.0,20386.0
2026-08-05 12:01:16,VUELO,2026-08-06,LPB,La Paz,COR,Cordoba,LATAM AIRLINES GROUP,LA,2401 / 2418 / 8048,2026-08-06 05:20,2026-08-07 11:45,ECONOMICA,AVION,"2 escala (LIM, GRU) - 29:25",True,2,20386.0,20386.0,20386.0
2026-08-05 12:01:16,VUELO,2026-08-06,LPB,La Paz,EZE,Buenos Aires,LATAM AIRLINES GROUP,LA,2401 / 2375,2026-08-06 05:20,2026-08-07 02:45,ECONOMICA,AVION,1 escala (LIM) - 20:25,True,1,11544.0,11544.0,11544.0
2026-08-05 12:01:16,VUELO,2026-08-06,LPB,La Paz,EZE,Buenos Aires,LATAM AIRLINES GROUP,LA,2401 / 1437,2026-08-06 05:20,2026-08-07 06:10,ECONOMICA,AVION,1 escala (LIM) - 23:50,True,1,11544.0,11544.0,11544.0
2026-08-05 12:01:16,VUELO,2026-08-06,LPB,La Paz,EZE,Buenos Aires,LATAM AIRLINES GROUP,LA,2401 / 2697 / 477,2026-08-06 05:20,2026-08-06 18:21,ECONOMICA,AVION,"2 escala (LIM, SCL) - 12:01",True,2,12181.0,12181.0,12181.0
2026-08-05 12:01:16,VUELO,2026-08-06,LPB,La Paz,EZE,Buenos Aires,LATAM AIRLINES GROUP,LA,2401 / 8099 / 8130,2026-08-06 05:20,2026-08-07 01:05,ECONOMICA,AVION,"2 escala (LIM, GRU) - 18:45",True,2,21727.0,21727.0,21727.0
2026-08-05 12:01:16,VUELO,2026-08-06,LPB,La Paz,MDZ,Mendoza,LATAM AIRLINES GROUP,LA,2401 / 645 / 434,2026-08-06 05:20,2026-08-07 11:06,ECONOMICA,AVION,"2 escala (LIM, SCL) - 28:46",True,2,11365.0,11365.0,11365.0
2026-08-05 12:01:16,VUELO,2026-08-06,LPB,La Paz,MDZ,Mendoza,LATAM AIRLINES GROUP,LA,2401 / 2435,2026-08-06 05:20,2026-08-07 06:25,ECONOMICA,AVION,1 escala (LIM) - 24:05,True,1,12138.0,12138.0,12138.0
2026-08-05 12:01:16,VUELO,2026-08-06,LPB,La Paz,MDZ,Mendoza,LATAM AIRLINES GROUP,LA,2401 / 523 / 434,2026-08-06 05:20,2026-08-07 11:06,ECONOMICA,AVION,"2 escala (LIM, SCL) - 28:46",True,2,12291.0,12291.0,12291.0
2026-08-05 12:01:16,VUELO,2026-08-06,LPB,La Paz,MDZ,Mendoza,LATAM AIRLINES GROUP,LA,2401 / 2371 / 434,2026-08-06 05:20,2026-08-07 11:06,ECONOMICA,AVION,"2 escala (LIM, SCL) - 28:46",True,2,12291.0,12291.0,12291.0
2026-08-05 12:01:16,VUELO,2026-08-06,LPB,La Paz,MDZ,Mendoza,LATAM AIRLINES GROUP,LA,2401 / 2377 / 434,2026-08-06 05:20,2026-08-07 11:06,ECONOMICA,AVION,"2 escala (LIM, SCL) - 28:46",True,2,12291.0,12291.0,12291.0
2026-08-05 12:01:16,VUELO,2026-08-06,LPB,La Paz,MDZ,Mendoza,LATAM AIRLINES GROUP,LA,2401 / 2431 / 434,2026-08-06 05:20,2026-08-07 11:06,ECONOMICA,AVION,"2 escala (LIM, SCL) - 28:46",True,2,12291.0,12291.0,12291.0
2026-08-05 12:01:16,VUELO,2026-08-06,LPB,La Paz,MDZ,Mendoza,LATAM AIRLINES GROUP,LA,2401 / 523 / 436,2026-08-06 05:20,2026-08-07 19:03,ECONOMICA,AVION,"2 escala (LIM, SCL) - 36:43",True,2,12291.0,12291.0,12291.0
2026-08-05 12:01:16,VUELO,2026-08-06,LPB,La Paz,MDZ,Mendoza,LATAM AIRLINES GROUP,LA,2401 / 2431 / 436,2026-08-06 05:20,2026-08-07 19:03,ECONOMICA,AVION,"2 escala (LIM, SCL) - 36:43",True,2,12291.0,12291.0,12291.0
2026-08-05 12:01:16,VUELO,2026-08-06,LPB,La Paz,MDZ,Mendoza,LATAM AIRLINES GROUP,LA,2401 / 2445 / 436,2026-08-06 05:20,2026-08-07 19:03,ECONOMICA,AVION,"2 escala (LIM, SCL) - 36:43",True,2,12291.0,12291.0,12291.0
2026-08-05 12:01:16,VUELO,2026-08-06,LPB,La Paz,MDZ,Mendoza,LATAM AIRLINES GROUP,LA,2401 / 641 / 434,2026-08-06 05:20,2026-08-07 11:06,ECONOMICA,AVION,"2 escala (LIM, SCL) - 28:46",True,2,12396.0,12396.0,12396.0
2026-08-05 12:01:16,VUELO,2026-08-06,LPB,La Paz,MDZ,Mendoza,LATAM AIRLINES GROUP,LA,2401 / 651 / 434,2026-08-06 05:20,2026-08-07 11:06,ECONOMICA,AVION,"2 escala (LIM, SCL) - 28:46",True,2,12396.0,12396.0,12396.0
2026-08-05 12:01:16,VUELO,2026-08-06,LPB,La Paz,MDZ,Mendoza,LATAM AIRLINES GROUP,LA,2401 / 2413 / 434,2026-08-06 05:20,2026-08-07 11:06,ECONOMICA,AVION,"2 escala (LIM, SCL) - 28:46",True,2,12396.0,12396.0,12396.0
2026-08-05 12:01:16,VUELO,2026-08-06,LPB,La Paz,MDZ,Mendoza,LATAM AIRLINES GROUP,LA,2401 / 2697 / 434,2026-08-06 05:20,2026-08-07 11:06,ECONOMICA,AVION,"2 escala (LIM, SCL) - 28:46",True,2,12396.0,12396.0,12396.0
2026-08-05 12:01:16,VUELO,2026-08-06,LPB,La Paz,MDZ,Mendoza,LATAM AIRLINES GROUP,LA,2401 / 641 / 436,2026-08-06 05:20,2026-08-07 19:03,ECONOMICA,AVION,"2 escala (LIM, SCL) - 36:43",True,2,12396.0,12396.0,12396.0
2026-08-05 12:01:16,VUELO,2026-08-06,LPB,La Paz,MDZ,Mendoza,LATAM AIRLINES GROUP,LA,2401 / 651 / 436,2026-08-06 05:20,2026-08-07 19:03,ECONOMICA,AVION,"2 escala (LIM, SCL) - 36:43",True,2,12396.0,12396.0,12396.0
2026-08-05 12:01:16,VUELO,2026-08-06,LPB,La Paz,MDZ,Mendoza,LATAM AIRLINES GROUP,LA,2401 / 645 / 436,2026-08-06 05:20,2026-08-07 19:03,ECONOMICA,AVION,"2 escala (LIM, SCL) - 36:43",True,2,12396.0,12396.0,12396.0
2026-08-05 12:01:16,VUELO,2026-08-06,LPB,La Paz,MDZ,Mendoza,LATAM AIRLINES GROUP,LA,2401 / 2371 / 436,2026-08-06 05:20,2026-08-07 19:03,ECONOMICA,AVION,"2 escala (LIM, SCL) - 36:43",True,2,14040.0,14040.0,14040.0
2026-08-05 12:01:16,VUELO,2026-08-06,LPB,La Paz,MDZ,Mendoza,LATAM AIRLINES GROUP,LA,2401 / 2377 / 436,2026-08-06 05:20,2026-08-07 19:03,ECONOMICA,AVION,"2 escala (LIM, SCL) - 36:43",True,2,14040.0,14040.0,14040.0
2026-08-05 12:01:16,VUELO,2026-08-06,LPB,La Paz,MDZ,Mendoza,LATAM AIRLINES GROUP,LA,2401 / 2364 / 5255,2026-08-06 05:20,2026-08-07 13:10,ECONOMICA,AVION,"2 escala (LIM, COR) - 30:50",True,2,18094.0,18094.0,18094.0
2026-08-05 12:01:16,VUELO,2026-08-06,LPB,La Paz,MDZ,Mendoza,LATAM AIRLINES GROUP,LA,2401 / 2364 / 8341,2026-08-06 05:20,2026-08-07 18:15,ECONOMICA,AVION,"2 escala (LIM, COR) - 35:55",True,2,18094.0,18094.0,18094.0
2026-08-05 12:01:16,VUELO,2026-08-06,LPB,La Paz,MDZ,Mendoza,LATAM AIRLINES GROUP,LA,2401 / 2380 / 1424,2026-08-06 05:20,2026-08-06 20:15,ECONOMICA,AVION,"2 escala (LIM, AEP) - 13:55",True,2,26080.0,26080.0,26080.0
2026-08-05 12:01:16,VUELO,2026-08-06,LPB,La Paz,MDZ,Mendoza,LATAM AIRLINES GROUP,LA,2401 / 2380 / 1400,2026-08-06 05:20,2026-08-06 21:30,ECONOMICA,AVION,"2 escala (LIM, AEP) - 15:10",True,2,26080.0,26080.0,26080.0
2026-08-05 12:01:16,VUELO,2026-08-06,LPB,La Paz,MDZ,Mendoza,LATAM AIRLINES GROUP,LA,2401 / 2380 / 8332,2026-08-06 05:20,2026-08-06 20:15,ECONOMICA,AVION,"2 escala (LIM, AEP) - 13:55",True,2,26162.0,26162.0,26162.0
2026-08-05 10:06:04,VUELO,2026-08-06,LPB,La Paz,CIJ,Cobija,BOLIVIANA DE AVIACION,OB,,2026-08-06 08:35,2026-08-06 09:40,ECONOMICA,AVION,0,,,1154.0,1154.0,1154.0
2026-08-05 12:01:16,VUELO,2026-08-06,LPB,La Paz,CIJ,Cobija,BOLIVIANA DE AVIACION,OB,400,2026-08-06 08:35,2026-08-06 09:40,ECONOMICA,AVION,Directo (01:05),False,0,1154.0,1154.0,1154.0
2026-08-05 10:06:04,VUELO,2026-08-06,LPB,LA PAZ,CIJ,COBIJA,TAMep,2E,,2026-08-06 09:10,2026-08-06 10:20,ECONOMICA,AVION,0,,,775.0,775.0,775.0
2026-08-05 12:01:16,VUELO,2026-08-06,LPB,LA PAZ,CIJ,COBIJA,TAMep,2E,712,2026-08-06 09:10,2026-08-06 10:20,ECONOMICA,AVION,Directo (01:10),False,0,818.0,818.0,818.0
2026-08-05 12:01:16,VUELO,2026-08-06,LPB,La Paz,CGB,Cuiaba,LATAM AIRLINES GROUP,LA,890 / 790 / 3390,2026-08-06 09:16,2026-08-07 09:25,ECONOMICA,AVION,"2 escala (SCL, BSB) - 24:09",True,2,24735.0,24735.0,24735.0
2026-08-05 12:01:16,VUELO,2026-08-06,LPB,La Paz,CGB,Cuiaba,LATAM AIRLINES GROUP,LA,890 / 790 / 3112,2026-08-06 09:16,2026-08-07 16:15,ECONOMICA,AVION,"2 escala (SCL, BSB) - 30:59",True,2,24735.0,24735.0,24735.0
2026-08-05 12:01:16,VUELO,2026-08-06,LPB,La Paz,CGB,Cuiaba,LATAM AIRLINES GROUP,LA,890 / 613 / 3566,2026-08-06 09:16,2026-08-07 01:05,ECONOMICA,AVION,"2 escala (SCL, GRU) - 15:49",True,2,24737.0,24737.0,24737.0
2026-08-05 12:01:16,VUELO,2026-08-06,LPB,La Paz,CGB,Cuiaba,LATAM AIRLINES GROUP,LA,890 / 714 / 3566,2026-08-06 09:16,2026-08-07 01:05,ECONOMICA,AVION,"2 escala (SCL, GRU) - 15:49",True,2,24737.0,24737.0,24737.0
2026-08-05 12:01:16,VUELO,2026-08-06,LPB,La Paz,CGB,Cuiaba,LATAM AIRLINES GROUP,LA,890 / 613 / 3638,2026-08-06 09:16,2026-08-07 08:25,ECONOMICA,AVION,"2 escala (SCL, GRU) - 23:09",True,2,24737.0,24737.0,24737.0
2026-08-05 12:01:16,VUELO,2026-08-06,LPB,La Paz,CGB,Cuiaba,LATAM AIRLINES GROUP,LA,890 / 714 / 3638,2026-08-06 09:16,2026-08-07 08:25,ECONOMICA,AVION,"2 escala (SCL, GRU) - 23:09",True,2,24737.0,24737.0,24737.0
2026-08-05 12:01:16,VUELO,2026-08-06,LPB,La Paz,CGB,Cuiaba,LATAM AIRLINES GROUP,LA,890 / 756 / 3638,2026-08-06 09:16,2026-08-07 08:25,ECONOMICA,AVION,"2 escala (SCL, GRU) - 23:09",True,2,24737.0,24737.0,24737.0
2026-08-05 12:01:16,VUELO,2026-08-06,LPB,La Paz,CGB,Cuiaba,LATAM AIRLINES GROUP,LA,890 / 758 / 3638,2026-08-06 09:16,2026-08-07 08:25,ECONOMICA,AVION,"2 escala (SCL, GRU) - 23:09",True,2,24737.0,24737.0,24737.0
2026-08-05 12:01:16,VUELO,2026-08-06,LPB,La Paz,CGB,Cuiaba,LATAM AIRLINES GROUP,LA,890 / 8183 / 3638,2026-08-06 09:16,2026-08-07 08:25,ECONOMICA,AVION,"2 escala (SCL, GRU) - 23:09",True,2,24737.0,24737.0,24737.0
2026-08-05 12:01:16,VUELO,2026-08-06,LPB,La Paz,CGB,Cuiaba,LATAM AIRLINES GROUP,LA,890 / 613 / 3620,2026-08-06 09:16,2026-08-07 15:30,ECONOMICA,AVION,"2 escala (SCL, GRU) - 30:14",True,2,24737.0,24737.0,24737.0
2026-08-05 12:01:16,VUELO,2026-08-06,LPB,La Paz,CGB,Cuiaba,LATAM AIRLINES GROUP,LA,890 / 756 / 3620,2026-08-06 09:16,2026-08-07 15:30,ECONOMICA,AVION,"2 escala (SCL, GRU) - 30:14",True,2,24737.0,24737.0,24737.0
2026-08-05 12:01:16,VUELO,2026-08-06,LPB,La Paz,CGB,Cuiaba,LATAM AIRLINES GROUP,LA,890 / 758 / 3620,2026-08-06 09:16,2026-08-07 15:30,ECONOMICA,AVION,"2 escala (SCL, GRU) - 30:14",True,2,24737.0,24737.0,24737.0
2026-08-05 12:01:16,VUELO,2026-08-06,LPB,La Paz,CGB,Cuiaba,LATAM AIRLINES GROUP,LA,890 / 8055 / 3620,2026-08-06 09:16,2026-08-07 15:30,ECONOMICA,AVION,"2 escala (SCL, GRU) - 30:14",True,2,24737.0,24737.0,24737.0
2026-08-05 12:01:16,VUELO,2026-08-06,LPB,La Paz,CGB,Cuiaba,LATAM AIRLINES GROUP,LA,890 / 714 / 3620,2026-08-06 09:16,2026-08-07 15:30,ECONOMICA,AVION,"2 escala (SCL, GRU) - 30:14",True,2,24737.0,24737.0,24737.0
2026-08-05 12:01:16,VUELO,2026-08-06,LPB,La Paz,CGB,Cuiaba,LATAM AIRLINES GROUP,LA,890 / 756 / 3268,2026-08-06 09:16,2026-08-07 17:15,ECONOMICA,AVION,"2 escala (SCL, GRU) - 31:59",True,2,24737.0,24737.0,24737.0
2026-08-05 12:01:16,VUELO,2026-08-06,LPB,La Paz,CGB,Cuiaba,LATAM AIRLINES GROUP,LA,890 / 758 / 3268,2026-08-06 09:16,2026-08-07 17:15,ECONOMICA,AVION,"2 escala (SCL, GRU) - 31:59",True,2,24737.0,24737.0,24737.0
2026-08-05 12:01:16,VUELO,2026-08-06,LPB,La Paz,CGB,Cuiaba,LATAM AIRLINES GROUP,LA,890 / 8055 / 3268,2026-08-06 09:16,2026-08-07 17:15,ECONOMICA,AVION,"2 escala (SCL, GRU) - 31:59",True,2,24737.0,24737.0,24737.0
2026-08-05 12:01:16,VUELO,2026-08-06,LPB,La Paz,CGB,Cuiaba,LATAM AIRLINES GROUP,LA,890 / 714 / 3268,2026-08-06 09:16,2026-08-07 17:15,ECONOMICA,AVION,"2 escala (SCL, GRU) - 31:59",True,2,24737.0,24737.0,24737.0
2026-08-05 12:01:16,VUELO,2026-08-06,LPB,La Paz,CGB,Cuiaba,LATAM AIRLINES GROUP,LA,890 / 8183 / 3268,2026-08-06 09:16,2026-08-07 17:15,ECONOMICA,AVION,"2 escala (SCL, GRU) - 31:59",True,2,24737.0,24737.0,24737.0
2026-08-05 12:01:16,VUELO,2026-08-06,LPB,La Paz,CGB,Cuiaba,LATAM AIRLINES GROUP,LA,890 / 756 / 3801,2026-08-06 09:16,2026-08-07 21:55,ECONOMICA,AVION,"2 escala (SCL, GRU) - 36:39",True,2,24737.0,24737.0,24737.0
2026-08-05 12:01:16,VUELO,2026-08-06,LPB,La Paz,CGB,Cuiaba,LATAM AIRLINES GROUP,LA,890 / 758 / 3801,2026-08-06 09:16,2026-08-07 21:55,ECONOMICA,AVION,"2 escala (SCL, GRU) - 36:39",True,2,24737.0,24737.0,24737.0
2026-08-05 12:01:16,VUELO,2026-08-06,LPB,La Paz,CGB,Cuiaba,LATAM AIRLINES GROUP,LA,890 / 8055 / 3801,2026-08-06 09:16,2026-08-07 21:55,ECONOMICA,AVION,"2 escala (SCL, GRU) - 36:39",True,2,24737.0,24737.0,24737.0
2026-08-05 12:01:16,VUELO,2026-08-06,LPB,La Paz,CGB,Cuiaba,LATAM AIRLINES GROUP,LA,890 / 756 / 3566,2026-08-06 09:16,2026-08-08 01:05,ECONOMICA,AVION,"2 escala (SCL, GRU) - 39:49",True,2,24737.0,24737.0,24737.0
2026-08-05 12:01:16,VUELO,2026-08-06,LPB,La Paz,CGB,Cuiaba,LATAM AIRLINES GROUP,LA,890 / 758 / 3566,2026-08-06 09:16,2026-08-08 01:05,ECONOMICA,AVION,"2 escala (SCL, GRU) - 39:49",True,2,24737.0,24737.0,24737.0
2026-08-05 12:01:16,VUELO,2026-08-06,LPB,La Paz,CGB,Cuiaba,LATAM AIRLINES GROUP,LA,890 / 8055 / 3566,2026-08-06 09:16,2026-08-08 01:05,ECONOMICA,AVION,"2 escala (SCL, GRU) - 39:49",True,2,24737.0,24737.0,24737.0
2026-08-05 12:01:16,VUELO,2026-08-06,LPB,La Paz,CGB,Cuiaba,LATAM AIRLINES GROUP,LA,890 / 613 / 3030,2026-08-06 09:16,2026-08-07 10:15,ECONOMICA,AVION,"2 escala (SCL, GRU) - 24:59",True,2,24804.0,24804.0,24804.0
2026-08-05 12:01:16,VUELO,2026-08-06,LPB,La Paz,CGB,Cuiaba,LATAM AIRLINES GROUP,LA,890 / 714 / 3030,2026-08-06 09:16,2026-08-07 10:15,ECONOMICA,AVION,"2 escala (SCL, GRU) - 24:59",True,2,24804.0,24804.0,24804.0
2026-08-05 12:01:16,VUELO,2026-08-06,LPB,La Paz,CGB,Cuiaba,LATAM AIRLINES GROUP,LA,890 / 756 / 3030,2026-08-06 09:16,2026-08-07 10:15,ECONOMICA,AVION,"2 escala (SCL, GRU) - 24:59",True,2,24804.0,24804.0,24804.0
2026-08-05 12:01:16,VUELO,2026-08-06,LPB,La Paz,CGB,Cuiaba,LATAM AIRLINES GROUP,LA,890 / 758 / 3030,2026-08-06 09:16,2026-08-07 10:15,ECONOMICA,AVION,"2 escala (SCL, GRU) - 24:59",True,2,24804.0,24804.0,24804.0
2026-08-05 12:01:16,VUELO,2026-08-06,LPB,La Paz,CGB,Cuiaba,LATAM AIRLINES GROUP,LA,890 / 8183 / 3030,2026-08-06 09:16,2026-08-07 10:15,ECONOMICA,AVION,"2 escala (SCL, GRU) - 24:59",True,2,24804.0,24804.0,24804.0
2026-08-05 12:01:16,VUELO,2026-08-06,LPB,La Paz,CGB,Cuiaba,LATAM AIRLINES GROUP,LA,890 / 8183 / 3868,2026-08-06 09:16,2026-08-07 23:05,ECONOMICA,AVION,"2 escala (SCL, GRU) - 37:49",True,2,24804.0,24804.0,24804.0
2026-08-05 12:01:16,VUELO,2026-08-06,LPB,La Paz,CGB,Cuiaba,LATAM AIRLINES GROUP,LA,890 / 756 / 3868,2026-08-06 09:16,2026-08-07 23:05,ECONOMICA,AVION,"2 escala (SCL, GRU) - 37:49",True,2,24804.0,24804.0,24804.0
2026-08-05 12:01:16,VUELO,2026-08-06,LPB,La Paz,CGB,Cuiaba,LATAM AIRLINES GROUP,LA,890 / 758 / 3868,2026-08-06 09:16,2026-08-07 23:05,ECONOMICA,AVION,"2 escala (SCL, GRU) - 37:49",True,2,24804.0,24804.0,24804.0
2026-08-05 12:01:16,VUELO,2026-08-06,LPB,La Paz,CGB,Cuiaba,LATAM AIRLINES GROUP,LA,890 / 8055 / 3868,2026-08-06 09:16,2026-08-07 23:05,ECONOMICA,AVION,"2 escala (SCL, GRU) - 37:49",True,2,24804.0,24804.0,24804.0
2026-08-05 12:01:16,VUELO,2026-08-06,LPB,La Paz,COR,Cordoba,LATAM AIRLINES GROUP,LA,890 / 425 / 1520,2026-08-06 09:16,2026-08-07 05:50,ECONOMICA,AVION,"2 escala (SCL, AEP) - 19:34",True,2,15165.0,15165.0,15165.0
2026-08-05 12:01:16,VUELO,2026-08-06,LPB,La Paz,COR,Cordoba,LATAM AIRLINES GROUP,LA,890 / 427 / 1520,2026-08-06 09:16,2026-08-07 05:50,ECONOMICA,AVION,"2 escala (SCL, AEP) - 19:34",True,2,15165.0,15165.0,15165.0
2026-08-05 12:01:16,VUELO,2026-08-06,LPB,La Paz,EZE,Buenos Aires,LATAM AIRLINES GROUP,LA,890 / 542,2026-08-06 09:16,2026-08-07 11:30,ECONOMICA,AVION,1 escala (SCL) - 25:14,True,1,11845.0,11845.0,11845.0
2026-08-05 12:01:16,VUELO,2026-08-06,LPB,La Paz,EZE,Buenos Aires,LATAM AIRLINES GROUP,LA,890 / 776,2026-08-06 09:16,2026-08-07 14:40,ECONOMICA,AVION,1 escala (SCL) - 28:24,True,1,11845.0,11845.0,11845.0
2026-08-05 12:01:16,VUELO,2026-08-06,LPB,La Paz,EZE,Buenos Aires,LATAM AIRLINES GROUP,LA,890 / 644 / 1437,2026-08-06 09:16,2026-08-07 06:10,ECONOMICA,AVION,"2 escala (SCL, LIM) - 19:54",True,2,29906.0,29906.0,29906.0
2026-08-05 12:01:16,VUELO,2026-08-06,LPB,La Paz,EZE,Buenos Aires,LATAM AIRLINES GROUP,LA,890 / 2412 / 1437,2026-08-06 09:16,2026-08-07 06:10,ECONOMICA,AVION,"2 escala (SCL, LIM) - 19:54",True,2,29906.0,29906.0,29906.0
2026-08-05 12:01:16,VUELO,2026-08-06,LPB,La Paz,EZE,Buenos Aires,LATAM AIRLINES GROUP,LA,890 / 2696 / 1437,2026-08-06 09:16,2026-08-07 06:10,ECONOMICA,AVION,"2 escala (SCL, LIM) - 19:54",True,2,29906.0,29906.0,29906.0
2026-08-05 12:01:16,VUELO,2026-08-06,LPB,La Paz,MDZ,Mendoza,LATAM AIRLINES GROUP,LA,890 / 434,2026-08-06 09:16,2026-08-07 11:06,ECONOMICA,AVION,1 escala (SCL) - 24:50,True,1,12243.0,12243.0,12243.0
2026-08-05 12:01:16,VUELO,2026-08-06,LPB,La Paz,CGB,Cuiaba,AVIANCA,AV,104 / 199 / 2708,2026-08-06 15:50,2026-08-08 01:20,ECONOMICA,AVION,"2 escala (BOG, GRU) - 33:30",True,2,12258.0,12258.0,12258.0
2026-08-05 12:01:16,VUELO,2026-08-06,LPB,La Paz,CGB,Cuiaba,AVIANCA,AV,104 / 199 / 4769,2026-08-06 15:50,2026-08-08 09:45,ECONOMICA,AVION,"2 escala (BOG, GRU) - 41:55",True,2,12258.0,12258.0,12258.0
2026-08-05 12:01:16,VUELO,2026-08-06,LPB,La Paz,CGB,Cuiaba,AVIANCA,AV,104 / 85 / 2708,2026-08-06 15:50,2026-08-08 01:20,ECONOMICA,AVION,"2 escala (BOG, GRU) - 33:30",True,2,23421.0,23421.0,23421.0
2026-08-05 12:01:16,VUELO,2026-08-06,LPB,La Paz,CGB,Cuiaba,AVIANCA,AV,104 / 161 / 4769,2026-08-06 15:50,2026-08-08 09:45,ECONOMICA,AVION,"2 escala (BOG, GRU) - 41:55",True,2,23421.0,23421.0,23421.0
2026-08-05 12:01:16,VUELO,2026-08-06,LPB,La Paz,CGB,Cuiaba,AVIANCA,AV,104 / 85 / 4769,2026-08-06 15:50,2026-08-07 09:55,ECONOMICA,AVION,"2 escala (BOG, GRU) - 18:05",True,2,31504.0,31504.0,31504.0
2026-08-05 12:01:16,VUELO,2026-08-06,LPB,La Paz,COR,Cordoba,AVIANCA,AV,104 / 139,2026-08-06 15:50,2026-08-07 06:20,ECONOMICA,AVION,1 escala (BOG) - 13:30,True,1,3598.0,3598.0,3598.0
2026-08-05 12:01:16,VUELO,2026-08-06,LPB,La Paz,EZE,Buenos Aires,BOLIVIANA DE AVIACION,OB,682 / 700,2026-08-06 19:10,2026-08-07 01:50,ECONOMICA,AVION,1 escala (VVI) - 05:40,True,1,5795.0,5795.0,5795.0
2026-08-05 12:01:16,VUELO,2026-08-06,LPB,La Paz,VVI,Santa Cruz,BOLIVIANA DE AVIACION,OB,682,2026-08-06 19:10,2026-08-06 20:15,ECONOMICA,AVION,Directo (01:05),False,0,1067.0,1067.0,1067.0
2026-08-05 10:06:04,VUELO,2026-08-06,LPB,LA PAZ,VVI,SANTA CRUZ,TAMep,2E,,2026-08-06 21:00,2026-08-06 22:10,ECONOMICA,AVION,0,,,568.0,568.0,568.0
2026-08-05 12:01:16,VUELO,2026-08-06,LPB,LA PAZ,VVI,SANTA CRUZ,TAMep,2E,709,2026-08-06 21:00,2026-08-06 22:10,ECONOMICA,AVION,Directo (01:10),False,0,898.0,898.0,898.0
2026-08-05 10:06:04,VUELO,2026-08-06,LPB,La Paz,CBB,Cochabamba,BOLIVIANA DE AVIACION,OB,,2026-08-06 21:50,2026-08-06 22:35,ECONOMICA,AVION,0,,,553.0,553.0,553.0
2026-08-05 10:06:04,VUELO,2026-08-06,LPB,La Paz,SRE,Sucre,BOLIVIANA DE AVIACION,OB,,2026-08-06 21:50,2026-08-07 09:00,ECONOMICA,AVION,0,,,1091.0,1091.0,1091.0
2026-08-05 12:01:16,VUELO,2026-08-06,LPB,La Paz,CBB,Cochabamba,BOLIVIANA DE AVIACION,OB,625,2026-08-06 21:50,2026-08-06 22:35,ECONOMICA,AVION,Directo (00:45),False,0,553.0,553.0,553.0
2026-08-05 12:01:16,VUELO,2026-08-06,LPB,La Paz,EZE,Buenos Aires,BOLIVIANA DE AVIACION,OB,625 / 634 / 700,2026-08-06 21:50,2026-08-08 01:50,ECONOMICA,AVION,"2 escala (CBB, VVI) - 27:00",True,2,6460.0,6460.0,6460.0
2026-08-05 12:01:16,VUELO,2026-08-06,LPB,La Paz,SRE,Sucre,BOLIVIANA DE AVIACION,OB,625 / 572,2026-08-06 21:50,2026-08-07 09:00,ECONOMICA,AVION,1 escala (CBB) - 11:10,True,1,1044.0,1044.0,1044.0
2026-08-05 10:06:04,VUELO,2026-08-06,LPB,La Paz,VVI,Santa Cruz,BOLIVIANA DE AVIACION,OB,,2026-08-06 23:35,2026-08-07 00:40,ECONOMICA,AVION,0,,,1067.0,1067.0,1067.0
2026-08-05 10:06:04,VUELO,2026-08-06,LPB,La Paz,CBB,Cochabamba,BOLIVIANA DE AVIACION,OB,,2026-08-06 23:35,2026-08-07 00:20,ECONOMICA,AVION,0,,,553.0,553.0,553.0
2026-08-05 10:06:04,VUELO,2026-08-06,LPB,La Paz,SRE,Sucre,BOLIVIANA DE AVIACION,OB,,2026-08-06 23:35,2026-08-07 09:00,ECONOMICA,AVION,0,,,1091.0,1091.0,1091.0
2026-08-05 12:01:16,VUELO,2026-08-06,LPB,La Paz,CBB,Cochabamba,BOLIVIANA DE AVIACION,OB,629,2026-08-06 23:35,2026-08-07 00:20,ECONOMICA,AVION,Directo (00:45),False,0,553.0,553.0,553.0
2026-08-05 12:01:16,VUELO,2026-08-06,LPB,La Paz,EZE,Buenos Aires,BOLIVIANA DE AVIACION,OB,988 / 700,2026-08-06 23:35,2026-08-08 01:50,ECONOMICA,AVION,1 escala (VVI) - 25:15,True,1,6445.0,6445.0,6445.0
2026-08-05 12:01:16,VUELO,2026-08-06,LPB,La Paz,EZE,Buenos Aires,BOLIVIANA DE AVIACION,OB,629 / 634 / 700,2026-08-06 23:35,2026-08-08 01:50,ECONOMICA,AVION,"2 escala (CBB, VVI) - 25:15",True,2,6445.0,6445.0,6445.0
2026-08-05 12:01:16,VUELO,2026-08-06,LPB,La Paz,EZE,Buenos Aires,LATAM AIRLINES GROUP,LA,988 / 2407 / 2375,2026-08-06 23:35,2026-08-08 02:45,ECONOMICA,AVION,"2 escala (VVI, LIM) - 26:10",True,2,24351.0,24351.0,24351.0
2026-08-05 12:01:16,VUELO,2026-08-06,LPB,La Paz,SRE,Sucre,BOLIVIANA DE AVIACION,OB,629 / 572,2026-08-06 23:35,2026-08-07 09:00,ECONOMICA,AVION,1 escala (CBB) - 09:25,True,1,1044.0,1044.0,1044.0
2026-08-05 12:01:16,VUELO,2026-08-06,LPB,La Paz,VVI,Santa Cruz,BOLIVIANA DE AVIACION,OB,988,2026-08-06 23:35,2026-08-07 00:40,ECONOMICA,AVION,Directo (01:05),False,0,1067.0,1067.0,1067.0
2026-08-05 12:01:16,VUELO,2026-08-06,MDZ,Mendoza,CGB,Cuiaba,GOL LINHAS AEREAS S/A,G3,3096 / 3000 / 1466,2026-08-06 07:30,2026-08-07 10:00,ECONOMICA,AVION,"2 escala (AEP, GRU) - 27:30",True,2,8476.0,8476.0,8476.0
2026-08-05 12:01:16,VUELO,2026-08-06,MDZ,Mendoza,CIJ,Cobija,LATAM AIRLINES GROUP,LA,2434 / 2400 / 400,2026-08-06 07:35,2026-08-07 09:40,ECONOMICA,AVION,"2 escala (LIM, LPB) - 27:05",True,2,21256.0,21256.0,21256.0
2026-08-05 12:01:16,VUELO,2026-08-06,MDZ,Mendoza,LPB,La Paz,LATAM AIRLINES GROUP,LA,2434 / 2400,2026-08-06 07:35,2026-08-07 03:55,ECONOMICA,AVION,1 escala (LIM) - 21:20,True,1,11533.0,11533.0,11533.0
2026-08-05 12:01:16,VUELO,2026-08-06,MDZ,Mendoza,LPB,La Paz,LATAM AIRLINES GROUP,LA,2434 / 2406 / 663,2026-08-06 07:35,2026-08-07 07:55,ECONOMICA,AVION,"2 escala (LIM, VVI) - 25:20",True,2,25127.0,25127.0,25127.0
2026-08-05 12:01:16,VUELO,2026-08-06,MDZ,Mendoza,LPB,La Paz,LATAM AIRLINES GROUP,LA,2434 / 2406 / 673,2026-08-06 07:35,2026-08-07 14:55,ECONOMICA,AVION,"2 escala (LIM, VVI) - 32:20",True,2,25142.0,25142.0,25142.0
2026-08-05 12:01:16,VUELO,2026-08-06,MDZ,Mendoza,LPB,La Paz,LATAM AIRLINES GROUP,LA,2434 / 2431 / 890,2026-08-06 07:35,2026-08-08 08:31,ECONOMICA,AVION,"2 escala (LIM, SCL) - 49:56",True,2,27346.0,27346.0,27346.0
2026-08-05 12:01:16,VUELO,2026-08-06,MDZ,Mendoza,LPB,La Paz,LATAM AIRLINES GROUP,LA,2434 / 2445 / 890,2026-08-06 07:35,2026-08-08 08:31,ECONOMICA,AVION,"2 escala (LIM, SCL) - 49:56",True,2,27346.0,27346.0,27346.0
2026-08-05 12:01:16,VUELO,2026-08-06,MDZ,Mendoza,UYU,Uyuni,LATAM AIRLINES GROUP,LA,2434 / 2400 / 304,2026-08-06 07:35,2026-08-07 08:10,ECONOMICA,AVION,"2 escala (LIM, LPB) - 25:35",True,2,21256.0,21256.0,21256.0
2026-08-05 12:01:16,VUELO,2026-08-06,MDZ,Mendoza,LPB,La Paz,LATAM AIRLINES GROUP,LA,5962 / 2368 / 2400,2026-08-06 11:00,2026-08-07 03:55,ECONOMICA,AVION,"2 escala (AEP, LIM) - 17:55",True,2,24486.0,24486.0,24486.0
2026-08-05 12:01:16,VUELO,2026-08-06,MDZ,Mendoza,LPB,La Paz,LATAM AIRLINES GROUP,LA,5962 / 2381 / 2400,2026-08-06 11:00,2026-08-07 03:55,ECONOMICA,AVION,"2 escala (AEP, LIM) - 17:55",True,2,24486.0,24486.0,24486.0
2026-08-05 12:01:16,VUELO,2026-08-06,MDZ,Mendoza,CGB,Cuiaba,LATAM AIRLINES GROUP,LA,435 / 714 / 3620,2026-08-06 11:51,2026-08-07 15:30,ECONOMICA,AVION,"2 escala (SCL, GRU) - 28:39",True,2,8708.0,8708.0,8708.0
2026-08-05 12:01:16,VUELO,2026-08-06,MDZ,Mendoza,CGB,Cuiaba,LATAM AIRLINES GROUP,LA,435 / 714 / 3030,2026-08-06 11:51,2026-08-07 10:15,ECONOMICA,AVION,"2 escala (SCL, GRU) - 23:24",True,2,8775.0,8775.0,8775.0
2026-08-05 12:01:16,VUELO,2026-08-06,MDZ,Mendoza,CGB,Cuiaba,LATAM AIRLINES GROUP,LA,435 / 613 / 3566,2026-08-06 11:51,2026-08-07 01:05,ECONOMICA,AVION,"2 escala (SCL, GRU) - 14:14",True,2,11344.0,11344.0,11344.0
2026-08-05 12:01:16,VUELO,2026-08-06,MDZ,Mendoza,CGB,Cuiaba,LATAM AIRLINES GROUP,LA,435 / 714 / 3566,2026-08-06 11:51,2026-08-07 01:05,ECONOMICA,AVION,"2 escala (SCL, GRU) - 14:14",True,2,11344.0,11344.0,11344.0
2026-08-05 12:01:16,VUELO,2026-08-06,MDZ,Mendoza,LPB,La Paz,LATAM AIRLINES GROUP,LA,435 / 520 / 2400,2026-08-06 11:51,2026-08-07 03:55,ECONOMICA,AVION,"2 escala (SCL, LIM) - 17:04",True,2,10814.0,10814.0,10814.0
2026-08-05 12:01:16,VUELO,2026-08-06,MDZ,Mendoza,LPB,La Paz,LATAM AIRLINES GROUP,LA,435 / 522 / 2400,2026-08-06 11:51,2026-08-07 03:55,ECONOMICA,AVION,"2 escala (SCL, LIM) - 17:04",True,2,10814.0,10814.0,10814.0
2026-08-05 12:01:16,VUELO,2026-08-06,MDZ,Mendoza,LPB,La Paz,LATAM AIRLINES GROUP,LA,435 / 644 / 2400,2026-08-06 11:51,2026-08-07 03:55,ECONOMICA,AVION,"2 escala (SCL, LIM) - 17:04",True,2,10814.0,10814.0,10814.0
2026-08-05 12:01:16,VUELO,2026-08-06,MDZ,Mendoza,LPB,La Paz,LATAM AIRLINES GROUP,LA,435 / 2412 / 2400,2026-08-06 11:51,2026-08-07 03:55,ECONOMICA,AVION,"2 escala (SCL, LIM) - 17:04",True,2,10814.0,10814.0,10814.0
2026-08-05 12:01:16,VUELO,2026-08-06,MDZ,Mendoza,LPB,La Paz,LATAM AIRLINES GROUP,LA,435 / 2696 / 2400,2026-08-06 11:51,2026-08-07 03:55,ECONOMICA,AVION,"2 escala (SCL, LIM) - 17:04",True,2,10814.0,10814.0,10814.0
2026-08-05 12:01:16,VUELO,2026-08-06,MDZ,Mendoza,VVI,Santa Cruz,LATAM AIRLINES GROUP,LA,435 / 520 / 2406,2026-08-06 11:51,2026-08-07 04:35,ECONOMICA,AVION,"2 escala (SCL, LIM) - 17:44",True,2,17232.0,17232.0,17232.0
2026-08-05 12:01:16,VUELO,2026-08-06,MDZ,Mendoza,VVI,Santa Cruz,LATAM AIRLINES GROUP,LA,435 / 522 / 2406,2026-08-06 11:51,2026-08-07 04:35,ECONOMICA,AVION,"2 escala (SCL, LIM) - 17:44",True,2,17232.0,17232.0,17232.0
2026-08-05 12:01:16,VUELO,2026-08-06,MDZ,Mendoza,VVI,Santa Cruz,LATAM AIRLINES GROUP,LA,435 / 644 / 2406,2026-08-06 11:51,2026-08-07 04:35,ECONOMICA,AVION,"2 escala (SCL, LIM) - 17:44",True,2,17232.0,17232.0,17232.0
2026-08-05 12:01:16,VUELO,2026-08-06,MDZ,Mendoza,VVI,Santa Cruz,LATAM AIRLINES GROUP,LA,435 / 2412 / 2406,2026-08-06 11:51,2026-08-07 04:35,ECONOMICA,AVION,"2 escala (SCL, LIM) - 17:44",True,2,17232.0,17232.0,17232.0
2026-08-05 12:01:16,VUELO,2026-08-06,MDZ,Mendoza,VVI,Santa Cruz,LATAM AIRLINES GROUP,LA,435 / 2696 / 2406,2026-08-06 11:51,2026-08-07 04:35,ECONOMICA,AVION,"2 escala (SCL, LIM) - 17:44",True,2,17232.0,17232.0,17232.0
2026-08-05 12:01:16,VUELO,2026-08-06,MDZ,Mendoza,VVI,Santa Cruz,LATAM AIRLINES GROUP,LA,435 / 2370 / 2406,2026-08-06 11:51,2026-08-08 04:35,ECONOMICA,AVION,"2 escala (SCL, LIM) - 41:44",True,2,17533.0,17533.0,17533.0
2026-08-05 12:01:16,VUELO,2026-08-06,MDZ,Mendoza,VVI,Santa Cruz,LATAM AIRLINES GROUP,LA,435 / 520 / 741,2026-08-06 11:51,2026-08-07 04:30,ECONOMICA,AVION,"2 escala (SCL, LIM) - 17:39",True,2,18645.0,18645.0,18645.0
2026-08-05 12:01:16,VUELO,2026-08-06,MDZ,Mendoza,VVI,Santa Cruz,LATAM AIRLINES GROUP,LA,435 / 522 / 741,2026-08-06 11:51,2026-08-07 04:30,ECONOMICA,AVION,"2 escala (SCL, LIM) - 17:39",True,2,18645.0,18645.0,18645.0
2026-08-05 12:01:16,VUELO,2026-08-06,MDZ,Mendoza,VVI,Santa Cruz,LATAM AIRLINES GROUP,LA,435 / 2696 / 741,2026-08-06 11:51,2026-08-07 04:30,ECONOMICA,AVION,"2 escala (SCL, LIM) - 17:39",True,2,18645.0,18645.0,18645.0
2026-08-05 12:01:16,VUELO,2026-08-06,MDZ,Mendoza,VVI,Santa Cruz,LATAM AIRLINES GROUP,LA,435 / 644 / 741,2026-08-06 11:51,2026-08-07 04:30,ECONOMICA,AVION,"2 escala (SCL, LIM) - 17:39",True,2,18645.0,18645.0,18645.0
2026-08-05 12:01:16,VUELO,2026-08-06,MDZ,Mendoza,VVI,Santa Cruz,LATAM AIRLINES GROUP,LA,435 / 2412 / 741,2026-08-06 11:51,2026-08-07 04:30,ECONOMICA,AVION,"2 escala (SCL, LIM) - 17:39",True,2,18645.0,18645.0,18645.0
2026-08-05 12:01:16,VUELO,2026-08-06,MDZ,Mendoza,CGB,Cuiaba,LATAM AIRLINES GROUP,LA,8020 / 3868,2026-08-06 13:00,2026-08-06 23:05,ECONOMICA,AVION,1 escala (GRU) - 11:05,True,1,11269.0,11269.0,11269.0
2026-08-05 12:01:16,VUELO,2026-08-06,MDZ,Mendoza,CGB,Cuiaba,LATAM AIRLINES GROUP,LA,8020 / 3529 / 3894,2026-08-06 13:00,2026-08-06 21:55,ECONOMICA,AVION,"2 escala (GRU, BSB) - 09:55",True,2,11344.0,11344.0,11344.0
2026-08-05 12:01:16,VUELO,2026-08-06,MDZ,Mendoza,CGB,Cuiaba,LATAM AIRLINES GROUP,LA,8020 / 3566,2026-08-06 13:00,2026-08-07 01:05,ECONOMICA,AVION,1 escala (GRU) - 13:05,True,1,15408.0,15408.0,15408.0
2026-08-05 12:01:16,VUELO,2026-08-06,MDZ,Mendoza,LPB,La Paz,LATAM AIRLINES GROUP,LA,8020 / 2425 / 2400,2026-08-06 13:00,2026-08-07 03:55,ECONOMICA,AVION,"2 escala (GRU, LIM) - 15:55",True,2,21052.0,21052.0,21052.0
2026-08-05 12:01:16,VUELO,2026-08-06,MDZ,Mendoza,LPB,La Paz,LATAM AIRLINES GROUP,LA,8020 / 8182 / 890,2026-08-06 13:00,2026-08-08 08:31,ECONOMICA,AVION,"2 escala (GRU, SCL) - 44:31",True,2,22067.0,22067.0,22067.0
2026-08-05 12:01:16,VUELO,2026-08-06,MDZ,Mendoza,LPB,La Paz,LATAM AIRLINES GROUP,LA,8020 / 612 / 890,2026-08-06 13:00,2026-08-08 08:31,ECONOMICA,AVION,"2 escala (GRU, SCL) - 44:31",True,2,22368.0,22368.0,22368.0
2026-08-05 12:01:16,VUELO,2026-08-06,MDZ,Mendoza,LPB,La Paz,LATAM AIRLINES GROUP,LA,8020 / 715 / 890,2026-08-06 13:00,2026-08-08 08:31,ECONOMICA,AVION,"2 escala (GRU, SCL) - 44:31",True,2,22368.0,22368.0,22368.0
2026-08-05 12:01:16,VUELO,2026-08-06,MDZ,Mendoza,LPB,La Paz,LATAM AIRLINES GROUP,LA,8020 / 755 / 890,2026-08-06 13:00,2026-08-08 08:31,ECONOMICA,AVION,"2 escala (GRU, SCL) - 44:31",True,2,22368.0,22368.0,22368.0
2026-08-05 12:01:16,VUELO,2026-08-06,MDZ,Mendoza,LPB,La Paz,LATAM AIRLINES GROUP,LA,8020 / 757 / 890,2026-08-06 13:00,2026-08-08 08:31,ECONOMICA,AVION,"2 escala (GRU, SCL) - 44:31",True,2,22368.0,22368.0,22368.0
2026-08-05 12:01:16,VUELO,2026-08-06,MDZ,Mendoza,LPB,La Paz,LATAM AIRLINES GROUP,LA,1417 / 2368 / 2400,2026-08-06 14:40,2026-08-07 03:55,ECONOMICA,AVION,"2 escala (AEP, LIM) - 14:15",True,2,24409.0,24409.0,24409.0
2026-08-05 12:01:16,VUELO,2026-08-06,MDZ,Mendoza,CGB,Cuiaba,LATAM AIRLINES GROUP,LA,437 / 790 / 3390,2026-08-06 19:50,2026-08-07 09:25,ECONOMICA,AVION,"2 escala (SCL, BSB) - 14:35",True,2,11342.0,11342.0,11342.0
2026-08-05 12:01:16,VUELO,2026-08-06,MDZ,Mendoza,VVI,Santa Cruz,LATAM AIRLINES GROUP,LA,437 / 2370 / 2406,2026-08-06 19:50,2026-08-08 04:35,ECONOMICA,AVION,"2 escala (SCL, LIM) - 33:45",True,2,17232.0,17232.0,17232.0
2026-08-05 12:01:16,VUELO,2026-08-06,MDZ,Mendoza,CGB,Cuiaba,GOL LINHAS AEREAS S/A,G3,3137 / 3004 / 1468,2026-08-06 20:55,2026-08-08 01:20,ECONOMICA,AVION,"2 escala (AEP, GRU) - 29:25",True,2,9619.0,9619.0,9619.0
2026-08-05 12:01:16,VUELO,2026-08-06,MDZ,Mendoza,LPB,La Paz,LATAM AIRLINES GROUP,LA,1425 / 2445 / 890,2026-08-06 20:55,2026-08-08 08:31,ECONOMICA,AVION,"2 escala (AEP, SCL) - 36:36",True,2,17122.0,17122.0,17122.0
2026-08-05 10:06:04,VUELO,2026-08-06,SRE,Sucre,LPB,La Paz,BOLIVIANA DE AVIACION,OB,,2026-08-06 21:30,2026-08-07 06:00,ECONOMICA,AVION,0,,,996.0,996.0,996.0
2026-08-05 12:01:16,VUELO,2026-08-06,SRE,Sucre,CBB,Cochabamba,BOLIVIANA DE AVIACION,OB,1579,2026-08-06 21:30,2026-08-06 22:10,ECONOMICA,AVION,Directo (00:40),False,0,491.0,491.0,491.0
2026-08-05 12:01:16,VUELO,2026-08-06,SRE,Sucre,CIJ,Cobija,BOLIVIANA DE AVIACION,OB,1579 / 626 / 400,2026-08-06 21:30,2026-08-07 09:40,ECONOMICA,AVION,"2 escala (CBB, LPB) - 12:10",True,2,1771.0,1771.0,1771.0
2026-08-05 12:01:16,VUELO,2026-08-06,SRE,Sucre,CIJ,Cobija,BOLIVIANA DE AVIACION,OB,1579 / 600 / 400,2026-08-06 21:30,2026-08-07 09:40,ECONOMICA,AVION,"2 escala (CBB, LPB) - 12:10",True,2,1803.0,1803.0,1803.0
2026-08-05 12:01:16,VUELO,2026-08-06,SRE,Sucre,CIJ,Cobija,BOLIVIANA DE AVIACION,OB,1579 / 618 / 400,2026-08-06 21:30,2026-08-08 09:40,ECONOMICA,AVION,"2 escala (CBB, LPB) - 36:10",True,2,1842.0,1842.0,1842.0
2026-08-05 12:01:16,VUELO,2026-08-06,SRE,Sucre,CIJ,Cobija,BOLIVIANA DE AVIACION,OB,1579 / 610 / 400,2026-08-06 21:30,2026-08-08 09:40,ECONOMICA,AVION,"2 escala (CBB, LPB) - 36:10",True,2,1890.0,1890.0,1890.0
2026-08-05 12:01:16,VUELO,2026-08-06,SRE,Sucre,EZE,Buenos Aires,BOLIVIANA DE AVIACION,OB,1579 / 634 / 700,2026-08-06 21:30,2026-08-08 01:50,ECONOMICA,AVION,"2 escala (CBB, VVI) - 27:20",True,2,6972.0,6972.0,6972.0
2026-08-05 12:01:16,VUELO,2026-08-06,SRE,Sucre,LPB,La Paz,BOLIVIANA DE AVIACION,OB,1579 / 626,2026-08-06 21:30,2026-08-06 23:55,ECONOMICA,AVION,1 escala (CBB) - 02:25,True,1,719.0,719.0,719.0
2026-08-05 12:01:16,VUELO,2026-08-06,SRE,Sucre,LPB,La Paz,BOLIVIANA DE AVIACION,OB,1579 / 600,2026-08-06 21:30,2026-08-07 06:00,ECONOMICA,AVION,1 escala (CBB) - 08:30,True,1,948.0,948.0,948.0
2026-08-05 12:01:16,VUELO,2026-08-06,SRE,Sucre,ORU,Oruro,BOLIVIANA DE AVIACION,OB,1579 / 324,2026-08-06 21:30,2026-08-07 14:40,ECONOMICA,AVION,1 escala (CBB) - 17:10,True,1,817.0,817.0,817.0
2026-08-05 12:01:16,VUELO,2026-08-06,SRE,Sucre,TDD,Trinidad,BOLIVIANA DE AVIACION,OB,1579 / 446,2026-08-06 21:30,2026-08-07 14:45,ECONOMICA,AVION,1 escala (CBB) - 17:15,True,1,972.0,972.0,972.0
2026-08-05 12:01:16,VUELO,2026-08-06,SRE,Sucre,UYU,Uyuni,BOLIVIANA DE AVIACION,OB,1579 / 600 / 304,2026-08-06 21:30,2026-08-07 08:10,ECONOMICA,AVION,"2 escala (CBB, LPB) - 10:40",True,2,1897.0,1897.0,1897.0
2026-08-05 12:01:16,VUELO,2026-08-06,SRE,Sucre,UYU,Uyuni,BOLIVIANA DE AVIACION,OB,1579 / 626 / 304,2026-08-06 21:30,2026-08-07 08:10,ECONOMICA,AVION,"2 escala (CBB, LPB) - 10:40",True,2,1998.0,1998.0,1998.0
2026-08-05 12:01:16,VUELO,2026-08-06,TJA,Tarija,CBB,Cochabamba,BOLIVIANA DE AVIACION,OB,533,2026-08-06 20:50,2026-08-06 21:50,ECONOMICA,AVION,Directo (01:00),False,0,876.0,876.0,876.0
2026-08-05 12:01:16,VUELO,2026-08-06,TJA,Tarija,CIJ,Cobija,BOLIVIANA DE AVIACION,OB,533 / 600 / 400,2026-08-06 20:50,2026-08-07 09:40,ECONOMICA,AVION,"2 escala (CBB, LPB) - 12:50",True,2,2188.0,2188.0,2188.0
2026-08-05 12:01:16,VUELO,2026-08-06,TJA,Tarija,CIJ,Cobija,BOLIVIANA DE AVIACION,OB,533 / 624 / 400,2026-08-06 20:50,2026-08-07 09:40,ECONOMICA,AVION,"2 escala (CBB, LPB) - 12:50",True,2,2210.0,2210.0,2210.0
2026-08-05 12:01:16,VUELO,2026-08-06,TJA,Tarija,CIJ,Cobija,BOLIVIANA DE AVIACION,OB,533 / 626 / 400,2026-08-06 20:50,2026-08-07 09:40,ECONOMICA,AVION,"2 escala (CBB, LPB) - 12:50",True,2,2210.0,2210.0,2210.0
2026-08-05 12:01:16,VUELO,2026-08-06,TJA,Tarija,CIJ,Cobija,BOLIVIANA DE AVIACION,OB,533 / 618 / 400,2026-08-06 20:50,2026-08-08 09:40,ECONOMICA,AVION,"2 escala (CBB, LPB) - 36:50",True,2,2227.0,2227.0,2227.0
2026-08-05 12:01:16,VUELO,2026-08-06,TJA,Tarija,CIJ,Cobija,BOLIVIANA DE AVIACION,OB,533 / 610 / 400,2026-08-06 20:50,2026-08-08 09:40,ECONOMICA,AVION,"2 escala (CBB, LPB) - 36:50",True,2,2275.0,2275.0,2275.0
2026-08-05 12:01:16,VUELO,2026-08-06,TJA,Tarija,EZE,Buenos Aires,BOLIVIANA DE AVIACION,OB,533 / 656 / 700,2026-08-06 20:50,2026-08-08 01:50,ECONOMICA,AVION,"2 escala (CBB, VVI) - 28:00",True,2,6957.0,6957.0,6957.0
2026-08-05 12:01:16,VUELO,2026-08-06,TJA,Tarija,EZE,Buenos Aires,BOLIVIANA DE AVIACION,OB,533 / 634 / 700,2026-08-06 20:50,2026-08-08 01:50,ECONOMICA,AVION,"2 escala (CBB, VVI) - 28:00",True,2,6972.0,6972.0,6972.0
2026-08-05 12:01:16,VUELO,2026-08-06,TJA,Tarija,LPB,La Paz,BOLIVIANA DE AVIACION,OB,533 / 624,2026-08-06 20:50,2026-08-06 23:05,ECONOMICA,AVION,1 escala (CBB) - 02:15,True,1,1158.0,1158.0,1158.0
2026-08-05 12:01:16,VUELO,2026-08-06,TJA,Tarija,LPB,La Paz,BOLIVIANA DE AVIACION,OB,533 / 626,2026-08-06 20:50,2026-08-06 23:55,ECONOMICA,AVION,1 escala (CBB) - 03:05,True,1,1158.0,1158.0,1158.0
2026-08-05 12:01:16,VUELO,2026-08-06,TJA,Tarija,LPB,La Paz,BOLIVIANA DE AVIACION,OB,533 / 600,2026-08-06 20:50,2026-08-07 06:00,ECONOMICA,AVION,1 escala (CBB) - 09:10,True,1,1333.0,1333.0,1333.0
2026-08-05 12:01:16,VUELO,2026-08-06,TJA,Tarija,LPB,La Paz,BOLIVIANA DE AVIACION,OB,533 / 656 / 961,2026-08-06 20:50,2026-08-07 06:25,ECONOMICA,AVION,"2 escala (CBB, VVI) - 09:35",True,2,1556.0,1556.0,1556.0
2026-08-05 12:01:16,VUELO,2026-08-06,TJA,Tarija,LPB,La Paz,BOLIVIANA DE AVIACION,OB,533 / 656 / 661,2026-08-06 20:50,2026-08-07 06:40,ECONOMICA,AVION,"2 escala (CBB, VVI) - 09:50",True,2,1556.0,1556.0,1556.0
2026-08-05 12:01:16,VUELO,2026-08-06,TJA,Tarija,LPB,La Paz,BOLIVIANA DE AVIACION,OB,533 / 656 / 663,2026-08-06 20:50,2026-08-07 07:55,ECONOMICA,AVION,"2 escala (CBB, VVI) - 11:05",True,2,1840.0,1840.0,1840.0
2026-08-05 12:01:16,VUELO,2026-08-06,TJA,Tarija,ORU,Oruro,BOLIVIANA DE AVIACION,OB,533 / 324,2026-08-06 20:50,2026-08-07 14:40,ECONOMICA,AVION,1 escala (CBB) - 17:50,True,1,1202.0,1202.0,1202.0
2026-08-05 12:01:16,VUELO,2026-08-06,TJA,Tarija,SRE,Sucre,BOLIVIANA DE AVIACION,OB,533 / 578,2026-08-06 20:50,2026-08-07 20:30,ECONOMICA,AVION,1 escala (CBB) - 23:40,True,1,1273.0,1273.0,1273.0
2026-08-05 12:01:16,VUELO,2026-08-06,TJA,Tarija,SRE,Sucre,BOLIVIANA DE AVIACION,OB,533 / 572,2026-08-06 20:50,2026-08-07 09:00,ECONOMICA,AVION,1 escala (CBB) - 12:10,True,1,1367.0,1367.0,1367.0
2026-08-05 12:01:16,VUELO,2026-08-06,TJA,Tarija,TDD,Trinidad,BOLIVIANA DE AVIACION,OB,533 / 446,2026-08-06 20:50,2026-08-07 14:45,ECONOMICA,AVION,1 escala (CBB) - 17:55,True,1,1357.0,1357.0,1357.0
2026-08-05 12:01:16,VUELO,2026-08-06,TJA,Tarija,UYU,Uyuni,BOLIVIANA DE AVIACION,OB,533 / 600 / 304,2026-08-06 20:50,2026-08-07 08:10,ECONOMICA,AVION,"2 escala (CBB, LPB) - 11:20",True,2,2282.0,2282.0,2282.0
2026-08-05 12:01:16,VUELO,2026-08-06,TJA,Tarija,UYU,Uyuni,BOLIVIANA DE AVIACION,OB,533 / 624 / 304,2026-08-06 20:50,2026-08-07 08:10,ECONOMICA,AVION,"2 escala (CBB, LPB) - 11:20",True,2,2437.0,2437.0,2437.0
2026-08-05 12:01:16,VUELO,2026-08-06,TJA,Tarija,UYU,Uyuni,BOLIVIANA DE AVIACION,OB,533 / 626 / 304,2026-08-06 20:50,2026-08-07 08:10,ECONOMICA,AVION,"2 escala (CBB, LPB) - 11:20",True,2,2437.0,2437.0,2437.0
2026-08-05 12:01:16,VUELO,2026-08-06,TJA,Tarija,VVI,Santa Cruz,BOLIVIANA DE AVIACION,OB,533 / 656,2026-08-06 20:50,2026-08-06 23:15,ECONOMICA,AVION,1 escala (CBB) - 02:25,True,1,963.0,963.0,963.0
2026-08-05 12:01:16,VUELO,2026-08-06,TJA,Tarija,VVI,Santa Cruz,BOLIVIANA DE AVIACION,OB,533 / 634,2026-08-06 20:50,2026-08-07 07:50,ECONOMICA,AVION,1 escala (CBB) - 11:00,True,1,1589.0,1589.0,1589.0
2026-08-05 12:01:16,VUELO,2026-08-06,TJA,Tarija,VVI,Santa Cruz,BOLIVIANA DE AVIACION,OB,533 / 626 / 660,2026-08-06 20:50,2026-08-07 06:15,ECONOMICA,AVION,"2 escala (CBB, LPB) - 09:25",True,2,2020.0,2020.0,2020.0
2026-08-05 12:01:16,VUELO,2026-08-06,TJA,Tarija,VVI,Santa Cruz,BOLIVIANA DE AVIACION,OB,533 / 624 / 660,2026-08-06 20:50,2026-08-07 06:15,ECONOMICA,AVION,"2 escala (CBB, LPB) - 09:25",True,2,2035.0,2035.0,2035.0
2026-08-05 12:01:16,VUELO,2026-08-06,TJA,Tarija,VVI,Santa Cruz,BOLIVIANA DE AVIACION,OB,533 / 624 / 662,2026-08-06 20:50,2026-08-07 08:35,ECONOMICA,AVION,"2 escala (CBB, LPB) - 11:45",True,2,2130.0,2130.0,2130.0
2026-08-05 12:01:16,VUELO,2026-08-06,TJA,Tarija,VVI,Santa Cruz,BOLIVIANA DE AVIACION,OB,533 / 626 / 662,2026-08-06 20:50,2026-08-07 08:35,ECONOMICA,AVION,"2 escala (CBB, LPB) - 11:45",True,2,2130.0,2130.0,2130.0
2026-08-05 12:01:16,VUELO,2026-08-06,TJA,Tarija,VVI,Santa Cruz,BOLIVIANA DE AVIACION,OB,533 / 624 / 988,2026-08-06 20:50,2026-08-07 00:40,ECONOMICA,AVION,"2 escala (CBB, LPB) - 03:50",True,2,2210.0,2210.0,2210.0
2026-08-05 12:01:16,VUELO,2026-08-06,TJA,Tarija,VVI,Santa Cruz,BOLIVIANA DE AVIACION,OB,533 / 600 / 662,2026-08-06 20:50,2026-08-07 08:35,ECONOMICA,AVION,"2 escala (CBB, LPB) - 11:45",True,2,2290.0,2290.0,2290.0
2026-08-05 12:01:16,VUELO,2026-08-06,VVI,Santa Cruz,CGB,Cuiaba,AVIANCA,AV,166 / 249 / 4769,2026-08-06 03:35,2026-08-07 09:55,ECONOMICA,AVION,"2 escala (BOG, GRU) - 30:20",True,2,23947.0,23947.0,23947.0
2026-08-05 12:01:16,VUELO,2026-08-06,VVI,Santa Cruz,CGB,Cuiaba,AVIANCA,AV,166 / 185 / 4769,2026-08-06 03:35,2026-08-07 09:55,ECONOMICA,AVION,"2 escala (BOG, GRU) - 30:20",True,2,24803.0,24803.0,24803.0
2026-08-05 12:01:16,VUELO,2026-08-06,VVI,Santa Cruz,CGB,Cuiaba,AVIANCA,AV,166 / 85 / 4769,2026-08-06 03:35,2026-08-07 09:55,ECONOMICA,AVION,"2 escala (BOG, GRU) - 30:20",True,2,24803.0,24803.0,24803.0
2026-08-05 12:01:16,VUELO,2026-08-06,VVI,Santa Cruz,CGB,Cuiaba,AVIANCA,AV,166 / 161 / 4769,2026-08-06 03:35,2026-08-07 09:55,ECONOMICA,AVION,"2 escala (BOG, GRU) - 30:20",True,2,24803.0,24803.0,24803.0
2026-08-05 12:01:16,VUELO,2026-08-06,VVI,Santa Cruz,COR,Cordoba,AVIANCA,AV,166 / 139,2026-08-06 03:35,2026-08-07 06:20,ECONOMICA,AVION,1 escala (BOG) - 25:45,True,1,4123.0,4123.0,4123.0
2026-08-05 10:06:04,VUELO,2026-08-06,VVI,Santa Cruz,LPB,La Paz,BOLIVIANA DE AVIACION,OB,,2026-08-06 05:20,2026-08-06 06:25,ECONOMICA,AVION,0,,,1067.0,1067.0,1067.0
2026-08-05 12:01:16,VUELO,2026-08-06,VVI,Santa Cruz,CIJ,Cobija,BOLIVIANA DE AVIACION,OB,961 / 400,2026-08-06 05:20,2026-08-06 09:40,ECONOMICA,AVION,1 escala (LPB) - 04:20,True,1,1791.0,1791.0,1791.0
2026-08-05 12:01:16,VUELO,2026-08-06,VVI,Santa Cruz,LPB,La Paz,BOLIVIANA DE AVIACION,OB,961,2026-08-06 05:20,2026-08-06 06:25,ECONOMICA,AVION,Directo (01:05),False,0,1067.0,1067.0,1067.0
2026-08-05 12:01:16,VUELO,2026-08-06,VVI,Santa Cruz,CGB,Cuiaba,LATAM AIRLINES GROUP,LA,2407 / 2402 / 3390,2026-08-06 05:25,2026-08-07 09:25,ECONOMICA,AVION,"2 escala (LIM, BSB) - 28:00",True,2,29128.0,29128.0,29128.0
2026-08-05 12:01:16,VUELO,2026-08-06,VVI,Santa Cruz,CGB,Cuiaba,LATAM AIRLINES GROUP,LA,2407 / 2402 / 3112,2026-08-06 05:25,2026-08-07 16:15,ECONOMICA,AVION,"2 escala (LIM, BSB) - 34:50",True,2,29128.0,29128.0,29128.0
2026-08-05 12:01:16,VUELO,2026-08-06,VVI,Santa Cruz,CGB,Cuiaba,LATAM AIRLINES GROUP,LA,2407 / 8099 / 3566,2026-08-06 05:25,2026-08-07 01:05,ECONOMICA,AVION,"2 escala (LIM, GRU) - 19:40",True,2,31907.0,31907.0,31907.0
2026-08-05 12:01:16,VUELO,2026-08-06,VVI,Santa Cruz,CGB,Cuiaba,LATAM AIRLINES GROUP,LA,2407 / 2424 / 3801,2026-08-06 05:25,2026-08-06 21:50,ECONOMICA,AVION,"2 escala (LIM, GRU) - 16:25",True,2,32695.0,32695.0,32695.0
2026-08-05 12:01:16,VUELO,2026-08-06,VVI,Santa Cruz,CGB,Cuiaba,LATAM AIRLINES GROUP,LA,2407 / 2424 / 3566,2026-08-06 05:25,2026-08-07 01:05,ECONOMICA,AVION,"2 escala (LIM, GRU) - 19:40",True,2,32695.0,32695.0,32695.0
2026-08-05 12:01:16,VUELO,2026-08-06,VVI,Santa Cruz,CGB,Cuiaba,LATAM AIRLINES GROUP,LA,2407 / 2394 / 3638,2026-08-06 05:25,2026-08-07 08:25,ECONOMICA,AVION,"2 escala (LIM, GRU) - 27:00",True,2,32695.0,32695.0,32695.0
2026-08-05 12:01:16,VUELO,2026-08-06,VVI,Santa Cruz,CGB,Cuiaba,LATAM AIRLINES GROUP,LA,2407 / 2394 / 3620,2026-08-06 05:25,2026-08-07 15:30,ECONOMICA,AVION,"2 escala (LIM, GRU) - 34:05",True,2,32695.0,32695.0,32695.0
2026-08-05 12:01:16,VUELO,2026-08-06,VVI,Santa Cruz,CGB,Cuiaba,LATAM AIRLINES GROUP,LA,2407 / 2418 / 3620,2026-08-06 05:25,2026-08-07 15:30,ECONOMICA,AVION,"2 escala (LIM, GRU) - 34:05",True,2,32695.0,32695.0,32695.0
2026-08-05 12:01:16,VUELO,2026-08-06,VVI,Santa Cruz,CGB,Cuiaba,LATAM AIRLINES GROUP,LA,2407 / 8123 / 3620,2026-08-06 05:25,2026-08-07 15:30,ECONOMICA,AVION,"2 escala (LIM, GRU) - 34:05",True,2,32695.0,32695.0,32695.0
2026-08-05 12:01:16,VUELO,2026-08-06,VVI,Santa Cruz,CGB,Cuiaba,LATAM AIRLINES GROUP,LA,2407 / 2394 / 3801,2026-08-06 05:25,2026-08-07 21:55,ECONOMICA,AVION,"2 escala (LIM, GRU) - 40:30",True,2,32695.0,32695.0,32695.0
2026-08-05 12:01:16,VUELO,2026-08-06,VVI,Santa Cruz,CGB,Cuiaba,LATAM AIRLINES GROUP,LA,2407 / 2418 / 3801,2026-08-06 05:25,2026-08-07 21:55,ECONOMICA,AVION,"2 escala (LIM, GRU) - 40:30",True,2,32695.0,32695.0,32695.0
2026-08-05 12:01:16,VUELO,2026-08-06,VVI,Santa Cruz,CGB,Cuiaba,LATAM AIRLINES GROUP,LA,2407 / 8123 / 3801,2026-08-06 05:25,2026-08-07 21:55,ECONOMICA,AVION,"2 escala (LIM, GRU) - 40:30",True,2,32695.0,32695.0,32695.0
2026-08-05 12:01:16,VUELO,2026-08-06,VVI,Santa Cruz,CGB,Cuiaba,LATAM AIRLINES GROUP,LA,2407 / 2394 / 3268,2026-08-06 05:25,2026-08-07 17:15,ECONOMICA,AVION,"2 escala (LIM, GRU) - 35:50",True,2,32695.0,32695.0,32695.0
2026-08-05 12:01:16,VUELO,2026-08-06,VVI,Santa Cruz,CGB,Cuiaba,LATAM AIRLINES GROUP,LA,2407 / 2418 / 3268,2026-08-06 05:25,2026-08-07 17:15,ECONOMICA,AVION,"2 escala (LIM, GRU) - 35:50",True,2,32695.0,32695.0,32695.0
2026-08-05 12:01:16,VUELO,2026-08-06,VVI,Santa Cruz,CGB,Cuiaba,LATAM AIRLINES GROUP,LA,2407 / 8123 / 3268,2026-08-06 05:25,2026-08-07 17:15,ECONOMICA,AVION,"2 escala (LIM, GRU) - 35:50",True,2,32695.0,32695.0,32695.0
2026-08-05 12:01:16,VUELO,2026-08-06,VVI,Santa Cruz,CGB,Cuiaba,LATAM AIRLINES GROUP,LA,2407 / 2424 / 3868,2026-08-06 05:25,2026-08-06 23:05,ECONOMICA,AVION,"2 escala (LIM, GRU) - 17:40",True,2,32762.0,32762.0,32762.0
2026-08-05 12:01:16,VUELO,2026-08-06,VVI,Santa Cruz,CGB,Cuiaba,LATAM AIRLINES GROUP,LA,2407 / 2394 / 3030,2026-08-06 05:25,2026-08-07 10:15,ECONOMICA,AVION,"2 escala (LIM, GRU) - 28:50",True,2,32762.0,32762.0,32762.0
2026-08-05 12:01:16,VUELO,2026-08-06,VVI,Santa Cruz,CGB,Cuiaba,LATAM AIRLINES GROUP,LA,2407 / 2394 / 3868,2026-08-06 05:25,2026-08-07 23:05,ECONOMICA,AVION,"2 escala (LIM, GRU) - 41:40",True,2,32762.0,32762.0,32762.0
2026-08-05 12:01:16,VUELO,2026-08-06,VVI,Santa Cruz,CGB,Cuiaba,LATAM AIRLINES GROUP,LA,2407 / 2418 / 3868,2026-08-06 05:25,2026-08-07 23:05,ECONOMICA,AVION,"2 escala (LIM, GRU) - 41:40",True,2,32762.0,32762.0,32762.0
2026-08-05 12:01:16,VUELO,2026-08-06,VVI,Santa Cruz,CGB,Cuiaba,LATAM AIRLINES GROUP,LA,2407 / 8123 / 3868,2026-08-06 05:25,2026-08-07 23:05,ECONOMICA,AVION,"2 escala (LIM, GRU) - 41:40",True,2,32762.0,32762.0,32762.0
2026-08-05 12:01:16,VUELO,2026-08-06,VVI,Santa Cruz,COR,Cordoba,LATAM AIRLINES GROUP,LA,2407 / 2445 / 486,2026-08-06 05:25,2026-08-07 20:21,ECONOMICA,AVION,"2 escala (LIM, SCL) - 37:56",True,2,19516.0,19516.0,19516.0
2026-08-05 12:01:16,VUELO,2026-08-06,VVI,Santa Cruz,COR,Cordoba,LATAM AIRLINES GROUP,LA,2407 / 523 / 486,2026-08-06 05:25,2026-08-07 20:21,ECONOMICA,AVION,"2 escala (LIM, SCL) - 37:56",True,2,19817.0,19817.0,19817.0
2026-08-05 12:01:16,VUELO,2026-08-06,VVI,Santa Cruz,COR,Cordoba,LATAM AIRLINES GROUP,LA,2407 / 641 / 486,2026-08-06 05:25,2026-08-07 20:21,ECONOMICA,AVION,"2 escala (LIM, SCL) - 37:56",True,2,19817.0,19817.0,19817.0
2026-08-05 12:01:16,VUELO,2026-08-06,VVI,Santa Cruz,COR,Cordoba,LATAM AIRLINES GROUP,LA,2407 / 645 / 486,2026-08-06 05:25,2026-08-07 20:21,ECONOMICA,AVION,"2 escala (LIM, SCL) - 37:56",True,2,19817.0,19817.0,19817.0
2026-08-05 12:01:16,VUELO,2026-08-06,VVI,Santa Cruz,COR,Cordoba,LATAM AIRLINES GROUP,LA,2407 / 2371 / 486,2026-08-06 05:25,2026-08-07 20:21,ECONOMICA,AVION,"2 escala (LIM, SCL) - 37:56",True,2,19817.0,19817.0,19817.0
2026-08-05 12:01:16,VUELO,2026-08-06,VVI,Santa Cruz,COR,Cordoba,LATAM AIRLINES GROUP,LA,2407 / 2377 / 486,2026-08-06 05:25,2026-08-07 20:21,ECONOMICA,AVION,"2 escala (LIM, SCL) - 37:56",True,2,19817.0,19817.0,19817.0
2026-08-05 12:01:16,VUELO,2026-08-06,VVI,Santa Cruz,COR,Cordoba,LATAM AIRLINES GROUP,LA,2407 / 2431 / 486,2026-08-06 05:25,2026-08-07 20:21,ECONOMICA,AVION,"2 escala (LIM, SCL) - 37:56",True,2,19817.0,19817.0,19817.0
2026-08-05 12:01:16,VUELO,2026-08-06,VVI,Santa Cruz,COR,Cordoba,LATAM AIRLINES GROUP,LA,2407 / 2364,2026-08-06 05:25,2026-08-07 05:55,ECONOMICA,AVION,1 escala (LIM) - 23:30,True,1,21587.0,21587.0,21587.0
2026-08-05 12:01:16,VUELO,2026-08-06,VVI,Santa Cruz,COR,Cordoba,LATAM AIRLINES GROUP,LA,2407 / 2435 / 5961,2026-08-06 05:25,2026-08-07 11:35,ECONOMICA,AVION,"2 escala (LIM, MDZ) - 29:10",True,2,23827.0,23827.0,23827.0
2026-08-05 12:01:16,VUELO,2026-08-06,VVI,Santa Cruz,COR,Cordoba,LATAM AIRLINES GROUP,LA,2407 / 2369 / 1520,2026-08-06 05:25,2026-08-07 05:50,ECONOMICA,AVION,"2 escala (LIM, AEP) - 23:25",True,2,24822.0,24822.0,24822.0
2026-08-05 12:01:16,VUELO,2026-08-06,VVI,Santa Cruz,EZE,Buenos Aires,LATAM AIRLINES GROUP,LA,2407 / 2697 / 477,2026-08-06 05:25,2026-08-06 18:21,ECONOMICA,AVION,"2 escala (LIM, SCL) - 11:56",True,2,21589.0,21589.0,21589.0
2026-08-05 12:01:16,VUELO,2026-08-06,VVI,Santa Cruz,MDZ,Mendoza,LATAM AIRLINES GROUP,LA,2407 / 2697 / 436,2026-08-06 05:25,2026-08-06 19:03,ECONOMICA,AVION,"2 escala (LIM, SCL) - 12:38",True,2,19917.0,19917.0,19917.0
2026-08-05 12:01:16,VUELO,2026-08-06,VVI,Santa Cruz,MDZ,Mendoza,LATAM AIRLINES GROUP,LA,2407 / 523 / 434,2026-08-06 05:25,2026-08-07 11:06,ECONOMICA,AVION,"2 escala (LIM, SCL) - 28:41",True,2,19917.0,19917.0,19917.0
2026-08-05 12:01:16,VUELO,2026-08-06,VVI,Santa Cruz,MDZ,Mendoza,LATAM AIRLINES GROUP,LA,2407 / 2371 / 434,2026-08-06 05:25,2026-08-07 11:06,ECONOMICA,AVION,"2 escala (LIM, SCL) - 28:41",True,2,19917.0,19917.0,19917.0
2026-08-05 12:01:16,VUELO,2026-08-06,VVI,Santa Cruz,MDZ,Mendoza,LATAM AIRLINES GROUP,LA,2407 / 2377 / 434,2026-08-06 05:25,2026-08-07 11:06,ECONOMICA,AVION,"2 escala (LIM, SCL) - 28:41",True,2,19917.0,19917.0,19917.0
2026-08-05 12:01:16,VUELO,2026-08-06,VVI,Santa Cruz,MDZ,Mendoza,LATAM AIRLINES GROUP,LA,2407 / 2431 / 434,2026-08-06 05:25,2026-08-07 11:06,ECONOMICA,AVION,"2 escala (LIM, SCL) - 28:41",True,2,19917.0,19917.0,19917.0
2026-08-05 12:01:16,VUELO,2026-08-06,VVI,Santa Cruz,MDZ,Mendoza,LATAM AIRLINES GROUP,LA,2407 / 645 / 434,2026-08-06 05:25,2026-08-07 11:06,ECONOMICA,AVION,"2 escala (LIM, SCL) - 28:41",True,2,19917.0,19917.0,19917.0
2026-08-05 12:01:16,VUELO,2026-08-06,VVI,Santa Cruz,MDZ,Mendoza,LATAM AIRLINES GROUP,LA,2407 / 2413 / 434,2026-08-06 05:25,2026-08-07 11:06,ECONOMICA,AVION,"2 escala (LIM, SCL) - 28:41",True,2,20022.0,20022.0,20022.0
2026-08-05 12:01:16,VUELO,2026-08-06,VVI,Santa Cruz,MDZ,Mendoza,LATAM AIRLINES GROUP,LA,2407 / 641 / 434,2026-08-06 05:25,2026-08-07 11:06,ECONOMICA,AVION,"2 escala (LIM, SCL) - 28:41",True,2,20022.0,20022.0,20022.0
2026-08-05 12:01:16,VUELO,2026-08-06,VVI,Santa Cruz,MDZ,Mendoza,LATAM AIRLINES GROUP,LA,2407 / 651 / 434,2026-08-06 05:25,2026-08-07 11:06,ECONOMICA,AVION,"2 escala (LIM, SCL) - 28:41",True,2,20022.0,20022.0,20022.0
2026-08-05 12:01:16,VUELO,2026-08-06,VVI,Santa Cruz,MDZ,Mendoza,LATAM AIRLINES GROUP,LA,2407 / 2697 / 434,2026-08-06 05:25,2026-08-07 11:06,ECONOMICA,AVION,"2 escala (LIM, SCL) - 28:41",True,2,20022.0,20022.0,20022.0
2026-08-05 12:01:16,VUELO,2026-08-06,VVI,Santa Cruz,MDZ,Mendoza,LATAM AIRLINES GROUP,LA,2407 / 2435,2026-08-06 05:25,2026-08-07 06:25,ECONOMICA,AVION,1 escala (LIM) - 24:00,True,1,21989.0,21989.0,21989.0
2026-08-05 12:01:16,VUELO,2026-08-06,VVI,Santa Cruz,MDZ,Mendoza,LATAM AIRLINES GROUP,LA,2407 / 2364 / 5255,2026-08-06 05:25,2026-08-07 13:10,ECONOMICA,AVION,"2 escala (LIM, COR) - 30:45",True,2,22915.0,22915.0,22915.0
2026-08-05 12:01:16,VUELO,2026-08-06,VVI,Santa Cruz,MDZ,Mendoza,LATAM AIRLINES GROUP,LA,2407 / 2364 / 8341,2026-08-06 05:25,2026-08-07 18:15,ECONOMICA,AVION,"2 escala (LIM, COR) - 35:50",True,2,22915.0,22915.0,22915.0
2026-08-05 12:01:16,VUELO,2026-08-06,VVI,Santa Cruz,MDZ,Mendoza,LATAM AIRLINES GROUP,LA,2407 / 2380 / 1424,2026-08-06 05:25,2026-08-06 20:15,ECONOMICA,AVION,"2 escala (LIM, AEP) - 13:50",True,2,25292.0,25292.0,25292.0
2026-08-05 12:01:16,VUELO,2026-08-06,VVI,Santa Cruz,MDZ,Mendoza,LATAM AIRLINES GROUP,LA,2407 / 2369 / 1402,2026-08-06 05:25,2026-08-07 08:05,ECONOMICA,AVION,"2 escala (LIM, AEP) - 25:40",True,2,25292.0,25292.0,25292.0
2026-08-05 12:01:16,VUELO,2026-08-06,VVI,Santa Cruz,MDZ,Mendoza,LATAM AIRLINES GROUP,LA,2407 / 2380 / 1400,2026-08-06 05:25,2026-08-06 21:30,ECONOMICA,AVION,"2 escala (LIM, AEP) - 15:05",True,2,25292.0,25292.0,25292.0
2026-08-05 12:01:16,VUELO,2026-08-06,VVI,Santa Cruz,MDZ,Mendoza,LATAM AIRLINES GROUP,LA,2407 / 2375 / 1404,2026-08-06 05:25,2026-08-07 09:45,ECONOMICA,AVION,"2 escala (LIM, EZE) - 27:20",True,2,25292.0,25292.0,25292.0
2026-08-05 12:01:16,VUELO,2026-08-06,VVI,Santa Cruz,MDZ,Mendoza,LATAM AIRLINES GROUP,LA,2407 / 2380 / 8332,2026-08-06 05:25,2026-08-06 20:15,ECONOMICA,AVION,"2 escala (LIM, AEP) - 13:50",True,2,25375.0,25375.0,25375.0
2026-08-05 12:01:16,VUELO,2026-08-06,VVI,Santa Cruz,MDZ,Mendoza,LATAM AIRLINES GROUP,LA,2407 / 2375 / 5932,2026-08-06 05:25,2026-08-07 09:45,ECONOMICA,AVION,"2 escala (LIM, EZE) - 27:20",True,2,25375.0,25375.0,25375.0
2026-08-05 12:01:16,VUELO,2026-08-06,VVI,Santa Cruz,MDZ,Mendoza,LATAM AIRLINES GROUP,LA,2407 / 2445 / 8344,2026-08-06 05:25,2026-08-07 14:25,ECONOMICA,AVION,"2 escala (LIM, AEP) - 32:00",True,2,25375.0,25375.0,25375.0
2026-08-05 12:01:16,VUELO,2026-08-06,VVI,Santa Cruz,MDZ,Mendoza,LATAM AIRLINES GROUP,LA,2407 / 2465 / 8344,2026-08-06 05:25,2026-08-07 14:25,ECONOMICA,AVION,"2 escala (LIM, AEP) - 32:00",True,2,25375.0,25375.0,25375.0
2026-08-05 10:06:04,VUELO,2026-08-06,VVI,Santa Cruz,LPB,La Paz,BOLIVIANA DE AVIACION,OB,,2026-08-06 05:35,2026-08-06 06:40,ECONOMICA,AVION,0,,,973.0,973.0,973.0
2026-08-05 12:01:16,VUELO,2026-08-06,VVI,Santa Cruz,CIJ,Cobija,BOLIVIANA DE AVIACION,OB,661 / 400,2026-08-06 05:35,2026-08-06 09:40,ECONOMICA,AVION,1 escala (LPB) - 04:05,True,1,1791.0,1791.0,1791.0
2026-08-05 12:01:16,VUELO,2026-08-06,VVI,Santa Cruz,LPB,La Paz,BOLIVIANA DE AVIACION,OB,661,2026-08-06 05:35,2026-08-06 06:40,ECONOMICA,AVION,Directo (01:05),False,0,973.0,973.0,973.0
2026-08-05 10:06:04,VUELO,2026-08-06,VVI,Santa Cruz,LPB,La Paz,BOLIVIANA DE AVIACION,OB,,2026-08-06 06:50,2026-08-06 07:55,ECONOMICA,AVION,0,,,1067.0,1067.0,1067.0
2026-08-05 12:01:16,VUELO,2026-08-06,VVI,Santa Cruz,CIJ,Cobija,BOLIVIANA DE AVIACION,OB,663 / 400,2026-08-06 06:50,2026-08-06 09:40,ECONOMICA,AVION,1 escala (LPB) - 02:50,True,1,1791.0,1791.0,1791.0
2026-08-05 12:01:16,VUELO,2026-08-06,VVI,Santa Cruz,LPB,La Paz,BOLIVIANA DE AVIACION,OB,663,2026-08-06 06:50,2026-08-06 07:55,ECONOMICA,AVION,Directo (01:05),False,0,1067.0,1067.0,1067.0
2026-08-05 10:06:04,VUELO,2026-08-06,VVI,SANTA CRUZ,LPB,LA PAZ,TAMep,2E,,2026-08-06 07:20,2026-08-06 08:30,ECONOMICA,AVION,0,,,677.0,677.0,677.0
2026-08-05 12:01:16,VUELO,2026-08-06,VVI,SANTA CRUZ,CIJ,COBIJA,TAMep,2E,711 / 712,2026-08-06 07:20,2026-08-06 10:20,ECONOMICA,AVION,1 escala (LPB) - 03:00,True,1,1523.0,1523.0,1523.0
2026-08-05 12:01:16,VUELO,2026-08-06,VVI,SANTA CRUZ,LPB,LA PAZ,TAMep,2E,711,2026-08-06 07:20,2026-08-06 08:30,ECONOMICA,AVION,Directo (01:10),False,0,787.0,787.0,787.0
2026-08-05 12:01:16,VUELO,2026-08-06,VVI,Santa Cruz,CGB,Cuiaba,LATAM AIRLINES GROUP,LA,890 / 790 / 3390,2026-08-06 11:15,2026-08-07 09:25,ECONOMICA,AVION,"2 escala (SCL, BSB) - 22:10",True,2,25674.0,25674.0,25674.0
2026-08-05 12:01:16,VUELO,2026-08-06,VVI,Santa Cruz,CGB,Cuiaba,LATAM AIRLINES GROUP,LA,890 / 790 / 3112,2026-08-06 11:15,2026-08-07 16:15,ECONOMICA,AVION,"2 escala (SCL, BSB) - 29:00",True,2,25674.0,25674.0,25674.0
2026-08-05 12:01:16,VUELO,2026-08-06,VVI,Santa Cruz,CGB,Cuiaba,LATAM AIRLINES GROUP,LA,890 / 613 / 3566,2026-08-06 11:15,2026-08-07 01:05,ECONOMICA,AVION,"2 escala (SCL, GRU) - 13:50",True,2,25676.0,25676.0,25676.0
2026-08-05 12:01:16,VUELO,2026-08-06,VVI,Santa Cruz,CGB,Cuiaba,LATAM AIRLINES GROUP,LA,890 / 714 / 3566,2026-08-06 11:15,2026-08-07 01:05,ECONOMICA,AVION,"2 escala (SCL, GRU) - 13:50",True,2,25676.0,25676.0,25676.0
2026-08-05 12:01:16,VUELO,2026-08-06,VVI,Santa Cruz,CGB,Cuiaba,LATAM AIRLINES GROUP,LA,890 / 613 / 3638,2026-08-06 11:15,2026-08-07 08:25,ECONOMICA,AVION,"2 escala (SCL, GRU) - 21:10",True,2,25676.0,25676.0,25676.0
2026-08-05 12:01:16,VUELO,2026-08-06,VVI,Santa Cruz,CGB,Cuiaba,LATAM AIRLINES GROUP,LA,890 / 714 / 3638,2026-08-06 11:15,2026-08-07 08:25,ECONOMICA,AVION,"2 escala (SCL, GRU) - 21:10",True,2,25676.0,25676.0,25676.0
2026-08-05 12:01:16,VUELO,2026-08-06,VVI,Santa Cruz,CGB,Cuiaba,LATAM AIRLINES GROUP,LA,890 / 756 / 3638,2026-08-06 11:15,2026-08-07 08:25,ECONOMICA,AVION,"2 escala (SCL, GRU) - 21:10",True,2,25676.0,25676.0,25676.0
2026-08-05 12:01:16,VUELO,2026-08-06,VVI,Santa Cruz,CGB,Cuiaba,LATAM AIRLINES GROUP,LA,890 / 758 / 3638,2026-08-06 11:15,2026-08-07 08:25,ECONOMICA,AVION,"2 escala (SCL, GRU) - 21:10",True,2,25676.0,25676.0,25676.0
2026-08-05 12:01:16,VUELO,2026-08-06,VVI,Santa Cruz,CGB,Cuiaba,LATAM AIRLINES GROUP,LA,890 / 8183 / 3638,2026-08-06 11:15,2026-08-07 08:25,ECONOMICA,AVION,"2 escala (SCL, GRU) - 21:10",True,2,25676.0,25676.0,25676.0
2026-08-05 12:01:16,VUELO,2026-08-06,VVI,Santa Cruz,CGB,Cuiaba,LATAM AIRLINES GROUP,LA,890 / 613 / 3620,2026-08-06 11:15,2026-08-07 15:30,ECONOMICA,AVION,"2 escala (SCL, GRU) - 28:15",True,2,25676.0,25676.0,25676.0
2026-08-05 12:01:16,VUELO,2026-08-06,VVI,Santa Cruz,CGB,Cuiaba,LATAM AIRLINES GROUP,LA,890 / 756 / 3620,2026-08-06 11:15,2026-08-07 15:30,ECONOMICA,AVION,"2 escala (SCL, GRU) - 28:15",True,2,25676.0,25676.0,25676.0
2026-08-05 12:01:16,VUELO,2026-08-06,VVI,Santa Cruz,CGB,Cuiaba,LATAM AIRLINES GROUP,LA,890 / 758 / 3620,2026-08-06 11:15,2026-08-07 15:30,ECONOMICA,AVION,"2 escala (SCL, GRU) - 28:15",True,2,25676.0,25676.0,25676.0
2026-08-05 12:01:16,VUELO,2026-08-06,VVI,Santa Cruz,CGB,Cuiaba,LATAM AIRLINES GROUP,LA,890 / 8055 / 3620,2026-08-06 11:15,2026-08-07 15:30,ECONOMICA,AVION,"2 escala (SCL, GRU) - 28:15",True,2,25676.0,25676.0,25676.0
2026-08-05 12:01:16,VUELO,2026-08-06,VVI,Santa Cruz,CGB,Cuiaba,LATAM AIRLINES GROUP,LA,890 / 714 / 3620,2026-08-06 11:15,2026-08-07 15:30,ECONOMICA,AVION,"2 escala (SCL, GRU) - 28:15",True,2,25676.0,25676.0,25676.0
2026-08-05 12:01:16,VUELO,2026-08-06,VVI,Santa Cruz,CGB,Cuiaba,LATAM AIRLINES GROUP,LA,890 / 756 / 3268,2026-08-06 11:15,2026-08-07 17:15,ECONOMICA,AVION,"2 escala (SCL, GRU) - 30:00",True,2,25676.0,25676.0,25676.0
2026-08-05 12:01:16,VUELO,2026-08-06,VVI,Santa Cruz,CGB,Cuiaba,LATAM AIRLINES GROUP,LA,890 / 758 / 3268,2026-08-06 11:15,2026-08-07 17:15,ECONOMICA,AVION,"2 escala (SCL, GRU) - 30:00",True,2,25676.0,25676.0,25676.0
2026-08-05 12:01:16,VUELO,2026-08-06,VVI,Santa Cruz,CGB,Cuiaba,LATAM AIRLINES GROUP,LA,890 / 8055 / 3268,2026-08-06 11:15,2026-08-07 17:15,ECONOMICA,AVION,"2 escala (SCL, GRU) - 30:00",True,2,25676.0,25676.0,25676.0
2026-08-05 12:01:16,VUELO,2026-08-06,VVI,Santa Cruz,CGB,Cuiaba,LATAM AIRLINES GROUP,LA,890 / 714 / 3268,2026-08-06 11:15,2026-08-07 17:15,ECONOMICA,AVION,"2 escala (SCL, GRU) - 30:00",True,2,25676.0,25676.0,25676.0
2026-08-05 12:01:16,VUELO,2026-08-06,VVI,Santa Cruz,CGB,Cuiaba,LATAM AIRLINES GROUP,LA,890 / 8183 / 3268,2026-08-06 11:15,2026-08-07 17:15,ECONOMICA,AVION,"2 escala (SCL, GRU) - 30:00",True,2,25676.0,25676.0,25676.0
2026-08-05 12:01:16,VUELO,2026-08-06,VVI,Santa Cruz,CGB,Cuiaba,LATAM AIRLINES GROUP,LA,890 / 756 / 3801,2026-08-06 11:15,2026-08-07 21:55,ECONOMICA,AVION,"2 escala (SCL, GRU) - 34:40",True,2,25676.0,25676.0,25676.0
2026-08-05 12:01:16,VUELO,2026-08-06,VVI,Santa Cruz,CGB,Cuiaba,LATAM AIRLINES GROUP,LA,890 / 758 / 3801,2026-08-06 11:15,2026-08-07 21:55,ECONOMICA,AVION,"2 escala (SCL, GRU) - 34:40",True,2,25676.0,25676.0,25676.0
2026-08-05 12:01:16,VUELO,2026-08-06,VVI,Santa Cruz,CGB,Cuiaba,LATAM AIRLINES GROUP,LA,890 / 8055 / 3801,2026-08-06 11:15,2026-08-07 21:55,ECONOMICA,AVION,"2 escala (SCL, GRU) - 34:40",True,2,25676.0,25676.0,25676.0
2026-08-05 12:01:16,VUELO,2026-08-06,VVI,Santa Cruz,CGB,Cuiaba,LATAM AIRLINES GROUP,LA,890 / 756 / 3566,2026-08-06 11:15,2026-08-08 01:05,ECONOMICA,AVION,"2 escala (SCL, GRU) - 37:50",True,2,25676.0,25676.0,25676.0
2026-08-05 12:01:16,VUELO,2026-08-06,VVI,Santa Cruz,CGB,Cuiaba,LATAM AIRLINES GROUP,LA,890 / 758 / 3566,2026-08-06 11:15,2026-08-08 01:05,ECONOMICA,AVION,"2 escala (SCL, GRU) - 37:50",True,2,25676.0,25676.0,25676.0
2026-08-05 12:01:16,VUELO,2026-08-06,VVI,Santa Cruz,CGB,Cuiaba,LATAM AIRLINES GROUP,LA,890 / 8055 / 3566,2026-08-06 11:15,2026-08-08 01:05,ECONOMICA,AVION,"2 escala (SCL, GRU) - 37:50",True,2,25676.0,25676.0,25676.0
2026-08-05 12:01:16,VUELO,2026-08-06,VVI,Santa Cruz,CGB,Cuiaba,LATAM AIRLINES GROUP,LA,890 / 613 / 3030,2026-08-06 11:15,2026-08-07 10:15,ECONOMICA,AVION,"2 escala (SCL, GRU) - 23:00",True,2,25743.0,25743.0,25743.0
2026-08-05 12:01:16,VUELO,2026-08-06,VVI,Santa Cruz,CGB,Cuiaba,LATAM AIRLINES GROUP,LA,890 / 714 / 3030,2026-08-06 11:15,2026-08-07 10:15,ECONOMICA,AVION,"2 escala (SCL, GRU) - 23:00",True,2,25743.0,25743.0,25743.0
2026-08-05 12:01:16,VUELO,2026-08-06,VVI,Santa Cruz,CGB,Cuiaba,LATAM AIRLINES GROUP,LA,890 / 756 / 3030,2026-08-06 11:15,2026-08-07 10:15,ECONOMICA,AVION,"2 escala (SCL, GRU) - 23:00",True,2,25743.0,25743.0,25743.0
2026-08-05 12:01:16,VUELO,2026-08-06,VVI,Santa Cruz,CGB,Cuiaba,LATAM AIRLINES GROUP,LA,890 / 758 / 3030,2026-08-06 11:15,2026-08-07 10:15,ECONOMICA,AVION,"2 escala (SCL, GRU) - 23:00",True,2,25743.0,25743.0,25743.0
2026-08-05 12:01:16,VUELO,2026-08-06,VVI,Santa Cruz,CGB,Cuiaba,LATAM AIRLINES GROUP,LA,890 / 8183 / 3030,2026-08-06 11:15,2026-08-07 10:15,ECONOMICA,AVION,"2 escala (SCL, GRU) - 23:00",True,2,25743.0,25743.0,25743.0
2026-08-05 12:01:16,VUELO,2026-08-06,VVI,Santa Cruz,CGB,Cuiaba,LATAM AIRLINES GROUP,LA,890 / 8183 / 3868,2026-08-06 11:15,2026-08-07 23:05,ECONOMICA,AVION,"2 escala (SCL, GRU) - 35:50",True,2,25743.0,25743.0,25743.0
2026-08-05 12:01:16,VUELO,2026-08-06,VVI,Santa Cruz,CGB,Cuiaba,LATAM AIRLINES GROUP,LA,890 / 756 / 3868,2026-08-06 11:15,2026-08-07 23:05,ECONOMICA,AVION,"2 escala (SCL, GRU) - 35:50",True,2,25743.0,25743.0,25743.0
2026-08-05 12:01:16,VUELO,2026-08-06,VVI,Santa Cruz,CGB,Cuiaba,LATAM AIRLINES GROUP,LA,890 / 758 / 3868,2026-08-06 11:15,2026-08-07 23:05,ECONOMICA,AVION,"2 escala (SCL, GRU) - 35:50",True,2,25743.0,25743.0,25743.0
2026-08-05 12:01:16,VUELO,2026-08-06,VVI,Santa Cruz,CGB,Cuiaba,LATAM AIRLINES GROUP,LA,890 / 8055 / 3868,2026-08-06 11:15,2026-08-07 23:05,ECONOMICA,AVION,"2 escala (SCL, GRU) - 35:50",True,2,25743.0,25743.0,25743.0
2026-08-05 12:01:16,VUELO,2026-08-06,VVI,Santa Cruz,COR,Cordoba,LATAM AIRLINES GROUP,LA,890 / 425 / 1520,2026-08-06 11:15,2026-08-07 05:50,ECONOMICA,AVION,"2 escala (SCL, AEP) - 17:35",True,2,19447.0,19447.0,19447.0
2026-08-05 12:01:16,VUELO,2026-08-06,VVI,Santa Cruz,COR,Cordoba,LATAM AIRLINES GROUP,LA,890 / 427 / 1520,2026-08-06 11:15,2026-08-07 05:50,ECONOMICA,AVION,"2 escala (SCL, AEP) - 17:35",True,2,19447.0,19447.0,19447.0
2026-08-05 12:01:16,VUELO,2026-08-06,VVI,Santa Cruz,EZE,Buenos Aires,LATAM AIRLINES GROUP,LA,890 / 714 / 8130,2026-08-06 11:15,2026-08-07 01:05,ECONOMICA,AVION,"2 escala (SCL, GRU) - 12:50",True,2,36164.0,36164.0,36164.0
2026-08-05 12:01:16,VUELO,2026-08-06,VVI,Santa Cruz,MDZ,Mendoza,LATAM AIRLINES GROUP,LA,890 / 436,2026-08-06 11:15,2026-08-06 19:03,ECONOMICA,AVION,1 escala (SCL) - 06:48,True,1,11544.0,11544.0,11544.0
2026-08-05 12:01:16,VUELO,2026-08-06,VVI,Santa Cruz,MDZ,Mendoza,LATAM AIRLINES GROUP,LA,890 / 434,2026-08-06 11:15,2026-08-07 11:06,ECONOMICA,AVION,1 escala (SCL) - 22:51,True,1,12574.0,12574.0,12574.0
2026-08-05 10:06:04,VUELO,2026-08-06,VVI,Santa Cruz,LPB,La Paz,BOLIVIANA DE AVIACION,OB,,2026-08-06 13:50,2026-08-06 14:55,ECONOMICA,AVION,0,,,1067.0,1067.0,1067.0
2026-08-05 12:01:16,VUELO,2026-08-06,VVI,Santa Cruz,LPB,La Paz,BOLIVIANA DE AVIACION,OB,673,2026-08-06 13:50,2026-08-06 14:55,ECONOMICA,AVION,Directo (01:05),False,0,973.0,973.0,973.0
2026-08-05 10:06:04,VUELO,2026-08-06,VVI,Santa Cruz,LPB,La Paz,BOLIVIANA DE AVIACION,OB,,2026-08-06 17:20,2026-08-06 18:25,ECONOMICA,AVION,0,,,1067.0,1067.0,1067.0
2026-08-05 10:06:04,VUELO,2026-08-06,VVI,Santa Cruz,CBB,Cochabamba,BOLIVIANA DE AVIACION,OB,,2026-08-06 17:20,2026-08-06 18:05,ECONOMICA,AVION,0,,,650.0,650.0,650.0
2026-08-05 10:06:04,VUELO,2026-08-06,VVI,Santa Cruz,SRE,Sucre,BOLIVIANA DE AVIACION,OB,,2026-08-06 17:20,2026-08-06 20:30,ECONOMICA,AVION,0,,,713.0,713.0,713.0
2026-08-05 12:01:16,VUELO,2026-08-06,VVI,Santa Cruz,CBB,Cochabamba,BOLIVIANA DE AVIACION,OB,1647,2026-08-06 17:20,2026-08-06 18:05,ECONOMICA,AVION,Directo (00:45),False,0,713.0,713.0,713.0
2026-08-05 12:01:16,VUELO,2026-08-06,VVI,Santa Cruz,LPB,La Paz,BOLIVIANA DE AVIACION,OB,677,2026-08-06 17:20,2026-08-06 18:25,ECONOMICA,AVION,Directo (01:05),False,0,973.0,973.0,973.0
2026-08-05 12:01:16,VUELO,2026-08-06,VVI,Santa Cruz,LPB,La Paz,BOLIVIANA DE AVIACION,OB,1647 / 922,2026-08-06 17:20,2026-08-06 21:10,ECONOMICA,AVION,1 escala (CBB) - 03:50,True,1,1058.0,1058.0,1058.0
2026-08-05 12:01:16,VUELO,2026-08-06,VVI,Santa Cruz,LPB,La Paz,BOLIVIANA DE AVIACION,OB,1647 / 624,2026-08-06 17:20,2026-08-06 23:05,ECONOMICA,AVION,1 escala (CBB) - 05:45,True,1,1067.0,1067.0,1067.0
2026-08-05 12:01:16,VUELO,2026-08-06,VVI,Santa Cruz,SRE,Sucre,BOLIVIANA DE AVIACION,OB,1647 / 578,2026-08-06 17:20,2026-08-06 20:30,ECONOMICA,AVION,1 escala (CBB) - 03:10,True,1,713.0,713.0,713.0
2026-08-05 10:06:04,VUELO,2026-08-06,VVI,Santa Cruz,LPB,La Paz,BOLIVIANA DE AVIACION,OB,,2026-08-06 18:05,2026-08-06 23:05,ECONOMICA,AVION,0,,,973.0,973.0,973.0
2026-08-05 10:06:04,VUELO,2026-08-06,VVI,Santa Cruz,CBB,Cochabamba,BOLIVIANA DE AVIACION,OB,,2026-08-06 18:05,2026-08-06 18:50,ECONOMICA,AVION,0,,,650.0,650.0,650.0
2026-08-05 10:06:04,VUELO,2026-08-06,VVI,Santa Cruz,SRE,Sucre,BOLIVIANA DE AVIACION,OB,,2026-08-06 18:05,2026-08-06 20:30,ECONOMICA,AVION,0,,,713.0,713.0,713.0
2026-08-05 12:01:16,VUELO,2026-08-06,VVI,Santa Cruz,CBB,Cochabamba,BOLIVIANA DE AVIACION,OB,649,2026-08-06 18:05,2026-08-06 18:50,ECONOMICA,AVION,Directo (00:45),False,0,713.0,713.0,713.0
2026-08-05 12:01:16,VUELO,2026-08-06,VVI,Santa Cruz,LPB,La Paz,BOLIVIANA DE AVIACION,OB,649 / 922,2026-08-06 18:05,2026-08-06 21:10,ECONOMICA,AVION,1 escala (CBB) - 03:05,True,1,1058.0,1058.0,1058.0
2026-08-05 12:01:16,VUELO,2026-08-06,VVI,Santa Cruz,LPB,La Paz,BOLIVIANA DE AVIACION,OB,649 / 624,2026-08-06 18:05,2026-08-06 23:05,ECONOMICA,AVION,1 escala (CBB) - 05:00,True,1,1067.0,1067.0,1067.0
2026-08-05 12:01:16,VUELO,2026-08-06,VVI,Santa Cruz,SRE,Sucre,BOLIVIANA DE AVIACION,OB,649 / 578,2026-08-06 18:05,2026-08-06 20:30,ECONOMICA,AVION,1 escala (CBB) - 02:25,True,1,713.0,713.0,713.0
2026-08-05 10:06:04,VUELO,2026-08-06,VVI,Santa Cruz,LPB,La Paz,BOLIVIANA DE AVIACION,OB,,2026-08-06 18:20,2026-08-06 23:55,ECONOMICA,AVION,0,,,973.0,973.0,973.0
2026-08-05 10:06:04,VUELO,2026-08-06,VVI,Santa Cruz,CBB,Cochabamba,BOLIVIANA DE AVIACION,OB,,2026-08-06 18:20,2026-08-06 19:05,ECONOMICA,AVION,0,,,588.0,588.0,588.0
2026-08-05 10:06:04,VUELO,2026-08-06,VVI,Santa Cruz,SRE,Sucre,BOLIVIANA DE AVIACION,OB,,2026-08-06 18:20,2026-08-06 20:30,ECONOMICA,AVION,0,,,713.0,713.0,713.0
2026-08-05 12:01:16,VUELO,2026-08-06,VVI,Santa Cruz,CBB,Cochabamba,BOLIVIANA DE AVIACION,OB,651,2026-08-06 18:20,2026-08-06 19:05,ECONOMICA,AVION,Directo (00:45),False,0,713.0,713.0,713.0
2026-08-05 12:01:16,VUELO,2026-08-06,VVI,Santa Cruz,LPB,La Paz,BOLIVIANA DE AVIACION,OB,651 / 922,2026-08-06 18:20,2026-08-06 21:10,ECONOMICA,AVION,1 escala (CBB) - 02:50,True,1,1058.0,1058.0,1058.0
2026-08-05 12:01:16,VUELO,2026-08-06,VVI,Santa Cruz,LPB,La Paz,BOLIVIANA DE AVIACION,OB,651 / 624,2026-08-06 18:20,2026-08-06 23:05,ECONOMICA,AVION,1 escala (CBB) - 04:45,True,1,1067.0,1067.0,1067.0
2026-08-05 12:01:16,VUELO,2026-08-06,VVI,Santa Cruz,LPB,La Paz,BOLIVIANA DE AVIACION,OB,651 / 626,2026-08-06 18:20,2026-08-06 23:55,ECONOMICA,AVION,1 escala (CBB) - 05:35,True,1,1067.0,1067.0,1067.0
2026-08-05 12:01:16,VUELO,2026-08-06,VVI,Santa Cruz,SRE,Sucre,BOLIVIANA DE AVIACION,OB,651 / 578,2026-08-06 18:20,2026-08-06 20:30,ECONOMICA,AVION,1 escala (CBB) - 02:10,True,1,713.0,713.0,713.0
2026-08-05 10:06:04,VUELO,2026-08-06,VVI,SANTA CRUZ,LPB,LA PAZ,TAMep,2E,,2026-08-06 19:00,2026-08-06 20:10,ECONOMICA,AVION,0,,,677.0,677.0,677.0
2026-08-05 12:01:16,VUELO,2026-08-06,VVI,SANTA CRUZ,LPB,LA PAZ,TAMep,2E,706,2026-08-06 19:00,2026-08-06 20:10,ECONOMICA,AVION,Directo (01:10),False,0,677.0,677.0,677.0
2026-08-05 12:01:16,VUELO,2026-08-06,VVI,Santa Cruz,COR,Cordoba,LATAM AIRLINES GROUP,LA,748 / 2445 / 486,2026-08-06 20:00,2026-08-07 20:21,ECONOMICA,AVION,"2 escala (LIM, SCL) - 23:21",True,2,20414.0,20414.0,20414.0
2026-08-05 12:01:16,VUELO,2026-08-06,VVI,Santa Cruz,COR,Cordoba,LATAM AIRLINES GROUP,LA,748 / 523 / 486,2026-08-06 20:00,2026-08-07 20:21,ECONOMICA,AVION,"2 escala (LIM, SCL) - 23:21",True,2,20715.0,20715.0,20715.0
2026-08-05 12:01:16,VUELO,2026-08-06,VVI,Santa Cruz,COR,Cordoba,LATAM AIRLINES GROUP,LA,748 / 2377 / 486,2026-08-06 20:00,2026-08-07 20:21,ECONOMICA,AVION,"2 escala (LIM, SCL) - 23:21",True,2,20715.0,20715.0,20715.0
2026-08-05 12:01:16,VUELO,2026-08-06,VVI,Santa Cruz,COR,Cordoba,LATAM AIRLINES GROUP,LA,748 / 2697 / 486,2026-08-06 20:00,2026-08-07 20:21,ECONOMICA,AVION,"2 escala (LIM, SCL) - 23:21",True,2,21256.0,21256.0,21256.0
2026-08-05 12:01:16,VUELO,2026-08-06,VVI,Santa Cruz,COR,Cordoba,LATAM AIRLINES GROUP,LA,748 / 2371 / 486,2026-08-06 20:00,2026-08-07 20:21,ECONOMICA,AVION,"2 escala (LIM, SCL) - 23:21",True,2,21557.0,21557.0,21557.0
2026-08-05 12:01:16,VUELO,2026-08-06,VVI,Santa Cruz,COR,Cordoba,LATAM AIRLINES GROUP,LA,748 / 2431 / 486,2026-08-06 20:00,2026-08-07 20:21,ECONOMICA,AVION,"2 escala (LIM, SCL) - 23:21",True,2,21557.0,21557.0,21557.0
2026-08-05 12:01:16,VUELO,2026-08-06,VVI,Santa Cruz,EZE,Buenos Aires,LATAM AIRLINES GROUP,LA,748 / 523 / 542,2026-08-06 20:00,2026-08-07 11:30,ECONOMICA,AVION,"2 escala (LIM, SCL) - 14:30",True,2,25249.0,25249.0,25249.0
2026-08-05 12:01:16,VUELO,2026-08-06,VVI,Santa Cruz,EZE,Buenos Aires,LATAM AIRLINES GROUP,LA,748 / 2371 / 542,2026-08-06 20:00,2026-08-07 11:30,ECONOMICA,AVION,"2 escala (LIM, SCL) - 14:30",True,2,25249.0,25249.0,25249.0
2026-08-05 12:01:16,VUELO,2026-08-06,VVI,Santa Cruz,EZE,Buenos Aires,LATAM AIRLINES GROUP,LA,748 / 2377 / 542,2026-08-06 20:00,2026-08-07 11:30,ECONOMICA,AVION,"2 escala (LIM, SCL) - 14:30",True,2,25249.0,25249.0,25249.0
2026-08-05 12:01:16,VUELO,2026-08-06,VVI,Santa Cruz,EZE,Buenos Aires,LATAM AIRLINES GROUP,LA,748 / 2431 / 542,2026-08-06 20:00,2026-08-07 11:30,ECONOMICA,AVION,"2 escala (LIM, SCL) - 14:30",True,2,25249.0,25249.0,25249.0
2026-08-05 12:01:16,VUELO,2026-08-06,VVI,Santa Cruz,MDZ,Mendoza,LATAM AIRLINES GROUP,LA,748 / 523 / 434,2026-08-06 20:00,2026-08-07 11:06,ECONOMICA,AVION,"2 escala (LIM, SCL) - 14:06",True,2,20814.0,20814.0,20814.0
2026-08-05 12:01:16,VUELO,2026-08-06,VVI,Santa Cruz,MDZ,Mendoza,LATAM AIRLINES GROUP,LA,748 / 2377 / 434,2026-08-06 20:00,2026-08-07 11:06,ECONOMICA,AVION,"2 escala (LIM, SCL) - 14:06",True,2,21658.0,21658.0,21658.0
2026-08-05 12:01:16,VUELO,2026-08-06,VVI,Santa Cruz,MDZ,Mendoza,LATAM AIRLINES GROUP,LA,748 / 2697 / 436,2026-08-06 20:00,2026-08-07 19:03,ECONOMICA,AVION,"2 escala (LIM, SCL) - 22:03",True,2,21658.0,21658.0,21658.0
2026-08-05 10:06:04,VUELO,2026-08-06,VVI,Santa Cruz,LPB,La Paz,BOLIVIANA DE AVIACION,OB,,2026-08-06 20:15,2026-08-06 23:55,ECONOMICA,AVION,0,,,1081.0,1081.0,1081.0
2026-08-05 10:06:04,VUELO,2026-08-06,VVI,Santa Cruz,CBB,Cochabamba,BOLIVIANA DE AVIACION,OB,,2026-08-06 20:15,2026-08-06 22:10,ECONOMICA,AVION,0,,,853.0,853.0,853.0
2026-08-05 10:06:04,VUELO,2026-08-06,VVI,Santa Cruz,SRE,Sucre,BOLIVIANA DE AVIACION,OB,,2026-08-06 20:15,2026-08-06 21:00,ECONOMICA,AVION,0,,,377.0,377.0,377.0
2026-08-05 12:01:16,VUELO,2026-08-06,VVI,Santa Cruz,CBB,Cochabamba,BOLIVIANA DE AVIACION,OB,1588 / 1579,2026-08-06 20:15,2026-08-06 22:10,ECONOMICA,AVION,1 escala (SRE) - 01:55,True,1,904.0,904.0,904.0
2026-08-05 12:01:16,VUELO,2026-08-06,VVI,Santa Cruz,LPB,La Paz,BOLIVIANA DE AVIACION,OB,1588 / 1579 / 626,2026-08-06 20:15,2026-08-06 23:55,ECONOMICA,AVION,"2 escala (SRE, CBB) - 03:40",True,2,1131.0,1131.0,1131.0
2026-08-05 12:01:16,VUELO,2026-08-06,VVI,Santa Cruz,SRE,Sucre,BOLIVIANA DE AVIACION,OB,1588,2026-08-06 20:15,2026-08-06 21:00,ECONOMICA,AVION,Directo (00:45),False,0,428.0,428.0,428.0
2026-08-05 10:06:04,VUELO,2026-08-06,VVI,Santa Cruz,LPB,La Paz,BOLIVIANA DE AVIACION,OB,,2026-08-06 20:50,2026-08-06 21:55,ECONOMICA,AVION,0,,,783.0,783.0,783.0
2026-08-05 10:06:04,VUELO,2026-08-06,VVI,Santa Cruz,CBB,Cochabamba,BOLIVIANA DE AVIACION,OB,,2026-08-06 20:50,2026-08-07 00:20,ECONOMICA,AVION,0,,,1321.0,1321.0,1321.0
2026-08-05 12:01:16,VUELO,2026-08-06,VVI,Santa Cruz,CBB,Cochabamba,BOLIVIANA DE AVIACION,OB,683 / 629,2026-08-06 20:50,2026-08-07 00:20,ECONOMICA,AVION,1 escala (LPB) - 03:30,True,1,1321.0,1321.0,1321.0
2026-08-05 12:01:16,VUELO,2026-08-06,VVI,Santa Cruz,CIJ,Cobija,BOLIVIANA DE AVIACION,OB,683 / 400,2026-08-06 20:50,2026-08-07 09:40,ECONOMICA,AVION,1 escala (LPB) - 12:50,True,1,1835.0,1835.0,1835.0
2026-08-05 12:01:16,VUELO,2026-08-06,VVI,Santa Cruz,LPB,La Paz,BOLIVIANA DE AVIACION,OB,683,2026-08-06 20:50,2026-08-06 21:55,ECONOMICA,AVION,Directo (01:05),False,0,783.0,783.0,783.0
2026-08-05 12:01:16,VUELO,2026-08-06,VVI,Santa Cruz,UYU,Uyuni,BOLIVIANA DE AVIACION,OB,683 / 304,2026-08-06 20:50,2026-08-07 08:10,ECONOMICA,AVION,1 escala (LPB) - 11:20,True,1,2063.0,2063.0,2063.0
2026-08-05 10:06:04,VUELO,2026-08-06,VVI,Santa Cruz,LPB,La Paz,BOLIVIANA DE AVIACION,OB,,2026-08-06 21:50,2026-08-06 22:55,ECONOMICA,AVION,0,,,783.0,783.0,783.0
2026-08-05 10:06:04,VUELO,2026-08-06,VVI,Santa Cruz,CBB,Cochabamba,BOLIVIANA DE AVIACION,OB,,2026-08-06 21:50,2026-08-07 00:20,ECONOMICA,AVION,0,,,1321.0,1321.0,1321.0
2026-08-05 12:01:16,VUELO,2026-08-06,VVI,Santa Cruz,CBB,Cochabamba,BOLIVIANA DE AVIACION,OB,685 / 629,2026-08-06 21:50,2026-08-07 00:20,ECONOMICA,AVION,1 escala (LPB) - 02:30,True,1,1321.0,1321.0,1321.0
2026-08-05 12:01:16,VUELO,2026-08-06,VVI,Santa Cruz,CIJ,Cobija,BOLIVIANA DE AVIACION,OB,685 / 400,2026-08-06 21:50,2026-08-07 09:40,ECONOMICA,AVION,1 escala (LPB) - 11:50,True,1,1835.0,1835.0,1835.0
2026-08-05 12:01:16,VUELO,2026-08-06,VVI,Santa Cruz,LPB,La Paz,BOLIVIANA DE AVIACION,OB,685,2026-08-06 21:50,2026-08-06 22:55,ECONOMICA,AVION,Directo (01:05),False,0,783.0,783.0,783.0
2026-08-05 12:01:16,VUELO,2026-08-06,VVI,Santa Cruz,UYU,Uyuni,BOLIVIANA DE AVIACION,OB,685 / 304,2026-08-06 21:50,2026-08-07 08:10,ECONOMICA,AVION,1 escala (LPB) - 10:20,True,1,2063.0,2063.0,2063.0
2026-08-05 12:01:16,VUELO,2026-08-06,VVI,Santa Cruz,EZE,Buenos Aires,BOLIVIANA DE AVIACION,OB,700,2026-08-06 21:55,2026-08-07 01:50,ECONOMICA,AVION,Directo (02:55),False,0,4745.0,4745.0,4745.0
2026-08-05 10:06:04,BUS,2026-08-07,COCHABAMBA,COCHABAMBA,LA PAZ,LA PAZ,EL DORADO,103,000,2026-08-07 06:00,2026-08-07 13:00,CAMA,CAMA 3 FILAS 40,7h 0m,,,0.0,0.0,0.0
2026-08-05 12:01:16,BUS,2026-08-07,COCHABAMBA,COCHABAMBA,LA PAZ,LA PAZ,EL DORADO,103,000,2026-08-07 06:00,2026-08-07 13:00,CAMA,CAMA 3 FILAS 40,Directo (7h 0m),False,0,0.0,0.0,0.0
2026-08-05 10:06:04,BUS,2026-08-07,COCHABAMBA,COCHABAMBA,LA PAZ,LA PAZ,EL DORADO,103,000,2026-08-07 07:00,2026-08-07 14:00,CAMA,CAMA 3 FILAS 40,7h 0m,,,0.0,0.0,0.0
2026-08-05 12:01:16,BUS,2026-08-07,COCHABAMBA,COCHABAMBA,LA PAZ,LA PAZ,EL DORADO,103,000,2026-08-07 07:00,2026-08-07 14:00,CAMA,CAMA 3 FILAS 40,Directo (7h 0m),False,0,0.0,0.0,0.0
2026-08-05 10:06:04,BUS,2026-08-07,COCHABAMBA,COCHABAMBA,LA PAZ,LA PAZ,EL DORADO,103,000,2026-08-07 08:00,2026-08-07 15:00,CAMA,CAMA 3 FILAS 40,7h 0m,,,0.0,0.0,0.0
2026-08-05 12:01:16,BUS,2026-08-07,COCHABAMBA,COCHABAMBA,LA PAZ,LA PAZ,EL DORADO,103,000,2026-08-07 08:00,2026-08-07 15:00,CAMA,CAMA 3 FILAS 40,Directo (7h 0m),False,0,0.0,0.0,0.0
2026-08-05 10:06:04,BUS,2026-08-07,COCHABAMBA,COCHABAMBA,LA PAZ,LA PAZ,BOLIVIA,113,000,2026-08-07 08:30,2026-08-07 16:00,CAMA,CAMA 40,7h 30m,,,0.0,0.0,0.0
2026-08-05 12:01:16,BUS,2026-08-07,COCHABAMBA,COCHABAMBA,LA PAZ,LA PAZ,BOLIVIA,113,000,2026-08-07 08:30,2026-08-07 16:00,CAMA,CAMA 40,Directo (7h 30m),False,0,0.0,0.0,0.0
2026-08-05 10:06:04,BUS,2026-08-07,COCHABAMBA,COCHABAMBA,LA PAZ,LA PAZ,EL DORADO,103,000,2026-08-07 10:00,2026-08-07 17:00,CAMA,CAMA 3 FILAS 40,7h 0m,,,0.0,0.0,0.0
2026-08-05 12:01:16,BUS,2026-08-07,COCHABAMBA,COCHABAMBA,LA PAZ,LA PAZ,EL DORADO,103,000,2026-08-07 10:00,2026-08-07 17:00,CAMA,CAMA 3 FILAS 40,Directo (7h 0m),False,0,0.0,0.0,0.0
2026-08-05 10:06:04,BUS,2026-08-07,COCHABAMBA,COCHABAMBA,LA PAZ,LA PAZ,BOLIVIA,113,000,2026-08-07 10:30,2026-08-07 18:00,CAMA,CAMA 40,7h 30m,,,0.0,0.0,0.0
2026-08-05 12:01:16,BUS,2026-08-07,COCHABAMBA,COCHABAMBA,LA PAZ,LA PAZ,BOLIVIA,113,000,2026-08-07 10:30,2026-08-07 18:00,CAMA,CAMA 40,Directo (7h 30m),False,0,0.0,0.0,0.0
2026-08-05 10:06:04,BUS,2026-08-07,COCHABAMBA,COCHABAMBA,LA PAZ,LA PAZ,EL DORADO,103,000,2026-08-07 13:00,2026-08-07 20:00,CAMA,CAMA 3 FILAS 40,7h 0m,,,0.0,0.0,0.0
2026-08-05 12:01:16,BUS,2026-08-07,COCHABAMBA,COCHABAMBA,LA PAZ,LA PAZ,EL DORADO,103,000,2026-08-07 13:00,2026-08-07 20:00,CAMA,CAMA 3 FILAS 40,Directo (7h 0m),False,0,0.0,0.0,0.0
2026-08-05 10:06:04,BUS,2026-08-07,COCHABAMBA,COCHABAMBA,LA PAZ,LA PAZ,BOLIVIA,113,000,2026-08-07 13:30,2026-08-07 21:00,CAMA,CAMA 40,7h 30m,,,0.0,0.0,0.0
2026-08-05 12:01:16,BUS,2026-08-07,COCHABAMBA,COCHABAMBA,LA PAZ,LA PAZ,BOLIVIA,113,000,2026-08-07 13:30,2026-08-07 21:00,CAMA,CAMA 40,Directo (7h 30m),False,0,0.0,0.0,0.0
2026-08-05 10:06:04,BUS,2026-08-07,COCHABAMBA,COCHABAMBA,LA PAZ,LA PAZ,EL DORADO,103,000,2026-08-07 15:00,2026-08-07 22:00,CAMA,CAMA 3 FILAS 40,7h 0m,,,0.0,0.0,0.0
2026-08-05 12:01:16,BUS,2026-08-07,COCHABAMBA,COCHABAMBA,LA PAZ,LA PAZ,EL DORADO,103,000,2026-08-07 15:00,2026-08-07 22:00,CAMA,CAMA 3 FILAS 40,Directo (7h 0m),False,0,0.0,0.0,0.0
2026-08-05 10:06:04,BUS,2026-08-07,COCHABAMBA,COCHABAMBA,LA PAZ,LA PAZ,BOLIVIA,113,000,2026-08-07 16:30,2026-08-08 00:00,CAMA,CAMA 40,7h 30m,,,0.0,0.0,0.0
2026-08-05 12:01:16,BUS,2026-08-07,COCHABAMBA,COCHABAMBA,LA PAZ,LA PAZ,BOLIVIA,113,000,2026-08-07 16:30,2026-08-08 00:00,CAMA,CAMA 40,Directo (7h 30m),False,0,0.0,0.0,0.0
2026-08-05 10:06:04,BUS,2026-08-07,COCHABAMBA,COCHABAMBA,LA PAZ,LA PAZ,EL DORADO,103,000,2026-08-07 17:00,2026-08-08 00:00,CAMA,CAMA 3 FILAS 40,7h 0m,,,0.0,0.0,0.0
2026-08-05 10:06:04,BUS,2026-08-07,COCHABAMBA,COCHABAMBA,TARIJA,TARIJA,TRANS COPACABANA S.A.,110,160,2026-08-07 17:00,2026-08-08 08:00,CAMA,CAMA TV 43,15h 0m,,,0.0,0.0,0.0
2026-08-05 12:01:16,BUS,2026-08-07,COCHABAMBA,COCHABAMBA,LA PAZ,LA PAZ,EL DORADO,103,000,2026-08-07 17:00,2026-08-08 00:00,CAMA,CAMA 3 FILAS 40,Directo (7h 0m),False,0,0.0,0.0,0.0
2026-08-05 12:01:16,BUS,2026-08-07,COCHABAMBA,COCHABAMBA,TARIJA,TARIJA,TRANS COPACABANA S.A.,110,160,2026-08-07 17:00,2026-08-08 08:00,CAMA,CAMA TV 43,Directo (15h 0m),False,0,0.0,0.0,0.0
2026-08-05 10:06:04,BUS,2026-08-07,COCHABAMBA,COCHABAMBA,SANTA CRUZ,SANTA CRUZ,TRANS COPACABANA S.A.,110,151,2026-08-07 19:00,2026-08-08 05:00,CAMA,CAMA TV 43,10h 0m,,,0.0,0.0,0.0
2026-08-05 12:01:16,BUS,2026-08-07,COCHABAMBA,COCHABAMBA,SANTA CRUZ,SANTA CRUZ,TRANS COPACABANA S.A.,110,151,2026-08-07 19:00,2026-08-08 05:00,CAMA,CAMA TV 43,Directo (10h 0m),False,0,0.0,0.0,0.0
2026-08-05 10:06:04,BUS,2026-08-07,COCHABAMBA,COCHABAMBA,SANTA CRUZ,SANTA CRUZ,EL DORADO,103,000,2026-08-07 20:00,2026-08-08 08:00,CAMA,CAMA 3 FILAS 40,12h 0m,,,0.0,0.0,0.0
2026-08-05 10:06:04,BUS,2026-08-07,COCHABAMBA,COCHABAMBA,SANTA CRUZ,SANTA CRUZ,TRANS COPACABANA S.A.,110,144,2026-08-07 20:00,2026-08-08 06:00,CAMA,CAMA TV 43,10h 0m,,,0.0,0.0,0.0
2026-08-05 12:01:16,BUS,2026-08-07,COCHABAMBA,COCHABAMBA,SANTA CRUZ,SANTA CRUZ,EL DORADO,103,000,2026-08-07 20:00,2026-08-08 08:00,CAMA,CAMA 3 FILAS 40,Directo (12h 0m),False,0,0.0,0.0,0.0
2026-08-05 12:01:16,BUS,2026-08-07,COCHABAMBA,COCHABAMBA,SANTA CRUZ,SANTA CRUZ,TRANS COPACABANA S.A.,110,144,2026-08-07 20:00,2026-08-08 06:00,CAMA,CAMA TV 43,Directo (10h 0m),False,0,0.0,0.0,0.0
2026-08-05 10:06:04,BUS,2026-08-07,COCHABAMBA,COCHABAMBA,LA PAZ,LA PAZ,EL DORADO,103,000,2026-08-07 20:30,2026-08-08 03:30,CAMA,CAMA 3 FILAS 40,7h 0m,,,0.0,0.0,0.0
2026-08-05 12:01:16,BUS,2026-08-07,COCHABAMBA,COCHABAMBA,LA PAZ,LA PAZ,EL DORADO,103,000,2026-08-07 20:30,2026-08-08 03:30,CAMA,CAMA 3 FILAS 40,Directo (7h 0m),False,0,0.0,0.0,0.0
2026-08-05 10:06:04,BUS,2026-08-07,COCHABAMBA,COCHABAMBA,LA PAZ,LA PAZ,EL DORADO,103,000,2026-08-07 21:00,2026-08-08 04:00,CAMA,CAMA 3 FILAS 40,7h 0m,,,0.0,0.0,0.0
2026-08-05 10:06:04,BUS,2026-08-07,COCHABAMBA,COCHABAMBA,POTOSI,POTOSI,EL DORADO,103,000,2026-08-07 21:00,2026-08-08 09:30,CAMA,CAMA 3 FILAS 40,12h 30m,,,0.0,0.0,0.0
2026-08-05 10:06:04,BUS,2026-08-07,COCHABAMBA,COCHABAMBA,POTOSI,POTOSI,TRANS COPACABANA S.A.,110,133,2026-08-07 21:00,2026-08-08 07:00,CAMA,CAMA DD 43,10h 0m,,,0.0,0.0,0.0
2026-08-05 10:06:04,BUS,2026-08-07,COCHABAMBA,COCHABAMBA,SANTA CRUZ,SANTA CRUZ,TRANS COPACABANA S.A.,110,152,2026-08-07 21:00,2026-08-08 07:00,CAMA,CAMA TV 43,10h 0m,,,0.0,0.0,0.0
2026-08-05 10:06:04,BUS,2026-08-07,COCHABAMBA,COCHABAMBA,SUCRE,SUCRE,EL DORADO,103,000,2026-08-07 21:00,2026-08-08 07:00,CAMA,CAMA 3 FILAS 40,10h 0m,,,0.0,0.0,0.0
2026-08-05 12:01:16,BUS,2026-08-07,COCHABAMBA,COCHABAMBA,LA PAZ,LA PAZ,EL DORADO,103,000,2026-08-07 21:00,2026-08-08 04:00,CAMA,CAMA 3 FILAS 40,Directo (7h 0m),False,0,0.0,0.0,0.0
2026-08-05 12:01:16,BUS,2026-08-07,COCHABAMBA,COCHABAMBA,POTOSI,POTOSI,EL DORADO,103,000,2026-08-07 21:00,2026-08-08 09:30,CAMA,CAMA 3 FILAS 40,Directo (12h 30m),False,0,0.0,0.0,0.0
2026-08-05 12:01:16,BUS,2026-08-07,COCHABAMBA,COCHABAMBA,POTOSI,POTOSI,TRANS COPACABANA S.A.,110,133,2026-08-07 21:00,2026-08-08 07:00,CAMA,CAMA DD 43,Directo (10h 0m),False,0,0.0,0.0,0.0
2026-08-05 12:01:16,BUS,2026-08-07,COCHABAMBA,COCHABAMBA,SANTA CRUZ,SANTA CRUZ,TRANS COPACABANA S.A.,110,152,2026-08-07 21:00,2026-08-08 07:00,CAMA,CAMA TV 43,Directo (10h 0m),False,0,0.0,0.0,0.0
2026-08-05 12:01:16,BUS,2026-08-07,COCHABAMBA,COCHABAMBA,SUCRE,SUCRE,EL DORADO,103,000,2026-08-07 21:00,2026-08-08 07:00,CAMA,CAMA 3 FILAS 40,Directo (10h 0m),False,0,0.0,0.0,0.0
2026-08-05 12:01:16,BUS,2026-08-07,COCHABAMBA,COCHABAMBA,SUCRE,SUCRE,BUSTILLO,127,2447CRH,2026-08-07 21:00,2026-08-08 05:30,CAMA,LEITO CA,Directo (8h 30m),False,0,0.0,0.0,0.0
2026-08-05 10:06:04,BUS,2026-08-07,COCHABAMBA,COCHABAMBA,LA PAZ,LA PAZ,EL DORADO,103,000,2026-08-07 21:30,2026-08-08 04:30,CAMA,CAMA 3 FILAS 40,7h 0m,,,0.0,0.0,0.0
2026-08-05 10:06:04,BUS,2026-08-07,COCHABAMBA,COCHABAMBA,LA PAZ,LA PAZ,BOLIVIA,113,000,2026-08-07 21:30,2026-08-08 05:00,CAMA,CAMA 40,7h 30m,,,0.0,0.0,0.0
2026-08-05 10:06:04,BUS,2026-08-07,COCHABAMBA,COCHABAMBA,LA PAZ,LA PAZ,TRANS COPACABANA S.A.,110,000,2026-08-07 21:30,2026-08-08 05:30,NORMAL,CAMA 29 PANORAMICO,8h 0m,,,0.0,0.0,0.0
2026-08-05 10:06:04,BUS,2026-08-07,COCHABAMBA,COCHABAMBA,SUCRE,SUCRE,TRANS COPACABANA S.A.,110,160,2026-08-07 21:30,2026-08-08 04:30,CAMA,CAMA TV 43,7h 0m,,,0.0,0.0,0.0
2026-08-05 12:01:16,BUS,2026-08-07,COCHABAMBA,COCHABAMBA,LA PAZ,LA PAZ,BOLIVIA,113,000,2026-08-07 21:30,2026-08-08 05:00,CAMA,CAMA 40,Directo (7h 30m),False,0,0.0,0.0,0.0
2026-08-05 12:01:16,BUS,2026-08-07,COCHABAMBA,COCHABAMBA,LA PAZ,LA PAZ,EL DORADO,103,000,2026-08-07 21:30,2026-08-08 04:30,CAMA,CAMA 3 FILAS 40,Directo (7h 0m),False,0,0.0,0.0,0.0
2026-08-05 12:01:16,BUS,2026-08-07,COCHABAMBA,COCHABAMBA,LA PAZ,LA PAZ,TRANS COPACABANA S.A.,110,000,2026-08-07 21:30,2026-08-08 05:30,NORMAL,CAMA 29 PANORAMICO,Directo (8h 0m),False,0,0.0,0.0,0.0
2026-08-05 12:01:16,BUS,2026-08-07,COCHABAMBA,COCHABAMBA,SUCRE,SUCRE,TRANS COPACABANA S.A.,110,160,2026-08-07 21:30,2026-08-08 04:30,CAMA,CAMA TV 43,Directo (7h 0m),False,0,0.0,0.0,0.0
2026-08-05 10:06:04,BUS,2026-08-07,COCHABAMBA,COCHABAMBA,LA PAZ,LA PAZ,TRANS COPACABANA S.A.,110,000,2026-08-07 22:00,2026-08-08 06:00,NORMAL,CAMA 29 PANORAMICO,8h 0m,,,0.0,0.0,0.0
2026-08-05 10:06:04,BUS,2026-08-07,COCHABAMBA,COCHABAMBA,LA PAZ,LA PAZ,EL DORADO,103,000,2026-08-07 22:00,2026-08-08 05:00,CAMA,CAMA 3 FILAS 40,7h 0m,,,0.0,0.0,0.0
2026-08-05 10:06:04,BUS,2026-08-07,COCHABAMBA,COCHABAMBA,LA PAZ,LA PAZ,BOLIVIA,113,000,2026-08-07 22:00,2026-08-08 05:30,CAMA,CAMA 40,7h 30m,,,0.0,0.0,0.0
2026-08-05 12:01:16,BUS,2026-08-07,COCHABAMBA,COCHABAMBA,LA PAZ,LA PAZ,TRANS COPACABANA S.A.,110,000,2026-08-07 22:00,2026-08-08 06:00,NORMAL,CAMA 29 PANORAMICO,Directo (8h 0m),False,0,0.0,0.0,0.0
2026-08-05 12:01:16,BUS,2026-08-07,COCHABAMBA,COCHABAMBA,LA PAZ,LA PAZ,BOLIVIA,113,000,2026-08-07 22:00,2026-08-08 05:30,CAMA,CAMA 40,Directo (7h 30m),False,0,0.0,0.0,0.0
2026-08-05 12:01:16,BUS,2026-08-07,COCHABAMBA,COCHABAMBA,LA PAZ,LA PAZ,EL DORADO,103,000,2026-08-07 22:00,2026-08-08 05:00,CAMA,CAMA 3 FILAS 40,Directo (7h 0m),False,0,0.0,0.0,0.0
2026-08-05 10:06:04,BUS,2026-08-07,COCHABAMBA,COCHABAMBA,LA PAZ,LA PAZ,TRANS COPACABANA S.A.,110,000,2026-08-07 22:30,2026-08-08 06:30,NORMAL,CAMA 29 PANORAMICO,8h 0m,,,0.0,0.0,0.0
2026-08-05 10:06:04,BUS,2026-08-07,COCHABAMBA,COCHABAMBA,LA PAZ,LA PAZ,EL DORADO,103,000,2026-08-07 22:30,2026-08-08 05:30,CAMA,CAMA 3 FILAS 40,7h 0m,,,0.0,0.0,0.0
2026-08-05 12:01:16,BUS,2026-08-07,COCHABAMBA,COCHABAMBA,LA PAZ,LA PAZ,TRANS COPACABANA S.A.,110,000,2026-08-07 22:30,2026-08-08 06:30,NORMAL,CAMA 29 PANORAMICO,Directo (8h 0m),False,0,0.0,0.0,0.0
2026-08-05 12:01:16,BUS,2026-08-07,COCHABAMBA,COCHABAMBA,LA PAZ,LA PAZ,EL DORADO,103,000,2026-08-07 22:30,2026-08-08 05:30,CAMA,CAMA 3 FILAS 40,Directo (7h 0m),False,0,0.0,0.0,0.0
2026-08-05 10:06:04,BUS,2026-08-07,COCHABAMBA,COCHABAMBA,LA PAZ,LA PAZ,EL DORADO,103,SC,2026-08-07 22:45,2026-08-08 05:45,SUITE,CAMA 3 FILAS DE 30,7h 0m,,,0.0,0.0,0.0
2026-08-05 10:06:04,BUS,2026-08-07,COCHABAMBA,COCHABAMBA,LA PAZ,LA PAZ,BOLIVIA,113,000,2026-08-07 22:45,2026-08-08 06:15,CAMA,CAMA 40,7h 30m,,,0.0,0.0,0.0
2026-08-05 12:01:16,BUS,2026-08-07,COCHABAMBA,COCHABAMBA,LA PAZ,LA PAZ,EL DORADO,103,SC,2026-08-07 22:45,2026-08-08 05:45,SUITE,CAMA 3 FILAS DE 30,Directo (7h 0m),False,0,0.0,0.0,0.0
2026-08-05 12:01:16,BUS,2026-08-07,COCHABAMBA,COCHABAMBA,LA PAZ,LA PAZ,BOLIVIA,113,000,2026-08-07 22:45,2026-08-08 06:15,CAMA,CAMA 40,Directo (7h 30m),False,0,0.0,0.0,0.0
2026-08-05 10:06:04,BUS,2026-08-07,COCHABAMBA,COCHABAMBA,LA PAZ,LA PAZ,EL DORADO,103,000,2026-08-07 23:00,2026-08-08 06:00,CAMA,CAMA 3 FILAS 40,7h 0m,,,0.0,0.0,0.0
2026-08-05 12:01:16,BUS,2026-08-07,COCHABAMBA,COCHABAMBA,LA PAZ,LA PAZ,EL DORADO,103,000,2026-08-07 23:00,2026-08-08 06:00,CAMA,CAMA 3 FILAS 40,Directo (7h 0m),False,0,0.0,0.0,0.0
2026-08-05 10:06:04,BUS,2026-08-07,LA PAZ,LA PAZ,COCHABAMBA,COCHABAMBA,TRANS COPACABANA S.A.,110,125,2026-08-07 07:30,2026-08-07 15:30,CAMA,CAMA DD - PISO  43,8h 0m,,,0.0,0.0,0.0
2026-08-05 10:06:04,BUS,2026-08-07,LA PAZ,LA PAZ,COCHABAMBA,COCHABAMBA,EL DORADO,103,000,2026-08-07 07:30,2026-08-07 14:30,CAMA,CAMA 3 FILAS 40,7h 0m,,,0.0,0.0,0.0
2026-08-05 12:01:16,BUS,2026-08-07,LA PAZ,LA PAZ,COCHABAMBA,COCHABAMBA,EL DORADO,103,000,2026-08-07 07:30,2026-08-07 14:30,CAMA,CAMA 3 FILAS 40,Directo (7h 0m),False,0,0.0,0.0,0.0
2026-08-05 12:01:16,BUS,2026-08-07,LA PAZ,LA PAZ,COCHABAMBA,COCHABAMBA,TRANS COPACABANA S.A.,110,125,2026-08-07 07:30,2026-08-07 15:30,CAMA,CAMA DD - PISO  43,Directo (8h 0m),False,0,0.0,0.0,0.0
2026-08-05 10:06:04,BUS,2026-08-07,LA PAZ,LA PAZ,COCHABAMBA,COCHABAMBA,EL DORADO,103,DZT,2026-08-07 09:00,2026-08-07 16:00,CAMA,CAMA 3F 43 SCANIA 2013,7h 0m,,,0.0,0.0,0.0
2026-08-05 12:01:16,BUS,2026-08-07,LA PAZ,LA PAZ,COCHABAMBA,COCHABAMBA,EL DORADO,103,DZT,2026-08-07 09:00,2026-08-07 16:00,CAMA,CAMA 3F 43 SCANIA 2013,Directo (7h 0m),False,0,0.0,0.0,0.0
2026-08-05 10:06:04,BUS,2026-08-07,LA PAZ,LA PAZ,COCHABAMBA,COCHABAMBA,EL DORADO,103,000,2026-08-07 09:30,2026-08-07 16:30,CAMA,CAMA 3 FILAS 40,7h 0m,,,0.0,0.0,0.0
2026-08-05 12:01:16,BUS,2026-08-07,LA PAZ,LA PAZ,COCHABAMBA,COCHABAMBA,EL DORADO,103,000,2026-08-07 09:30,2026-08-07 16:30,CAMA,CAMA 3 FILAS 40,Directo (7h 0m),False,0,0.0,0.0,0.0
2026-08-05 10:06:04,BUS,2026-08-07,LA PAZ,LA PAZ,COCHABAMBA,COCHABAMBA,EL DORADO,103,FXX,2026-08-07 10:30,2026-08-07 17:30,CAMA,CAMA 3 FILAS 40,7h 0m,,,0.0,0.0,0.0
2026-08-05 12:01:16,BUS,2026-08-07,LA PAZ,LA PAZ,COCHABAMBA,COCHABAMBA,EL DORADO,103,FXX,2026-08-07 10:30,2026-08-07 17:30,CAMA,CAMA 3 FILAS 40,Directo (7h 0m),False,0,0.0,0.0,0.0
2026-08-05 10:06:04,BUS,2026-08-07,LA PAZ,LA PAZ,COCHABAMBA,COCHABAMBA,EL DORADO,103,000,2026-08-07 11:00,2026-08-07 18:00,CAMA,CAMA 3 FILAS 40,7h 0m,,,0.0,0.0,0.0
2026-08-05 12:01:16,BUS,2026-08-07,LA PAZ,LA PAZ,COCHABAMBA,COCHABAMBA,EL DORADO,103,000,2026-08-07 11:00,2026-08-07 18:00,CAMA,CAMA 3 FILAS 40,Directo (7h 0m),False,0,0.0,0.0,0.0
2026-08-05 10:06:04,BUS,2026-08-07,LA PAZ,LA PAZ,COCHABAMBA,COCHABAMBA,TRANS COPACABANA S.A.,110,128,2026-08-07 11:30,2026-08-07 19:30,CAMA,CAMA D - PISO 43,8h 0m,,,0.0,0.0,0.0
2026-08-05 12:01:16,BUS,2026-08-07,LA PAZ,LA PAZ,COCHABAMBA,COCHABAMBA,TRANS COPACABANA S.A.,110,128,2026-08-07 11:30,2026-08-07 19:30,CAMA,CAMA D - PISO 43,Directo (8h 0m),False,0,0.0,0.0,0.0
2026-08-05 10:06:04,BUS,2026-08-07,LA PAZ,LA PAZ,COCHABAMBA,COCHABAMBA,EL DORADO,103,HKU,2026-08-07 12:30,2026-08-07 19:30,CAMA,CAMA 3F 43 VOLVO 2018,7h 0m,,,0.0,0.0,0.0
2026-08-05 12:01:16,BUS,2026-08-07,LA PAZ,LA PAZ,COCHABAMBA,COCHABAMBA,EL DORADO,103,HKU,2026-08-07 12:30,2026-08-07 19:30,CAMA,CAMA 3F 43 VOLVO 2018,Directo (7h 0m),False,0,0.0,0.0,0.0
2026-08-05 10:06:04,BUS,2026-08-07,LA PAZ,LA PAZ,SANTA CRUZ,SANTA CRUZ,EL DORADO,103,000,2026-08-07 13:00,2026-08-08 06:00,CAMA,CAMA 3 FILAS 40,17h 0m,,,0.0,0.0,0.0
2026-08-05 12:01:16,BUS,2026-08-07,LA PAZ,LA PAZ,SANTA CRUZ,SANTA CRUZ,EL DORADO,103,000,2026-08-07 13:00,2026-08-08 06:00,CAMA,CAMA 3 FILAS 40,Directo (17h 0m),False,0,0.0,0.0,0.0
2026-08-05 10:06:04,BUS,2026-08-07,LA PAZ,LA PAZ,COCHABAMBA,COCHABAMBA,EL DORADO,103,KZR1,2026-08-07 14:00,2026-08-07 21:00,CAMA,CAMPREM3F43SCANIA2024,7h 0m,,,0.0,0.0,0.0
2026-08-05 10:06:04,BUS,2026-08-07,LA PAZ,LA PAZ,SANTA CRUZ,SANTA CRUZ,TRANS COPACABANA S.A.,110,145,2026-08-07 14:00,2026-08-08 07:00,CAMA,CAMA TV 43,17h 0m,,,0.0,0.0,0.0
2026-08-05 12:01:16,BUS,2026-08-07,LA PAZ,LA PAZ,COCHABAMBA,COCHABAMBA,EL DORADO,103,KZR1,2026-08-07 14:00,2026-08-07 21:00,CAMA,CAMPREM3F43SCANIA2024,Directo (7h 0m),False,0,0.0,0.0,0.0
2026-08-05 12:01:16,BUS,2026-08-07,LA PAZ,LA PAZ,SANTA CRUZ,SANTA CRUZ,TRANS COPACABANA S.A.,110,145,2026-08-07 14:00,2026-08-08 07:00,CAMA,CAMA TV 43,Directo (17h 0m),False,0,0.0,0.0,0.0
2026-08-05 10:06:04,BUS,2026-08-07,LA PAZ,LA PAZ,COCHABAMBA,COCHABAMBA,EL DORADO,103,000,2026-08-07 15:30,2026-08-07 22:30,CAMA,CAMA 3 FILAS 40,7h 0m,,,0.0,0.0,0.0
2026-08-05 12:01:16,BUS,2026-08-07,LA PAZ,LA PAZ,COCHABAMBA,COCHABAMBA,EL DORADO,103,000,2026-08-07 15:30,2026-08-07 22:30,CAMA,CAMA 3 FILAS 40,Directo (7h 0m),False,0,0.0,0.0,0.0
2026-08-05 10:06:04,BUS,2026-08-07,LA PAZ,LA PAZ,COCHABAMBA,COCHABAMBA,TRANS COPACABANA S.A.,110,134,2026-08-07 16:00,2026-08-08 00:00,CAMA,CAMA DD 43,8h 0m,,,0.0,0.0,0.0
2026-08-05 12:01:16,BUS,2026-08-07,LA PAZ,LA PAZ,COCHABAMBA,COCHABAMBA,TRANS COPACABANA S.A.,110,134,2026-08-07 16:00,2026-08-08 00:00,CAMA,CAMA DD 43,Directo (8h 0m),False,0,0.0,0.0,0.0
2026-08-05 10:06:04,BUS,2026-08-07,LA PAZ,LA PAZ,SANTA CRUZ,SANTA CRUZ,TRANS COPACABANA S.A.,110,156,2026-08-07 16:30,2026-08-08 09:30,CAMA,CAMA TV 43,17h 0m,,,0.0,0.0,0.0
2026-08-05 12:01:16,BUS,2026-08-07,LA PAZ,LA PAZ,SANTA CRUZ,SANTA CRUZ,TRANS COPACABANA S.A.,110,156,2026-08-07 16:30,2026-08-08 09:30,CAMA,CAMA TV 43,Directo (17h 0m),False,0,0.0,0.0,0.0
2026-08-05 10:06:04,BUS,2026-08-07,LA PAZ,LA PAZ,COCHABAMBA,COCHABAMBA,EL DORADO,103,000,2026-08-07 17:00,2026-08-08 00:00,CAMA,CAMA 3 FILAS 40,7h 0m,,,0.0,0.0,0.0
2026-08-05 10:06:04,BUS,2026-08-07,LA PAZ,LA PAZ,SANTA CRUZ,SANTA CRUZ,EL DORADO,103,000,2026-08-07 17:00,2026-08-08 10:00,CAMA,CAMA 3 FILAS 40,17h 0m,,,0.0,0.0,0.0
2026-08-05 12:01:16,BUS,2026-08-07,LA PAZ,LA PAZ,COCHABAMBA,COCHABAMBA,EL DORADO,103,000,2026-08-07 17:00,2026-08-08 00:00,CAMA,CAMA 3 FILAS 40,Directo (7h 0m),False,0,0.0,0.0,0.0
2026-08-05 12:01:16,BUS,2026-08-07,LA PAZ,LA PAZ,SANTA CRUZ,SANTA CRUZ,EL DORADO,103,000,2026-08-07 17:00,2026-08-08 10:00,CAMA,CAMA 3 FILAS 40,Directo (17h 0m),False,0,0.0,0.0,0.0
2026-08-05 10:06:04,BUS,2026-08-07,LA PAZ,LA PAZ,SANTA CRUZ,SANTA CRUZ,TRANS COPACABANA S.A.,110,160,2026-08-07 17:30,2026-08-08 10:30,CAMA,CAMA TV 43,17h 0m,,,0.0,0.0,0.0
2026-08-05 12:01:16,BUS,2026-08-07,LA PAZ,LA PAZ,SANTA CRUZ,SANTA CRUZ,TRANS COPACABANA S.A.,110,160,2026-08-07 17:30,2026-08-08 10:30,CAMA,CAMA TV 43,Directo (17h 0m),False,0,0.0,0.0,0.0
2026-08-05 10:06:04,BUS,2026-08-07,LA PAZ,LA PAZ,TARIJA,TARIJA,TRANS COPACABANA S.A.,110,160,2026-08-07 18:30,2026-08-08 11:30,CAMA,CAMA TV 43,17h 0m,,,0.0,0.0,0.0
2026-08-05 12:01:16,BUS,2026-08-07,LA PAZ,LA PAZ,TARIJA,TARIJA,TRANS COPACABANA S.A.,110,160,2026-08-07 18:30,2026-08-08 11:30,CAMA,CAMA TV 43,Directo (17h 0m),False,0,0.0,0.0,0.0
2026-08-05 10:06:04,BUS,2026-08-07,LA PAZ,LA PAZ,COCHABAMBA,COCHABAMBA,EL DORADO,103,000,2026-08-07 19:00,2026-08-08 02:00,CAMA,CAMA 3 FILAS 40,7h 0m,,,0.0,0.0,0.0
2026-08-05 10:06:04,BUS,2026-08-07,LA PAZ,LA PAZ,SANTA CRUZ,SANTA CRUZ,TRANS COPACABANA S.A.,110,150,2026-08-07 19:00,2026-08-08 12:00,CAMA,CAMA TV 43,17h 0m,,,0.0,0.0,0.0
2026-08-05 10:06:04,BUS,2026-08-07,LA PAZ,LA PAZ,SUCRE,SUCRE,EL MEXICANO,206,3435 PGP,2026-08-07 19:00,2026-08-08 07:00,CAMA,CAMA LEITO 43,12h 0m,,,0.0,0.0,0.0
2026-08-05 10:06:04,BUS,2026-08-07,LA PAZ,LA PAZ,TARIJA,TARIJA,ROYAL CLASS,144,5310UKK,2026-08-07 19:00,2026-08-08 10:00,CAMA,LEITO 3 FILAS,15h 0m,,,363.0,363.0,300.0
2026-08-05 12:01:16,BUS,2026-08-07,LA PAZ,LA PAZ,COCHABAMBA,COCHABAMBA,EL DORADO,103,000,2026-08-07 19:00,2026-08-08 02:00,CAMA,CAMA 3 FILAS 40,Directo (7h 0m),False,0,0.0,0.0,0.0
2026-08-05 12:01:16,BUS,2026-08-07,LA PAZ,LA PAZ,SANTA CRUZ,SANTA CRUZ,TRANS COPACABANA S.A.,110,150,2026-08-07 19:00,2026-08-08 12:00,CAMA,CAMA TV 43,Directo (17h 0m),False,0,0.0,0.0,0.0
2026-08-05 12:01:16,BUS,2026-08-07,LA PAZ,LA PAZ,SUCRE,SUCRE,EL MEXICANO,206,3435 PGP,2026-08-07 19:00,2026-08-08 07:00,CAMA,CAMA LEITO 43,Directo (12h 0m),False,0,200.0,230.0,150.0
2026-08-05 12:01:16,BUS,2026-08-07,LA PAZ,LA PAZ,TARIJA,TARIJA,ROYAL CLASS,144,5310UKK,2026-08-07 19:00,2026-08-08 10:00,CAMA,LEITO 3 FILAS,Directo (15h 0m),False,0,363.0,363.0,300.0
2026-08-05 10:06:04,BUS,2026-08-07,LA PAZ,LA PAZ,SANTA CRUZ,SANTA CRUZ,EL DORADO,103,000,2026-08-07 19:30,2026-08-08 12:30,CAMA,CAMA 3 FILAS 40,17h 0m,,,0.0,0.0,0.0
2026-08-05 10:06:04,BUS,2026-08-07,LA PAZ,LA PAZ,SUCRE,SUCRE,TRANS COPACABANA S.A.,110,153,2026-08-07 19:30,2026-08-08 07:30,CAMA,CAMA TV 43,12h 0m,,,0.0,0.0,0.0
2026-08-05 12:01:16,BUS,2026-08-07,LA PAZ,LA PAZ,SANTA CRUZ,SANTA CRUZ,EL DORADO,103,000,2026-08-07 19:30,2026-08-08 12:30,CAMA,CAMA 3 FILAS 40,Directo (17h 0m),False,0,0.0,0.0,0.0
2026-08-05 12:01:16,BUS,2026-08-07,LA PAZ,LA PAZ,SUCRE,SUCRE,TRANS COPACABANA S.A.,110,155,2026-08-07 19:30,2026-08-08 07:30,CAMA,CAMA TV 43,Directo (12h 0m),False,0,0.0,0.0,0.0
2026-08-05 12:01:16,BUS,2026-08-07,LA PAZ,LA PAZ,SUCRE,SUCRE,TRANS COPACABANA S.A.,110,153,2026-08-07 19:30,2026-08-08 07:30,CAMA,CAMA TV 43,Directo (12h 0m),False,0,0.0,0.0,0.0
2026-08-05 10:06:04,BUS,2026-08-07,LA PAZ,LA PAZ,COCHABAMBA,COCHABAMBA,EL DORADO,103,000,2026-08-07 20:30,2026-08-08 03:30,CAMA,CAMA 3 FILAS 40,7h 0m,,,0.0,0.0,0.0
2026-08-05 12:01:16,BUS,2026-08-07,LA PAZ,LA PAZ,COCHABAMBA,COCHABAMBA,EL DORADO,103,000,2026-08-07 20:30,2026-08-08 03:30,CAMA,CAMA 3 FILAS 40,Directo (7h 0m),False,0,0.0,0.0,0.0
2026-08-05 10:06:04,BUS,2026-08-07,LA PAZ,LA PAZ,COCHABAMBA,COCHABAMBA,EL DORADO,103,000,2026-08-07 21:00,2026-08-08 04:00,CAMA,CAMA 3 FILAS 40,7h 0m,,,0.0,0.0,0.0
2026-08-05 10:06:04,BUS,2026-08-07,LA PAZ,LA PAZ,POTOSI,POTOSI,TRANS COPACABANA S.A.,110,165,2026-08-07 21:00,2026-08-08 06:00,CAMA,CAMA TV 46,9h 0m,,,0.0,0.0,0.0
2026-08-05 12:01:16,BUS,2026-08-07,LA PAZ,LA PAZ,COCHABAMBA,COCHABAMBA,EL DORADO,103,000,2026-08-07 21:00,2026-08-08 04:00,CAMA,CAMA 3 FILAS 40,Directo (7h 0m),False,0,0.0,0.0,0.0
2026-08-05 12:01:16,BUS,2026-08-07,LA PAZ,LA PAZ,POTOSI,POTOSI,TRANS COPACABANA S.A.,110,165,2026-08-07 21:00,2026-08-08 06:00,CAMA,CAMA TV 46,Directo (9h 0m),False,0,0.0,0.0,0.0
2026-08-05 10:06:04,BUS,2026-08-07,LA PAZ,LA PAZ,COCHABAMBA,COCHABAMBA,TRANS COPACABANA S.A.,110,130,2026-08-07 21:30,2026-08-08 05:30,CAMA,CAMA D - PISO 43,8h 0m,,,0.0,0.0,0.0
2026-08-05 10:06:04,BUS,2026-08-07,LA PAZ,LA PAZ,COCHABAMBA,COCHABAMBA,EL DORADO,103,000,2026-08-07 21:30,2026-08-08 04:30,CAMA,CAMA 3 FILAS 40,7h 0m,,,0.0,0.0,0.0
2026-08-05 10:06:04,BUS,2026-08-07,LA PAZ,LA PAZ,POTOSI,POTOSI,EL DORADO,103,000,2026-08-07 21:30,2026-08-08 06:30,CAMA,CAMA 3 FILAS 40,9h 0m,,,0.0,0.0,0.0
2026-08-05 12:01:16,BUS,2026-08-07,LA PAZ,LA PAZ,COCHABAMBA,COCHABAMBA,TRANS COPACABANA S.A.,110,130,2026-08-07 21:30,2026-08-08 05:30,CAMA,CAMA D - PISO 43,Directo (8h 0m),False,0,0.0,0.0,0.0
2026-08-05 12:01:16,BUS,2026-08-07,LA PAZ,LA PAZ,COCHABAMBA,COCHABAMBA,EL DORADO,103,000,2026-08-07 21:30,2026-08-08 04:30,CAMA,CAMA 3 FILAS 40,Directo (7h 0m),False,0,0.0,0.0,0.0
2026-08-05 12:01:16,BUS,2026-08-07,LA PAZ,LA PAZ,POTOSI,POTOSI,EL DORADO,103,000,2026-08-07 21:30,2026-08-08 06:30,CAMA,CAMA 3 FILAS 40,Directo (9h 0m),False,0,0.0,0.0,0.0
2026-08-05 10:06:04,BUS,2026-08-07,LA PAZ,LA PAZ,COCHABAMBA,COCHABAMBA,TRANS COPACABANA S.A.,110,136,2026-08-07 22:00,2026-08-08 06:00,CAMA,CAMA DD 43,8h 0m,,,0.0,0.0,0.0
2026-08-05 10:06:04,BUS,2026-08-07,LA PAZ,LA PAZ,COCHABAMBA,COCHABAMBA,EL DORADO,103,000,2026-08-07 22:00,2026-08-08 05:00,CAMA,CAMA 3 FILAS 40,7h 0m,,,0.0,0.0,0.0
2026-08-05 12:01:16,BUS,2026-08-07,LA PAZ,LA PAZ,COCHABAMBA,COCHABAMBA,TRANS COPACABANA S.A.,110,136,2026-08-07 22:00,2026-08-08 06:00,CAMA,CAMA DD 43,Directo (8h 0m),False,0,0.0,0.0,0.0
2026-08-05 12:01:16,BUS,2026-08-07,LA PAZ,LA PAZ,COCHABAMBA,COCHABAMBA,EL DORADO,103,000,2026-08-07 22:00,2026-08-08 05:00,CAMA,CAMA 3 FILAS 40,Directo (7h 0m),False,0,0.0,0.0,0.0
2026-08-05 10:06:04,BUS,2026-08-07,LA PAZ,LA PAZ,COCHABAMBA,COCHABAMBA,TRANS COPACABANA S.A.,110,150,2026-08-07 22:30,2026-08-08 06:30,CAMA,CAMA TV 43,8h 0m,,,0.0,0.0,0.0
2026-08-05 10:06:04,BUS,2026-08-07,LA PAZ,LA PAZ,COCHABAMBA,COCHABAMBA,EL DORADO,103,000,2026-08-07 22:30,2026-08-08 05:30,CAMA,CAMA 3 FILAS 40,7h 0m,,,0.0,0.0,0.0
2026-08-05 12:01:16,BUS,2026-08-07,LA PAZ,LA PAZ,COCHABAMBA,COCHABAMBA,TRANS COPACABANA S.A.,110,150,2026-08-07 22:30,2026-08-08 06:30,CAMA,CAMA TV 43,Directo (8h 0m),False,0,0.0,0.0,0.0
2026-08-05 12:01:16,BUS,2026-08-07,LA PAZ,LA PAZ,COCHABAMBA,COCHABAMBA,EL DORADO,103,000,2026-08-07 22:30,2026-08-08 05:30,CAMA,CAMA 3 FILAS 40,Directo (7h 0m),False,0,0.0,0.0,0.0
2026-08-05 10:06:04,BUS,2026-08-07,LA PAZ,LA PAZ,COCHABAMBA,COCHABAMBA,TRANS COPACABANA S.A.,110,144,2026-08-07 23:00,2026-08-08 07:00,CAMA,CAMA TV 43,8h 0m,,,0.0,0.0,0.0
2026-08-05 10:06:04,BUS,2026-08-07,LA PAZ,LA PAZ,COCHABAMBA,COCHABAMBA,EL DORADO,103,000,2026-08-07 23:00,2026-08-08 06:00,CAMA,CAMA 3 FILAS 40,7h 0m,,,0.0,0.0,0.0
2026-08-05 12:01:16,BUS,2026-08-07,LA PAZ,LA PAZ,COCHABAMBA,COCHABAMBA,TRANS COPACABANA S.A.,110,144,2026-08-07 23:00,2026-08-08 07:00,CAMA,CAMA TV 43,Directo (8h 0m),False,0,0.0,0.0,0.0
2026-08-05 12:01:16,BUS,2026-08-07,LA PAZ,LA PAZ,COCHABAMBA,COCHABAMBA,EL DORADO,103,000,2026-08-07 23:00,2026-08-08 06:00,CAMA,CAMA 3 FILAS 40,Directo (7h 0m),False,0,0.0,0.0,0.0
2026-08-05 10:06:04,BUS,2026-08-07,ORURO,ORURO,COCHABAMBA,COCHABAMBA,TRANS COPACABANA S.A.,110,114,2026-08-07 08:30,2026-08-07 13:30,CAMA,CAMA DD - PISO  43,5h 0m,,,0.0,0.0,0.0
2026-08-05 12:01:16,BUS,2026-08-07,ORURO,ORURO,COCHABAMBA,COCHABAMBA,TRANS COPACABANA S.A.,110,114,2026-08-07 08:30,2026-08-07 13:30,CAMA,CAMA DD - PISO  43,Directo (5h 0m),False,0,0.0,0.0,0.0
2026-08-05 10:06:04,BUS,2026-08-07,ORURO,ORURO,COCHABAMBA,COCHABAMBA,TRANS COPACABANA S.A.,110,112,2026-08-07 10:00,2026-08-07 15:00,CAMA,CAMA DD - PISO  43,5h 0m,,,0.0,0.0,0.0
2026-08-05 12:01:16,BUS,2026-08-07,ORURO,ORURO,COCHABAMBA,COCHABAMBA,TRANS COPACABANA S.A.,110,112,2026-08-07 10:00,2026-08-07 15:00,CAMA,CAMA DD - PISO  43,Directo (5h 0m),False,0,0.0,0.0,0.0
2026-08-05 10:06:04,BUS,2026-08-07,ORURO,ORURO,COCHABAMBA,COCHABAMBA,TRANS COPACABANA S.A.,110,112,2026-08-07 13:30,2026-08-07 18:30,CAMA,CAMA DD - PISO  43,5h 0m,,,0.0,0.0,0.0
2026-08-05 12:01:16,BUS,2026-08-07,ORURO,ORURO,COCHABAMBA,COCHABAMBA,TRANS COPACABANA S.A.,110,112,2026-08-07 13:30,2026-08-07 18:30,CAMA,CAMA DD - PISO  43,Directo (5h 0m),False,0,0.0,0.0,0.0
2026-08-05 10:06:04,BUS,2026-08-07,ORURO,ORURO,COCHABAMBA,COCHABAMBA,TRANS COPACABANA S.A.,110,112,2026-08-07 16:00,2026-08-07 21:00,CAMA,CAMA DD - PISO  43,5h 0m,,,0.0,0.0,0.0
2026-08-05 12:01:16,BUS,2026-08-07,ORURO,ORURO,COCHABAMBA,COCHABAMBA,TRANS COPACABANA S.A.,110,112,2026-08-07 16:00,2026-08-07 21:00,CAMA,CAMA DD - PISO  43,Directo (5h 0m),False,0,0.0,0.0,0.0
2026-08-05 10:06:04,BUS,2026-08-07,ORURO,ORURO,SANTA CRUZ,SANTA CRUZ,TRANS COPACABANA S.A.,110,159,2026-08-07 17:30,2026-08-08 08:30,CAMA,CAMA TV 43,15h 0m,,,0.0,0.0,0.0
2026-08-05 12:01:16,BUS,2026-08-07,ORURO,ORURO,SANTA CRUZ,SANTA CRUZ,TRANS COPACABANA S.A.,110,159,2026-08-07 17:30,2026-08-08 08:30,CAMA,CAMA TV 43,Directo (15h 0m),False,0,0.0,0.0,0.0
2026-08-05 10:06:04,BUS,2026-08-07,ORURO,ORURO,COCHABAMBA,COCHABAMBA,TRANS COPACABANA S.A.,110,113,2026-08-07 19:00,2026-08-08 00:00,CAMA,CAMA DD - PISO  43,5h 0m,,,0.0,0.0,0.0
2026-08-05 12:01:16,BUS,2026-08-07,ORURO,ORURO,COCHABAMBA,COCHABAMBA,TRANS COPACABANA S.A.,110,113,2026-08-07 19:00,2026-08-08 00:00,CAMA,CAMA DD - PISO  43,Directo (5h 0m),False,0,0.0,0.0,0.0
2026-08-05 10:06:04,BUS,2026-08-07,ORURO,ORURO,SUCRE,SUCRE,SAN MIGUEL,124,4539 NKG,2026-08-07 20:30,2026-08-08 05:30,CAMA,4539 DKG,9h 0m,,,0.0,0.0,0.0
2026-08-05 12:01:16,BUS,2026-08-07,ORURO,ORURO,SUCRE,SUCRE,SAN MIGUEL,124,4539 NKG,2026-08-07 20:30,2026-08-08 05:30,CAMA,4539 DKG,Directo (9h 0m),False,0,0.0,0.0,0.0
2026-08-05 10:06:04,BUS,2026-08-07,ORURO,ORURO,SUCRE,SUCRE,SAN MIGUEL,124,4677SDF,2026-08-07 22:30,2026-08-08 07:30,CAMA,4677 SDF,9h 0m,,,0.0,0.0,0.0
2026-08-05 12:01:16,BUS,2026-08-07,ORURO,ORURO,SUCRE,SUCRE,SAN MIGUEL,124,4677SDF,2026-08-07 22:30,2026-08-08 07:30,CAMA,4677 SDF,Directo (9h 0m),False,0,0.0,0.0,0.0
2026-08-05 10:06:04,BUS,2026-08-07,POTOSI,POTOSI,COCHABAMBA,COCHABAMBA,TRANS COPACABANA S.A.,110,150,2026-08-07 21:30,2026-08-08 07:30,CAMA,CAMA TV 43,10h 0m,,,0.0,0.0,0.0
2026-08-05 12:01:16,BUS,2026-08-07,POTOSI,POTOSI,COCHABAMBA,COCHABAMBA,TRANS COPACABANA S.A.,110,150,2026-08-07 21:30,2026-08-08 07:30,CAMA,CAMA TV 43,Directo (10h 0m),False,0,0.0,0.0,0.0
2026-08-05 10:06:04,BUS,2026-08-07,POTOSI,POTOSI,LA PAZ,LA PAZ,TRANS COPACABANA S.A.,110,145,2026-08-07 22:00,2026-08-08 07:00,CAMA,CAMA TV 43,9h 0m,,,0.0,0.0,0.0
2026-08-05 12:01:16,BUS,2026-08-07,POTOSI,POTOSI,LA PAZ,LA PAZ,TRANS COPACABANA S.A.,110,145,2026-08-07 22:00,2026-08-08 07:00,CAMA,CAMA TV 43,Directo (9h 0m),False,0,0.0,0.0,0.0
2026-08-05 10:06:04,BUS,2026-08-07,SANTA CRUZ,SANTA CRUZ,COCHABAMBA,COCHABAMBA,TRANS COPACABANA S.A.,110,145,2026-08-07 08:30,2026-08-07 18:30,CAMA,CAMA TV 43,10h 0m,,,0.0,0.0,0.0
2026-08-05 12:01:16,BUS,2026-08-07,SANTA CRUZ,SANTA CRUZ,COCHABAMBA,COCHABAMBA,TRANS COPACABANA S.A.,110,145,2026-08-07 08:30,2026-08-07 18:30,CAMA,CAMA TV 43,Directo (10h 0m),False,0,0.0,0.0,0.0
2026-08-05 12:01:16,BUS,2026-08-07,SANTA CRUZ,SANTA CRUZ,LA PAZ,LA PAZ,EL DORADO,103,000,2026-08-07 11:30,2026-08-08 04:30,CAMA,CAMA 3 FILAS 40,Directo (17h 0m),False,0,0.0,0.0,0.0
2026-08-05 10:06:04,BUS,2026-08-07,SANTA CRUZ,SANTA CRUZ,LA PAZ,LA PAZ,TRANS COPACABANA S.A.,110,155,2026-08-07 14:00,2026-08-08 07:00,CAMA,CAMA TV 43,17h 0m,,,0.0,0.0,0.0
2026-08-05 12:01:16,BUS,2026-08-07,SANTA CRUZ,SANTA CRUZ,LA PAZ,LA PAZ,TRANS COPACABANA S.A.,110,155,2026-08-07 14:00,2026-08-08 07:00,CAMA,CAMA TV 43,Directo (17h 0m),False,0,0.0,0.0,0.0
2026-08-05 10:06:04,BUS,2026-08-07,SANTA CRUZ,SANTA CRUZ,LA PAZ,LA PAZ,TRANS COPACABANA S.A.,110,155,2026-08-07 16:30,2026-08-08 09:30,CAMA,CAMA TV 43,17h 0m,,,0.0,0.0,0.0
2026-08-05 12:01:16,BUS,2026-08-07,SANTA CRUZ,SANTA CRUZ,LA PAZ,LA PAZ,TRANS COPACABANA S.A.,110,155,2026-08-07 16:30,2026-08-08 09:30,CAMA,CAMA TV 43,Directo (17h 0m),False,0,0.0,0.0,0.0
2026-08-05 10:06:04,BUS,2026-08-07,SANTA CRUZ,SANTA CRUZ,LA PAZ,LA PAZ,TRANS COPACABANA S.A.,110,155,2026-08-07 17:30,2026-08-08 10:30,CAMA,CAMA TV 43,17h 0m,,,0.0,0.0,0.0
2026-08-05 10:06:04,BUS,2026-08-07,SANTA CRUZ,SANTA CRUZ,ORURO,ORURO,TRANS COPACABANA S.A.,110,162,2026-08-07 17:30,2026-08-08 08:30,CAMA,CAMA TV 43,15h 0m,,,0.0,0.0,0.0
2026-08-05 12:01:16,BUS,2026-08-07,SANTA CRUZ,SANTA CRUZ,LA PAZ,LA PAZ,TRANS COPACABANA S.A.,110,155,2026-08-07 17:30,2026-08-08 10:30,CAMA,CAMA TV 43,Directo (17h 0m),False,0,0.0,0.0,0.0
2026-08-05 12:01:16,BUS,2026-08-07,SANTA CRUZ,SANTA CRUZ,ORURO,ORURO,TRANS COPACABANA S.A.,110,162,2026-08-07 17:30,2026-08-08 08:30,CAMA,CAMA TV 43,Directo (15h 0m),False,0,0.0,0.0,0.0
2026-08-05 10:06:04,BUS,2026-08-07,SANTA CRUZ,SANTA CRUZ,COCHABAMBA,COCHABAMBA,TRANS COPACABANA S.A.,110,127,2026-08-07 19:00,2026-08-08 05:00,CAMA,CAMA D - PISO 43,10h 0m,,,0.0,0.0,0.0
2026-08-05 10:06:04,BUS,2026-08-07,SANTA CRUZ,SANTA CRUZ,TARIJA,TARIJA,TRANS COPACABANA S.A.,110,163,2026-08-07 19:00,2026-08-08 07:00,CAMA,CAMA TV 43,12h 0m,,,0.0,0.0,0.0
2026-08-05 12:01:16,BUS,2026-08-07,SANTA CRUZ,SANTA CRUZ,COCHABAMBA,COCHABAMBA,TRANS COPACABANA S.A.,110,127,2026-08-07 19:00,2026-08-08 05:00,CAMA,CAMA D - PISO 43,Directo (10h 0m),False,0,0.0,0.0,0.0
2026-08-05 12:01:16,BUS,2026-08-07,SANTA CRUZ,SANTA CRUZ,TARIJA,TARIJA,TRANS COPACABANA S.A.,110,163,2026-08-07 19:00,2026-08-08 07:00,CAMA,CAMA TV 43,Directo (12h 0m),False,0,0.0,0.0,0.0
2026-08-05 10:06:04,BUS,2026-08-07,SANTA CRUZ,SANTA CRUZ,LA PAZ,LA PAZ,TRANS COPACABANA S.A.,110,155,2026-08-07 19:30,2026-08-08 12:30,CAMA,CAMA TV 43,17h 0m,,,0.0,0.0,0.0
2026-08-05 12:01:16,BUS,2026-08-07,SANTA CRUZ,SANTA CRUZ,LA PAZ,LA PAZ,TRANS COPACABANA S.A.,110,155,2026-08-07 19:30,2026-08-08 12:30,CAMA,CAMA TV 43,Directo (17h 0m),False,0,0.0,0.0,0.0
2026-08-05 10:06:04,BUS,2026-08-07,SANTA CRUZ,SANTA CRUZ,COCHABAMBA,COCHABAMBA,TRANS COPACABANA S.A.,110,142,2026-08-07 20:00,2026-08-08 06:00,CAMA,CAMA TV 43,10h 0m,,,0.0,0.0,0.0
2026-08-05 12:01:16,BUS,2026-08-07,SANTA CRUZ,SANTA CRUZ,COCHABAMBA,COCHABAMBA,TRANS COPACABANA S.A.,110,142,2026-08-07 20:00,2026-08-08 06:00,CAMA,CAMA TV 43,Directo (10h 0m),False,0,0.0,0.0,0.0
2026-08-05 10:06:04,BUS,2026-08-07,SANTA CRUZ,SANTA CRUZ,COCHABAMBA,COCHABAMBA,TRANS COPACABANA S.A.,110,151,2026-08-07 21:00,2026-08-08 07:00,CAMA,CAMA TV 43,10h 0m,,,0.0,0.0,0.0
2026-08-05 10:06:04,BUS,2026-08-07,SANTA CRUZ,SANTA CRUZ,YACUIBA,YACUIBA,TRANS COPACABANA S.A.,110,129,2026-08-07 21:00,2026-08-08 06:00,CAMA,CAMA D - PISO 43,9h 0m,,,0.0,0.0,0.0
2026-08-05 12:01:16,BUS,2026-08-07,SANTA CRUZ,SANTA CRUZ,COCHABAMBA,COCHABAMBA,TRANS COPACABANA S.A.,110,151,2026-08-07 21:00,2026-08-08 07:00,CAMA,CAMA TV 43,Directo (10h 0m),False,0,0.0,0.0,0.0
2026-08-05 12:01:16,BUS,2026-08-07,SANTA CRUZ,SANTA CRUZ,YACUIBA,YACUIBA,TRANS COPACABANA S.A.,110,129,2026-08-07 21:00,2026-08-08 06:00,CAMA,CAMA D - PISO 43,Directo (9h 0m),False,0,0.0,0.0,0.0
2026-08-05 10:06:04,BUS,2026-08-07,SANTA CRUZ,SANTA CRUZ,YACUIBA,YACUIBA,LA QUERIDA,142,4564 FEE,2026-08-07 21:15,2026-08-08 06:15,CAMA,CAMA LEITO,9h 0m,,,180.0,180.0,100.0
2026-08-05 12:01:16,BUS,2026-08-07,SANTA CRUZ,SANTA CRUZ,YACUIBA,YACUIBA,LA QUERIDA,142,4564 FEE,2026-08-07 21:15,2026-08-08 06:15,CAMA,CAMA LEITO,Directo (9h 0m),False,0,180.0,180.0,100.0
2026-08-05 10:06:04,BUS,2026-08-07,SANTA CRUZ,SANTA CRUZ,COCHABAMBA,COCHABAMBA,TRANS COPACABANA S.A.,110,140,2026-08-07 21:30,2026-08-08 07:30,CAMA,CAMA TV 43,10h 0m,,,0.0,0.0,0.0
2026-08-05 10:06:04,BUS,2026-08-07,SANTA CRUZ,SANTA CRUZ,TRINIDAD,TRINIDAD,TRANS COPACABANA S.A.,110,131,2026-08-07 21:30,2026-08-08 06:30,CAMA,CAMA D - PISO 43,9h 0m,,,0.0,0.0,0.0
2026-08-05 12:01:16,BUS,2026-08-07,SANTA CRUZ,SANTA CRUZ,COCHABAMBA,COCHABAMBA,TRANS COPACABANA S.A.,110,140,2026-08-07 21:30,2026-08-08 07:30,CAMA,CAMA TV 43,Directo (10h 0m),False,0,0.0,0.0,0.0
2026-08-05 12:01:16,BUS,2026-08-07,SANTA CRUZ,SANTA CRUZ,TRINIDAD,TRINIDAD,TRANS COPACABANA S.A.,110,131,2026-08-07 21:30,2026-08-08 06:30,CAMA,CAMA D - PISO 43,Directo (9h 0m),False,0,0.0,0.0,0.0
2026-08-05 10:06:04,BUS,2026-08-07,SUCRE,SUCRE,LA PAZ,LA PAZ,TRANS COPACABANA S.A.,110,151,2026-08-07 19:30,2026-08-08 07:30,CAMA,CAMA TV 43,12h 0m,,,252.0,252.0,252.0
2026-08-05 12:01:16,BUS,2026-08-07,SUCRE,SUCRE,LA PAZ,LA PAZ,TRANS COPACABANA S.A.,110,151,2026-08-07 19:30,2026-08-08 07:30,CAMA,CAMA TV 43,Directo (12h 0m),False,0,252.0,252.0,252.0
2026-08-05 10:06:04,BUS,2026-08-07,SUCRE,SUCRE,COCHABAMBA,COCHABAMBA,TRANS COPACABANA S.A.,110,140,2026-08-07 21:00,2026-08-08 04:00,CAMA,CAMA TV 43,7h 0m,,,192.0,192.0,192.0
2026-08-05 12:01:16,BUS,2026-08-07,SUCRE,SUCRE,COCHABAMBA,COCHABAMBA,TRANS COPACABANA S.A.,110,140,2026-08-07 21:00,2026-08-08 04:00,CAMA,CAMA TV 43,Directo (7h 0m),False,0,192.0,192.0,192.0
2026-08-05 10:06:04,BUS,2026-08-07,TARIJA,TARIJA,COCHABAMBA,COCHABAMBA,TRANS COPACABANA S.A.,110,150,2026-08-07 18:00,2026-08-08 09:00,CAMA,CAMA TV 43,15h 0m,,,358.0,358.0,358.0
2026-08-05 12:01:16,BUS,2026-08-07,TARIJA,TARIJA,COCHABAMBA,COCHABAMBA,TRANS COPACABANA S.A.,110,150,2026-08-07 18:00,2026-08-08 09:00,CAMA,CAMA TV 43,Directo (15h 0m),False,0,358.0,358.0,358.0
2026-08-05 10:06:04,BUS,2026-08-07,TARIJA,TARIJA,LA PAZ,LA PAZ,ROYAL CLASS,144,5310ULP,2026-08-07 18:30,2026-08-08 09:30,CAMA,SUITE - CAMA,15h 0m,,,0.0,0.0,0.0
2026-08-05 12:01:16,BUS,2026-08-07,TARIJA,TARIJA,LA PAZ,LA PAZ,ROYAL CLASS,144,5310UIG,2026-08-07 18:30,2026-08-08 09:30,CAMA,SUITE - CAMA,Directo (15h 0m),False,0,363.0,363.0,300.0
2026-08-05 12:01:16,BUS,2026-08-07,TARIJA,TARIJA,LA PAZ,LA PAZ,ROYAL CLASS,144,5310ULP,2026-08-07 18:30,2026-08-08 09:30,CAMA,SUITE - CAMA,Directo (15h 0m),False,0,0.0,0.0,0.0
2026-08-05 10:06:04,BUS,2026-08-07,TARIJA,TARIJA,SANTA CRUZ,SANTA CRUZ,TRANS COPACABANA S.A.,110,160,2026-08-07 19:00,2026-08-08 07:30,CAMA,CAMA TV 43,12h 30m,,,0.0,0.0,0.0
2026-08-05 12:01:16,BUS,2026-08-07,TARIJA,TARIJA,SANTA CRUZ,SANTA CRUZ,TRANS COPACABANA S.A.,110,160,2026-08-07 19:00,2026-08-08 07:30,CAMA,CAMA TV 43,Directo (12h 30m),False,0,0.0,0.0,0.0
2026-08-05 10:06:04,BUS,2026-08-07,TARIJA,TARIJA,LA PAZ,LA PAZ,TRANS COPACABANA S.A.,110,150,2026-08-07 19:30,2026-08-08 12:30,CAMA,CAMA TV 43,17h 0m,,,363.0,363.0,363.0
2026-08-05 10:06:04,BUS,2026-08-07,TARIJA,TARIJA,SANTA CRUZ,SANTA CRUZ,EL MEXICANO,206,5023 RKI,2026-08-07 19:30,2026-08-08 09:30,SUITE,SUITE CAMA 32,14h 0m,,,0.0,0.0,0.0
2026-08-05 12:01:16,BUS,2026-08-07,TARIJA,TARIJA,LA PAZ,LA PAZ,TRANS COPACABANA S.A.,110,150,2026-08-07 19:30,2026-08-08 12:30,CAMA,CAMA TV 43,Directo (17h 0m),False,0,363.0,363.0,363.0
2026-08-05 12:01:16,BUS,2026-08-07,TARIJA,TARIJA,SANTA CRUZ,SANTA CRUZ,EL MEXICANO,206,5023 RKI,2026-08-07 19:30,2026-08-08 09:30,SUITE,SUITE CAMA 32,Directo (14h 0m),False,0,0.0,0.0,0.0
2026-08-05 10:06:04,BUS,2026-08-07,TRINIDAD,TRINIDAD,SANTA CRUZ,SANTA CRUZ,TRANS COPACABANA S.A.,110,147,2026-08-07 21:30,2026-08-08 06:30,CAMA,CAMA TV 43,9h 0m,,,0.0,0.0,0.0
2026-08-05 12:01:16,BUS,2026-08-07,TRINIDAD,TRINIDAD,SANTA CRUZ,SANTA CRUZ,TRANS COPACABANA S.A.,110,147,2026-08-07 21:30,2026-08-08 06:30,CAMA,CAMA TV 43,Directo (9h 0m),False,0,0.0,0.0,0.0
2026-08-05 12:01:16,BUS,2026-08-07,YACUIBA,YACUIBA,SANTA CRUZ,SANTA CRUZ,RENACER,105,104,2026-08-07 09:00,2026-08-07 21:00,CAMA,CAMA LEITO 43,Directo (12h 0m),False,0,0.0,0.0,0.0
2026-08-05 10:06:04,BUS,2026-08-07,YACUIBA,YACUIBA,SANTA CRUZ,SANTA CRUZ,TRANS COPACABANA S.A.,110,150,2026-08-07 21:00,2026-08-08 06:00,CAMA,CAMA TV 43,9h 0m,,,0.0,0.0,0.0
2026-08-05 12:01:16,BUS,2026-08-07,YACUIBA,YACUIBA,SANTA CRUZ,SANTA CRUZ,TRANS COPACABANA S.A.,110,150,2026-08-07 21:00,2026-08-08 06:00,CAMA,CAMA TV 43,Directo (9h 0m),False,0,0.0,0.0,0.0
2026-08-05 10:06:04,VUELO,2026-08-07,CBB,Cochabamba,LPB,La Paz,BOLIVIANA DE AVIACION,OB,,2026-08-07 05:15,2026-08-07 06:00,ECONOMICA,AVION,0,,,505.0,505.0,505.0
2026-08-05 12:01:16,VUELO,2026-08-07,CBB,Cochabamba,CIJ,Cobija,BOLIVIANA DE AVIACION,OB,600 / 400,2026-08-07 05:15,2026-08-07 09:40,ECONOMICA,AVION,1 escala (LPB) - 04:25,True,1,1312.0,1312.0,1312.0
2026-08-05 12:01:16,VUELO,2026-08-07,CBB,Cochabamba,LPB,La Paz,BOLIVIANA DE AVIACION,OB,600,2026-08-07 05:15,2026-08-07 06:00,ECONOMICA,AVION,Directo (00:45),False,0,457.0,457.0,457.0
2026-08-05 12:01:16,VUELO,2026-08-07,CBB,Cochabamba,UYU,Uyuni,BOLIVIANA DE AVIACION,OB,600 / 304,2026-08-07 05:15,2026-08-07 08:10,ECONOMICA,AVION,1 escala (LPB) - 02:55,True,1,1406.0,1406.0,1406.0
2026-08-05 12:01:16,VUELO,2026-08-07,CBB,Cochabamba,VVI,Santa Cruz,BOLIVIANA DE AVIACION,OB,600 / 662,2026-08-07 05:15,2026-08-07 08:35,ECONOMICA,AVION,1 escala (LPB) - 03:20,True,1,1414.0,1414.0,1414.0
2026-08-05 12:01:16,VUELO,2026-08-07,CBB,Cochabamba,COR,Cordoba,AEROLINEAS ARGENTINAS,AR,634 / 1369 / 1538,2026-08-07 07:00,2026-08-08 17:45,ECONOMICA,AVION,"2 escala (VVI, AEP) - 33:45",True,2,7608.0,7608.0,7608.0
2026-08-05 12:01:16,VUELO,2026-08-07,CBB,Cochabamba,COR,Cordoba,AEROLINEAS ARGENTINAS,AR,634 / 1369 / 1546,2026-08-07 07:00,2026-08-08 21:00,ECONOMICA,AVION,"2 escala (VVI, AEP) - 37:00",True,2,7608.0,7608.0,7608.0
2026-08-05 12:01:16,VUELO,2026-08-07,CBB,Cochabamba,COR,Cordoba,AEROLINEAS ARGENTINAS,AR,634 / 1369 / 1550,2026-08-07 07:00,2026-08-08 22:00,ECONOMICA,AVION,"2 escala (VVI, AEP) - 38:00",True,2,7608.0,7608.0,7608.0
2026-08-05 12:01:16,VUELO,2026-08-07,CBB,Cochabamba,COR,Cordoba,AEROLINEAS ARGENTINAS,AR,634 / 1369 / 1520,2026-08-07 07:00,2026-08-09 05:40,ECONOMICA,AVION,"2 escala (VVI, AEP) - 45:40",True,2,7608.0,7608.0,7608.0
2026-08-05 12:01:16,VUELO,2026-08-07,CBB,Cochabamba,COR,Cordoba,AEROLINEAS ARGENTINAS,AR,634 / 1369 / 1532,2026-08-07 07:00,2026-08-08 13:25,ECONOMICA,AVION,"2 escala (VVI, AEP) - 29:25",True,2,9860.0,9860.0,9860.0
2026-08-05 12:01:16,VUELO,2026-08-07,CBB,Cochabamba,COR,Cordoba,AEROLINEAS ARGENTINAS,AR,634 / 1369 / 1528,2026-08-07 07:00,2026-08-08 12:25,ECONOMICA,AVION,"2 escala (VVI, AEP) - 28:25",True,2,12471.0,12471.0,12471.0
2026-08-05 12:01:16,VUELO,2026-08-07,CBB,Cochabamba,EZE,Buenos Aires,BOLIVIANA DE AVIACION,OB,634 / 700,2026-08-07 07:00,2026-08-08 01:50,ECONOMICA,AVION,1 escala (VVI) - 17:50,True,1,5920.0,5920.0,5920.0
2026-08-05 12:01:16,VUELO,2026-08-07,CBB,Cochabamba,MDZ,Mendoza,AEROLINEAS ARGENTINAS,AR,634 / 1369 / 1418,2026-08-07 07:00,2026-08-08 12:10,ECONOMICA,AVION,"2 escala (VVI, AEP) - 28:10",True,2,7954.0,7954.0,7954.0
2026-08-05 12:01:16,VUELO,2026-08-07,CBB,Cochabamba,MDZ,Mendoza,AEROLINEAS ARGENTINAS,AR,634 / 1369 / 1414,2026-08-07 07:00,2026-08-08 13:10,ECONOMICA,AVION,"2 escala (VVI, AEP) - 29:10",True,2,7954.0,7954.0,7954.0
2026-08-05 12:01:16,VUELO,2026-08-07,CBB,Cochabamba,MDZ,Mendoza,AEROLINEAS ARGENTINAS,AR,634 / 1369 / 1416,2026-08-07 07:00,2026-08-08 15:35,ECONOMICA,AVION,"2 escala (VVI, AEP) - 31:35",True,2,7954.0,7954.0,7954.0
2026-08-05 12:01:16,VUELO,2026-08-07,CBB,Cochabamba,MDZ,Mendoza,AEROLINEAS ARGENTINAS,AR,634 / 1369 / 1400,2026-08-07 07:00,2026-08-08 21:30,ECONOMICA,AVION,"2 escala (VVI, AEP) - 37:30",True,2,7954.0,7954.0,7954.0
2026-08-05 12:01:16,VUELO,2026-08-07,CBB,Cochabamba,MDZ,Mendoza,AEROLINEAS ARGENTINAS,AR,634 / 1369 / 1402,2026-08-07 07:00,2026-08-09 08:00,ECONOMICA,AVION,"2 escala (VVI, AEP) - 48:00",True,2,7954.0,7954.0,7954.0
2026-08-05 12:01:16,VUELO,2026-08-07,CBB,Cochabamba,MDZ,Mendoza,AEROLINEAS ARGENTINAS,AR,634 / 1369 / 1408,2026-08-07 07:00,2026-08-08 14:15,ECONOMICA,AVION,"2 escala (VVI, AEP) - 30:15",True,2,9170.0,9170.0,9170.0
2026-08-05 12:01:16,VUELO,2026-08-07,CBB,Cochabamba,MDZ,Mendoza,AEROLINEAS ARGENTINAS,AR,634 / 1369 / 1420,2026-08-07 07:00,2026-08-08 17:55,ECONOMICA,AVION,"2 escala (VVI, AEP) - 33:55",True,2,9170.0,9170.0,9170.0
2026-08-05 12:01:16,VUELO,2026-08-07,CBB,Cochabamba,VVI,Santa Cruz,BOLIVIANA DE AVIACION,OB,634,2026-08-07 07:00,2026-08-07 07:50,ECONOMICA,AVION,Directo (00:50),False,0,713.0,713.0,713.0
2026-08-05 12:01:16,VUELO,2026-08-07,CBB,Cochabamba,SRE,Sucre,BOLIVIANA DE AVIACION,OB,572,2026-08-07 08:20,2026-08-07 09:00,ECONOMICA,AVION,Directo (00:40),False,0,491.0,491.0,491.0
2026-08-05 10:06:04,VUELO,2026-08-07,CBB,Cochabamba,LPB,La Paz,BOLIVIANA DE AVIACION,OB,,2026-08-07 11:00,2026-08-07 11:45,ECONOMICA,AVION,0,,,553.0,553.0,553.0
2026-08-05 12:01:16,VUELO,2026-08-07,CBB,Cochabamba,CIJ,Cobija,BOLIVIANA DE AVIACION,OB,610 / 400,2026-08-07 11:00,2026-08-08 09:40,ECONOMICA,AVION,1 escala (LPB) - 22:40,True,1,1399.0,1399.0,1399.0
2026-08-05 12:01:16,VUELO,2026-08-07,CBB,Cochabamba,LPB,La Paz,BOLIVIANA DE AVIACION,OB,610,2026-08-07 11:00,2026-08-07 11:45,ECONOMICA,AVION,Directo (00:45),False,0,553.0,553.0,553.0
2026-08-05 10:06:04,VUELO,2026-08-07,CBB,Cochabamba,LPB,La Paz,BOLIVIANA DE AVIACION,OB,,2026-08-07 11:35,2026-08-07 14:55,ECONOMICA,AVION,0,,,1671.0,1671.0,1671.0
2026-08-05 12:01:16,VUELO,2026-08-07,CBB,Cochabamba,TDD,Trinidad,BOLIVIANA DE AVIACION,OB,446,2026-08-07 13:50,2026-08-07 14:45,ECONOMICA,AVION,Directo (00:55),False,0,481.0,481.0,481.0
2026-08-05 12:01:16,VUELO,2026-08-07,CBB,Cochabamba,ORU,Oruro,BOLIVIANA DE AVIACION,OB,324,2026-08-07 14:05,2026-08-07 14:40,ECONOMICA,AVION,Directo (00:35),False,0,326.0,326.0,326.0
2026-08-05 10:06:04,VUELO,2026-08-07,CBB,Cochabamba,LPB,La Paz,BOLIVIANA DE AVIACION,OB,,2026-08-07 16:35,2026-08-07 17:20,ECONOMICA,AVION,0,,,505.0,505.0,505.0
2026-08-05 12:01:16,VUELO,2026-08-07,CBB,Cochabamba,CIJ,Cobija,BOLIVIANA DE AVIACION,OB,618 / 400,2026-08-07 16:35,2026-08-08 09:40,ECONOMICA,AVION,1 escala (LPB) - 17:05,True,1,1351.0,1351.0,1351.0
2026-08-05 12:01:16,VUELO,2026-08-07,CBB,Cochabamba,LPB,La Paz,BOLIVIANA DE AVIACION,OB,618,2026-08-07 16:35,2026-08-07 17:20,ECONOMICA,AVION,Directo (00:45),False,0,505.0,505.0,505.0
2026-08-05 12:01:16,VUELO,2026-08-07,CBB,Cochabamba,VVI,Santa Cruz,BOLIVIANA DE AVIACION,OB,618 / 682,2026-08-07 16:35,2026-08-07 20:15,ECONOMICA,AVION,1 escala (LPB) - 03:40,True,1,1273.0,1273.0,1273.0
2026-08-05 10:06:04,VUELO,2026-08-07,CBB,COCHABAMBA,LPB,LA PAZ,TAMep,2E,,2026-08-07 19:50,2026-08-07 20:30,ECONOMICA,AVION,0,,,339.0,339.0,339.0
2026-08-05 12:01:16,VUELO,2026-08-07,CBB,COCHABAMBA,LPB,LA PAZ,TAMep,2E,715,2026-08-07 19:50,2026-08-07 20:30,ECONOMICA,AVION,Directo (00:40),False,0,231.0,231.0,231.0
2026-08-05 12:01:16,VUELO,2026-08-07,CBB,Cochabamba,SRE,Sucre,BOLIVIANA DE AVIACION,OB,578,2026-08-07 19:50,2026-08-07 20:30,ECONOMICA,AVION,Directo (00:40),False,0,397.0,397.0,397.0
2026-08-05 10:06:04,VUELO,2026-08-07,CBB,Cochabamba,LPB,La Paz,BOLIVIANA DE AVIACION,OB,,2026-08-07 22:20,2026-08-07 23:05,ECONOMICA,AVION,0,,,553.0,553.0,553.0
2026-08-05 12:01:16,VUELO,2026-08-07,CBB,Cochabamba,CIJ,Cobija,BOLIVIANA DE AVIACION,OB,624 / 400,2026-08-07 22:20,2026-08-08 09:40,ECONOMICA,AVION,1 escala (LPB) - 11:20,True,1,1399.0,1399.0,1399.0
2026-08-05 12:01:16,VUELO,2026-08-07,CBB,Cochabamba,LPB,La Paz,BOLIVIANA DE AVIACION,OB,624,2026-08-07 22:20,2026-08-07 23:05,ECONOMICA,AVION,Directo (00:45),False,0,553.0,553.0,553.0
2026-08-05 12:01:16,VUELO,2026-08-07,CBB,Cochabamba,MDZ,Mendoza,LATAM AIRLINES GROUP,LA,624 / 890 / 434,2026-08-07 22:20,2026-08-09 11:06,ECONOMICA,AVION,"2 escala (LPB, SCL) - 35:46",True,2,18806.0,18806.0,18806.0
2026-08-05 10:06:04,VUELO,2026-08-07,CBB,Cochabamba,LPB,La Paz,BOLIVIANA DE AVIACION,OB,,2026-08-07 22:35,2026-08-07 23:20,ECONOMICA,AVION,0,,,457.0,457.0,457.0
2026-08-05 12:01:16,VUELO,2026-08-07,CBB,Cochabamba,CIJ,Cobija,BOLIVIANA DE AVIACION,OB,924 / 400,2026-08-07 22:35,2026-08-08 09:40,ECONOMICA,AVION,1 escala (LPB) - 11:05,True,1,1351.0,1351.0,1351.0
2026-08-05 12:01:16,VUELO,2026-08-07,CBB,Cochabamba,LPB,La Paz,BOLIVIANA DE AVIACION,OB,924,2026-08-07 22:35,2026-08-07 23:20,ECONOMICA,AVION,Directo (00:45),False,0,505.0,505.0,505.0
2026-08-05 12:01:16,VUELO,2026-08-07,CBB,Cochabamba,MDZ,Mendoza,LATAM AIRLINES GROUP,LA,924 / 890 / 434,2026-08-07 22:35,2026-08-09 11:06,ECONOMICA,AVION,"2 escala (LPB, SCL) - 35:31",True,2,18806.0,18806.0,18806.0
2026-08-05 12:01:16,VUELO,2026-08-07,CGB,Cuiaba,COR,Cordoba,GOL LINHAS AEREAS S/A,G3,1469 / 2172 / 7616,2026-08-07 02:00,2026-08-08 01:05,ECONOMICA,AVION,"2 escala (GRU, GIG) - 22:05",True,2,6592.0,6592.0,6592.0
2026-08-05 12:01:16,VUELO,2026-08-07,CGB,Cuiaba,COR,Cordoba,GOL LINHAS AEREAS S/A,G3,1469 / 1446 / 7616,2026-08-07 02:00,2026-08-08 01:05,ECONOMICA,AVION,"2 escala (GRU, GIG) - 22:05",True,2,6740.0,6740.0,6740.0
2026-08-05 12:01:16,VUELO,2026-08-07,CGB,Cuiaba,EZE,Buenos Aires,GOL LINHAS AEREAS S/A,G3,1469 / 2178 / 7654,2026-08-07 02:00,2026-08-08 17:40,ECONOMICA,AVION,"2 escala (GRU, GIG) - 38:40",True,2,4420.0,4420.0,4420.0
2026-08-05 12:01:16,VUELO,2026-08-07,CGB,Cuiaba,EZE,Buenos Aires,GOL LINHAS AEREAS S/A,G3,1469 / 1374 / 7652,2026-08-07 02:00,2026-08-08 12:25,ECONOMICA,AVION,"2 escala (GRU, GIG) - 33:25",True,2,5474.0,5474.0,5474.0
2026-08-05 12:01:16,VUELO,2026-08-07,CGB,Cuiaba,VVI,Santa Cruz,GOL LINHAS AEREAS S/A,G3,1469 / 7638,2026-08-07 02:00,2026-08-07 11:20,ECONOMICA,AVION,1 escala (GRU) - 09:20,True,1,7844.0,7844.0,7844.0
2026-08-05 12:01:16,VUELO,2026-08-07,CGB,Cuiaba,COR,Cordoba,LATAM AIRLINES GROUP,LA,3269 / 8048,2026-08-07 02:25,2026-08-07 11:45,ECONOMICA,AVION,1 escala (GRU) - 08:20,True,1,9708.0,9708.0,9708.0
2026-08-05 12:01:16,VUELO,2026-08-07,CGB,Cuiaba,COR,Cordoba,LATAM AIRLINES GROUP,LA,3269 / 612 / 486,2026-08-07 02:25,2026-08-07 20:21,ECONOMICA,AVION,"2 escala (GRU, SCL) - 16:56",True,2,9841.0,9841.0,9841.0
2026-08-05 12:01:16,VUELO,2026-08-07,CGB,Cuiaba,COR,Cordoba,LATAM AIRLINES GROUP,LA,3269 / 715 / 486,2026-08-07 02:25,2026-08-07 20:21,ECONOMICA,AVION,"2 escala (GRU, SCL) - 16:56",True,2,9841.0,9841.0,9841.0
2026-08-05 12:01:16,VUELO,2026-08-07,CGB,Cuiaba,COR,Cordoba,LATAM AIRLINES GROUP,LA,3269 / 8152 / 492,2026-08-07 02:25,2026-08-08 12:34,ECONOMICA,AVION,"2 escala (GRU, SCL) - 33:09",True,2,9841.0,9841.0,9841.0
2026-08-05 12:01:16,VUELO,2026-08-07,CGB,Cuiaba,EZE,Buenos Aires,LATAM AIRLINES GROUP,LA,3269 / 715 / 477,2026-08-07 02:25,2026-08-07 18:21,ECONOMICA,AVION,"2 escala (GRU, SCL) - 14:56",True,2,11909.0,11909.0,11909.0
2026-08-05 12:01:16,VUELO,2026-08-07,CGB,Cuiaba,EZE,Buenos Aires,LATAM AIRLINES GROUP,LA,3269 / 3342 / 776,2026-08-07 02:25,2026-08-07 14:40,ECONOMICA,AVION,"2 escala (GRU, GIG) - 11:15",True,2,14683.0,14683.0,14683.0
2026-08-05 12:01:16,VUELO,2026-08-07,CGB,Cuiaba,EZE,Buenos Aires,LATAM AIRLINES GROUP,LA,3269 / 3340 / 776,2026-08-07 02:25,2026-08-07 14:40,ECONOMICA,AVION,"2 escala (GRU, GIG) - 11:15",True,2,16090.0,16090.0,16090.0
2026-08-05 12:01:16,VUELO,2026-08-07,CGB,Cuiaba,EZE,Buenos Aires,LATAM AIRLINES GROUP,LA,3269 / 757 / 477,2026-08-07 02:25,2026-08-07 18:21,ECONOMICA,AVION,"2 escala (GRU, SCL) - 14:56",True,2,19950.0,19950.0,19950.0
2026-08-05 12:01:16,VUELO,2026-08-07,CGB,Cuiaba,LPB,La Paz,LATAM AIRLINES GROUP,LA,3269 / 8152 / 890,2026-08-07 02:25,2026-08-08 08:31,ECONOMICA,AVION,"2 escala (GRU, SCL) - 30:06",True,2,18940.0,18940.0,18940.0
2026-08-05 12:01:16,VUELO,2026-08-07,CGB,Cuiaba,LPB,La Paz,LATAM AIRLINES GROUP,LA,3269 / 763 / 890,2026-08-07 02:25,2026-08-08 08:31,ECONOMICA,AVION,"2 escala (GRU, SCL) - 30:06",True,2,18940.0,18940.0,18940.0
2026-08-05 12:01:16,VUELO,2026-08-07,CGB,Cuiaba,LPB,La Paz,LATAM AIRLINES GROUP,LA,3269 / 2395 / 2400,2026-08-07 02:25,2026-08-09 03:55,ECONOMICA,AVION,"2 escala (GRU, LIM) - 49:30",True,2,22859.0,22859.0,22859.0
2026-08-05 12:01:16,VUELO,2026-08-07,CGB,Cuiaba,LPB,La Paz,LATAM AIRLINES GROUP,LA,3269 / 2934 / 2400,2026-08-07 02:25,2026-08-09 03:55,ECONOMICA,AVION,"2 escala (GRU, LIM) - 49:30",True,2,22859.0,22859.0,22859.0
2026-08-05 12:01:16,VUELO,2026-08-07,CGB,Cuiaba,MDZ,Mendoza,LATAM AIRLINES GROUP,LA,3269 / 8168,2026-08-07 02:25,2026-08-07 16:15,ECONOMICA,AVION,1 escala (GRU) - 12:50,True,1,9720.0,9720.0,9720.0
2026-08-05 12:01:16,VUELO,2026-08-07,CGB,Cuiaba,MDZ,Mendoza,LATAM AIRLINES GROUP,LA,3269 / 612 / 436,2026-08-07 02:25,2026-08-07 19:03,ECONOMICA,AVION,"2 escala (GRU, SCL) - 15:38",True,2,9853.0,9853.0,9853.0
2026-08-05 12:01:16,VUELO,2026-08-07,CGB,Cuiaba,MDZ,Mendoza,LATAM AIRLINES GROUP,LA,3269 / 757 / 436,2026-08-07 02:25,2026-08-07 19:03,ECONOMICA,AVION,"2 escala (GRU, SCL) - 15:38",True,2,9853.0,9853.0,9853.0
2026-08-05 12:01:16,VUELO,2026-08-07,CGB,Cuiaba,MDZ,Mendoza,LATAM AIRLINES GROUP,LA,3269 / 715 / 436,2026-08-07 02:25,2026-08-07 19:03,ECONOMICA,AVION,"2 escala (GRU, SCL) - 15:38",True,2,9853.0,9853.0,9853.0
2026-08-05 12:01:16,VUELO,2026-08-07,CGB,Cuiaba,MDZ,Mendoza,LATAM AIRLINES GROUP,LA,3269 / 763 / 434,2026-08-07 02:25,2026-08-08 11:06,ECONOMICA,AVION,"2 escala (GRU, SCL) - 31:41",True,2,9853.0,9853.0,9853.0
2026-08-05 12:01:16,VUELO,2026-08-07,CGB,Cuiaba,MDZ,Mendoza,LATAM AIRLINES GROUP,LA,3269 / 8152 / 434,2026-08-07 02:25,2026-08-08 11:06,ECONOMICA,AVION,"2 escala (GRU, SCL) - 31:41",True,2,9853.0,9853.0,9853.0
2026-08-05 12:01:16,VUELO,2026-08-07,CGB,Cuiaba,VVI,Santa Cruz,LATAM AIRLINES GROUP,LA,3269 / 8152 / 890,2026-08-07 02:25,2026-08-08 10:29,ECONOMICA,AVION,"2 escala (GRU, SCL) - 32:04",True,2,19686.0,19686.0,19686.0
2026-08-05 12:01:16,VUELO,2026-08-07,CGB,Cuiaba,COR,Cordoba,LATAM AIRLINES GROUP,LA,4656 / 612 / 492,2026-08-07 02:50,2026-08-08 12:34,ECONOMICA,AVION,"2 escala (CGH, SCL) - 32:44",True,2,6464.0,6464.0,6464.0
2026-08-05 12:01:16,VUELO,2026-08-07,CGB,Cuiaba,COR,Cordoba,LATAM AIRLINES GROUP,LA,4656 / 8152 / 492,2026-08-07 02:50,2026-08-08 12:34,ECONOMICA,AVION,"2 escala (CGH, SCL) - 32:44",True,2,9841.0,9841.0,9841.0
2026-08-05 12:01:16,VUELO,2026-08-07,CGB,Cuiaba,EZE,Buenos Aires,APG AIRLINES,GP,4656 / 15,2026-08-07 02:50,2026-08-07 22:25,ECONOMICA,AVION,1 escala (CGH) - 18:35,True,1,8999.0,8999.0,8999.0
2026-08-05 12:01:16,VUELO,2026-08-07,CGB,Cuiaba,LPB,La Paz,LATAM AIRLINES GROUP,LA,4656 / 8152 / 890,2026-08-07 02:50,2026-08-08 08:31,ECONOMICA,AVION,"2 escala (CGH, SCL) - 29:41",True,2,18940.0,18940.0,18940.0
2026-08-05 12:01:16,VUELO,2026-08-07,CGB,Cuiaba,LPB,La Paz,LATAM AIRLINES GROUP,LA,4656 / 763 / 890,2026-08-07 02:50,2026-08-08 08:31,ECONOMICA,AVION,"2 escala (CGH, SCL) - 29:41",True,2,18940.0,18940.0,18940.0
2026-08-05 12:01:16,VUELO,2026-08-07,CGB,Cuiaba,LPB,La Paz,LATAM AIRLINES GROUP,LA,4656 / 749 / 890,2026-08-07 02:50,2026-08-08 08:31,ECONOMICA,AVION,"2 escala (CGH, SCL) - 29:41",True,2,18940.0,18940.0,18940.0
2026-08-05 12:01:16,VUELO,2026-08-07,CGB,Cuiaba,LPB,La Paz,LATAM AIRLINES GROUP,LA,4656 / 751 / 890,2026-08-07 02:50,2026-08-08 08:31,ECONOMICA,AVION,"2 escala (CGH, SCL) - 29:41",True,2,18940.0,18940.0,18940.0
2026-08-05 12:01:16,VUELO,2026-08-07,CGB,Cuiaba,LPB,La Paz,LATAM AIRLINES GROUP,LA,4656 / 612 / 890,2026-08-07 02:50,2026-08-08 08:31,ECONOMICA,AVION,"2 escala (CGH, SCL) - 29:41",True,2,19241.0,19241.0,19241.0
2026-08-05 12:01:16,VUELO,2026-08-07,CGB,Cuiaba,LPB,La Paz,LATAM AIRLINES GROUP,LA,4656 / 2395 / 2400,2026-08-07 02:50,2026-08-09 03:55,ECONOMICA,AVION,"2 escala (CGH, LIM) - 49:05",True,2,22859.0,22859.0,22859.0
2026-08-05 12:01:16,VUELO,2026-08-07,CGB,Cuiaba,LPB,La Paz,LATAM AIRLINES GROUP,LA,4656 / 2934 / 2400,2026-08-07 02:50,2026-08-09 03:55,ECONOMICA,AVION,"2 escala (CGH, LIM) - 49:05",True,2,22859.0,22859.0,22859.0
2026-08-05 12:01:16,VUELO,2026-08-07,CGB,Cuiaba,MDZ,Mendoza,LATAM AIRLINES GROUP,LA,4656 / 8142 / 8332,2026-08-07 02:50,2026-08-07 20:20,ECONOMICA,AVION,"2 escala (CGH, AEP) - 16:30",True,2,7463.0,7463.0,7463.0
2026-08-05 12:01:16,VUELO,2026-08-07,CGB,Cuiaba,MDZ,Mendoza,LATAM AIRLINES GROUP,LA,4656 / 8080 / 8332,2026-08-07 02:50,2026-08-07 20:20,ECONOMICA,AVION,"2 escala (CGH, AEP) - 16:30",True,2,9002.0,9002.0,9002.0
2026-08-05 12:01:16,VUELO,2026-08-07,CGB,Cuiaba,MDZ,Mendoza,LATAM AIRLINES GROUP,LA,4656 / 8168,2026-08-07 02:50,2026-08-07 16:15,ECONOMICA,AVION,1 escala (CGH) - 12:25,True,1,9720.0,9720.0,9720.0
2026-08-05 12:01:16,VUELO,2026-08-07,CGB,Cuiaba,VVI,Santa Cruz,LATAM AIRLINES GROUP,LA,4656 / 8152 / 890,2026-08-07 02:50,2026-08-08 10:29,ECONOMICA,AVION,"2 escala (CGH, SCL) - 31:39",True,2,19686.0,19686.0,19686.0
2026-08-05 12:01:16,VUELO,2026-08-07,CGB,Cuiaba,VVI,Santa Cruz,LATAM AIRLINES GROUP,LA,4656 / 763 / 890,2026-08-07 02:50,2026-08-08 10:29,ECONOMICA,AVION,"2 escala (CGH, SCL) - 31:39",True,2,19686.0,19686.0,19686.0
2026-08-05 12:01:16,VUELO,2026-08-07,CGB,Cuiaba,VVI,Santa Cruz,LATAM AIRLINES GROUP,LA,4656 / 751 / 890,2026-08-07 02:50,2026-08-08 10:29,ECONOMICA,AVION,"2 escala (CGH, SCL) - 31:39",True,2,19686.0,19686.0,19686.0
2026-08-05 12:01:16,VUELO,2026-08-07,CGB,Cuiaba,VVI,Santa Cruz,LATAM AIRLINES GROUP,LA,4656 / 755 / 890,2026-08-07 02:50,2026-08-08 10:29,ECONOMICA,AVION,"2 escala (CGH, SCL) - 31:39",True,2,19987.0,19987.0,19987.0
2026-08-05 12:01:16,VUELO,2026-08-07,CGB,Cuiaba,VVI,Santa Cruz,LATAM AIRLINES GROUP,LA,4656 / 612 / 890,2026-08-07 02:50,2026-08-08 10:29,ECONOMICA,AVION,"2 escala (CGH, SCL) - 31:39",True,2,19987.0,19987.0,19987.0
2026-08-05 12:01:16,VUELO,2026-08-07,CGB,Cuiaba,COR,Cordoba,LATAM AIRLINES GROUP,LA,3802 / 763 / 492,2026-08-07 03:20,2026-08-08 12:34,ECONOMICA,AVION,"2 escala (GRU, SCL) - 32:14",True,2,8267.0,8267.0,8267.0
2026-08-05 12:01:16,VUELO,2026-08-07,CGB,Cuiaba,COR,Cordoba,LATAM AIRLINES GROUP,LA,3802 / 8048,2026-08-07 03:20,2026-08-07 11:45,ECONOMICA,AVION,1 escala (GRU) - 07:25,True,1,9708.0,9708.0,9708.0
2026-08-05 12:01:16,VUELO,2026-08-07,CGB,Cuiaba,COR,Cordoba,LATAM AIRLINES GROUP,LA,3802 / 612 / 486,2026-08-07 03:20,2026-08-07 20:21,ECONOMICA,AVION,"2 escala (GRU, SCL) - 16:01",True,2,9841.0,9841.0,9841.0
2026-08-05 12:01:16,VUELO,2026-08-07,CGB,Cuiaba,COR,Cordoba,LATAM AIRLINES GROUP,LA,3802 / 757 / 486,2026-08-07 03:20,2026-08-07 20:21,ECONOMICA,AVION,"2 escala (GRU, SCL) - 16:01",True,2,9841.0,9841.0,9841.0
2026-08-05 12:01:16,VUELO,2026-08-07,CGB,Cuiaba,COR,Cordoba,LATAM AIRLINES GROUP,LA,3802 / 8152 / 492,2026-08-07 03:20,2026-08-08 12:34,ECONOMICA,AVION,"2 escala (GRU, SCL) - 32:14",True,2,9841.0,9841.0,9841.0
2026-08-05 12:01:16,VUELO,2026-08-07,CGB,Cuiaba,EZE,Buenos Aires,APG AIRLINES,GP,3802 / 15,2026-08-07 03:20,2026-08-07 22:25,ECONOMICA,AVION,1 escala (GRU) - 18:05,True,1,8999.0,8999.0,8999.0
2026-08-05 12:01:16,VUELO,2026-08-07,CGB,Cuiaba,EZE,Buenos Aires,LATAM AIRLINES GROUP,LA,3802 / 3340 / 776,2026-08-07 03:20,2026-08-07 14:40,ECONOMICA,AVION,"2 escala (GRU, GIG) - 10:20",True,2,9659.0,9659.0,9659.0
2026-08-05 12:01:16,VUELO,2026-08-07,CGB,Cuiaba,EZE,Buenos Aires,LATAM AIRLINES GROUP,LA,3802 / 757 / 477,2026-08-07 03:20,2026-08-07 18:21,ECONOMICA,AVION,"2 escala (GRU, SCL) - 14:01",True,2,11909.0,11909.0,11909.0
2026-08-05 12:01:16,VUELO,2026-08-07,CGB,Cuiaba,LPB,La Paz,LATAM AIRLINES GROUP,LA,3802 / 8152 / 890,2026-08-07 03:20,2026-08-08 08:31,ECONOMICA,AVION,"2 escala (GRU, SCL) - 29:11",True,2,18940.0,18940.0,18940.0
2026-08-05 12:01:16,VUELO,2026-08-07,CGB,Cuiaba,LPB,La Paz,LATAM AIRLINES GROUP,LA,3802 / 763 / 890,2026-08-07 03:20,2026-08-08 08:31,ECONOMICA,AVION,"2 escala (GRU, SCL) - 29:11",True,2,18940.0,18940.0,18940.0
2026-08-05 12:01:16,VUELO,2026-08-07,CGB,Cuiaba,LPB,La Paz,LATAM AIRLINES GROUP,LA,3802 / 749 / 890,2026-08-07 03:20,2026-08-08 08:31,ECONOMICA,AVION,"2 escala (GRU, SCL) - 29:11",True,2,18940.0,18940.0,18940.0
2026-08-05 12:01:16,VUELO,2026-08-07,CGB,Cuiaba,LPB,La Paz,LATAM AIRLINES GROUP,LA,3802 / 751 / 890,2026-08-07 03:20,2026-08-08 08:31,ECONOMICA,AVION,"2 escala (GRU, SCL) - 29:11",True,2,18940.0,18940.0,18940.0
2026-08-05 12:01:16,VUELO,2026-08-07,CGB,Cuiaba,LPB,La Paz,LATAM AIRLINES GROUP,LA,3802 / 755 / 890,2026-08-07 03:20,2026-08-08 08:31,ECONOMICA,AVION,"2 escala (GRU, SCL) - 29:11",True,2,19241.0,19241.0,19241.0
2026-08-05 12:01:16,VUELO,2026-08-07,CGB,Cuiaba,LPB,La Paz,LATAM AIRLINES GROUP,LA,3802 / 2395 / 2400,2026-08-07 03:20,2026-08-09 03:55,ECONOMICA,AVION,"2 escala (GRU, LIM) - 48:35",True,2,22859.0,22859.0,22859.0
2026-08-05 12:01:16,VUELO,2026-08-07,CGB,Cuiaba,LPB,La Paz,LATAM AIRLINES GROUP,LA,3802 / 2934 / 2400,2026-08-07 03:20,2026-08-09 03:55,ECONOMICA,AVION,"2 escala (GRU, LIM) - 48:35",True,2,22859.0,22859.0,22859.0
2026-08-05 12:01:16,VUELO,2026-08-07,CGB,Cuiaba,MDZ,Mendoza,LATAM AIRLINES GROUP,LA,3802 / 8168,2026-08-07 03:20,2026-08-07 16:15,ECONOMICA,AVION,1 escala (GRU) - 11:55,True,1,9720.0,9720.0,9720.0
2026-08-05 12:01:16,VUELO,2026-08-07,CGB,Cuiaba,MDZ,Mendoza,LATAM AIRLINES GROUP,LA,3802 / 612 / 436,2026-08-07 03:20,2026-08-07 19:03,ECONOMICA,AVION,"2 escala (GRU, SCL) - 14:43",True,2,9853.0,9853.0,9853.0
2026-08-05 12:01:16,VUELO,2026-08-07,CGB,Cuiaba,MDZ,Mendoza,LATAM AIRLINES GROUP,LA,3802 / 757 / 436,2026-08-07 03:20,2026-08-07 19:03,ECONOMICA,AVION,"2 escala (GRU, SCL) - 14:43",True,2,9853.0,9853.0,9853.0
2026-08-05 12:01:16,VUELO,2026-08-07,CGB,Cuiaba,MDZ,Mendoza,LATAM AIRLINES GROUP,LA,3802 / 763 / 434,2026-08-07 03:20,2026-08-08 11:06,ECONOMICA,AVION,"2 escala (GRU, SCL) - 30:46",True,2,9853.0,9853.0,9853.0
2026-08-05 12:01:16,VUELO,2026-08-07,CGB,Cuiaba,MDZ,Mendoza,LATAM AIRLINES GROUP,LA,3802 / 8152 / 434,2026-08-07 03:20,2026-08-08 11:06,ECONOMICA,AVION,"2 escala (GRU, SCL) - 30:46",True,2,9853.0,9853.0,9853.0
2026-08-05 12:01:16,VUELO,2026-08-07,CGB,Cuiaba,VVI,Santa Cruz,LATAM AIRLINES GROUP,LA,3802 / 8152 / 890,2026-08-07 03:20,2026-08-08 10:29,ECONOMICA,AVION,"2 escala (GRU, SCL) - 31:09",True,2,19686.0,19686.0,19686.0
2026-08-05 12:01:16,VUELO,2026-08-07,CGB,Cuiaba,VVI,Santa Cruz,LATAM AIRLINES GROUP,LA,3802 / 763 / 890,2026-08-07 03:20,2026-08-08 10:29,ECONOMICA,AVION,"2 escala (GRU, SCL) - 31:09",True,2,19686.0,19686.0,19686.0
2026-08-05 12:01:16,VUELO,2026-08-07,CGB,Cuiaba,COR,Cordoba,GOL LINHAS AEREAS S/A,G3,9225 / 2172 / 7616,2026-08-07 04:30,2026-08-08 01:05,ECONOMICA,AVION,"2 escala (GRU, GIG) - 19:35",True,2,7409.0,7409.0,7409.0
2026-08-05 12:01:16,VUELO,2026-08-07,CGB,Cuiaba,COR,Cordoba,GOL LINHAS AEREAS S/A,G3,9225 / 1376 / 7616,2026-08-07 04:30,2026-08-08 01:05,ECONOMICA,AVION,"2 escala (GRU, GIG) - 19:35",True,2,7409.0,7409.0,7409.0
2026-08-05 12:01:16,VUELO,2026-08-07,CGB,Cuiaba,COR,Cordoba,GOL LINHAS AEREAS S/A,G3,9225 / 2178 / 7616,2026-08-07 04:30,2026-08-08 01:05,ECONOMICA,AVION,"2 escala (GRU, GIG) - 19:35",True,2,7485.0,7485.0,7485.0
2026-08-05 12:01:16,VUELO,2026-08-07,CGB,Cuiaba,COR,Cordoba,GOL LINHAS AEREAS S/A,G3,9225 / 1448 / 7616,2026-08-07 04:30,2026-08-08 01:05,ECONOMICA,AVION,"2 escala (GRU, GIG) - 19:35",True,2,7557.0,7557.0,7557.0
2026-08-05 12:01:16,VUELO,2026-08-07,CGB,Cuiaba,COR,Cordoba,GOL LINHAS AEREAS S/A,G3,9225 / 1624 / 7616,2026-08-07 04:30,2026-08-08 01:05,ECONOMICA,AVION,"2 escala (GRU, GIG) - 19:35",True,2,7557.0,7557.0,7557.0
2026-08-05 12:01:16,VUELO,2026-08-07,CGB,Cuiaba,EZE,Buenos Aires,GOL LINHAS AEREAS S/A,G3,9225 / 1380 / 7652,2026-08-07 04:30,2026-08-08 12:25,ECONOMICA,AVION,"2 escala (GRU, GIG) - 30:55",True,2,5474.0,5474.0,5474.0
2026-08-05 12:01:16,VUELO,2026-08-07,CGB,Cuiaba,EZE,Buenos Aires,GOL LINHAS AEREAS S/A,G3,9225 / 2065 / 7652,2026-08-07 04:30,2026-08-08 12:25,ECONOMICA,AVION,"2 escala (GRU, GIG) - 30:55",True,2,5550.0,5550.0,5550.0
2026-08-05 12:01:16,VUELO,2026-08-07,CGB,Cuiaba,EZE,Buenos Aires,GOL LINHAS AEREAS S/A,G3,9225 / 2178 / 7652,2026-08-07 04:30,2026-08-08 12:25,ECONOMICA,AVION,"2 escala (GRU, GIG) - 30:55",True,2,5550.0,5550.0,5550.0
2026-08-05 12:01:16,VUELO,2026-08-07,CGB,Cuiaba,EZE,Buenos Aires,GOL LINHAS AEREAS S/A,G3,9225 / 2065 / 7654,2026-08-07 04:30,2026-08-08 17:40,ECONOMICA,AVION,"2 escala (GRU, GIG) - 36:10",True,2,5550.0,5550.0,5550.0
2026-08-05 12:01:16,VUELO,2026-08-07,CGB,Cuiaba,EZE,Buenos Aires,GOL LINHAS AEREAS S/A,G3,9225 / 1444 / 7652,2026-08-07 04:30,2026-08-08 12:25,ECONOMICA,AVION,"2 escala (GRU, GIG) - 30:55",True,2,5622.0,5622.0,5622.0
2026-08-05 12:01:16,VUELO,2026-08-07,CGB,Cuiaba,COR,Cordoba,LATAM AIRLINES GROUP,LA,3895 / 2403 / 2384,2026-08-07 04:35,2026-08-08 04:10,ECONOMICA,AVION,"2 escala (BSB, LIM) - 22:35",True,2,7994.0,7994.0,7994.0
2026-08-05 12:01:16,VUELO,2026-08-07,CGB,Cuiaba,COR,Cordoba,LATAM AIRLINES GROUP,LA,3895 / 789 / 486,2026-08-07 04:35,2026-08-07 20:21,ECONOMICA,AVION,"2 escala (BSB, SCL) - 14:46",True,2,9857.0,9857.0,9857.0
2026-08-05 12:01:16,VUELO,2026-08-07,CGB,Cuiaba,EZE,Buenos Aires,LATAM AIRLINES GROUP,LA,3895 / 3528 / 8130,2026-08-07 04:35,2026-08-08 01:05,ECONOMICA,AVION,"2 escala (BSB, GRU) - 19:30",True,2,8086.0,8086.0,8086.0
2026-08-05 12:01:16,VUELO,2026-08-07,CGB,Cuiaba,EZE,Buenos Aires,LATAM AIRLINES GROUP,LA,3895 / 3001 / 8130,2026-08-07 04:35,2026-08-08 01:05,ECONOMICA,AVION,"2 escala (BSB, CGH) - 19:30",True,2,9661.0,9661.0,9661.0
2026-08-05 12:01:16,VUELO,2026-08-07,CGB,Cuiaba,EZE,Buenos Aires,LATAM AIRLINES GROUP,LA,3895 / 4677 / 8130,2026-08-07 04:35,2026-08-08 01:05,ECONOMICA,AVION,"2 escala (BSB, GRU) - 19:30",True,2,9661.0,9661.0,9661.0
2026-08-05 12:01:16,VUELO,2026-08-07,CGB,Cuiaba,EZE,Buenos Aires,LATAM AIRLINES GROUP,LA,3895 / 3264 / 8130,2026-08-07 04:35,2026-08-08 01:05,ECONOMICA,AVION,"2 escala (BSB, GRU) - 19:30",True,2,9661.0,9661.0,9661.0
2026-08-05 12:01:16,VUELO,2026-08-07,CGB,Cuiaba,MDZ,Mendoza,LATAM AIRLINES GROUP,LA,3895 / 789 / 436,2026-08-07 04:35,2026-08-07 19:03,ECONOMICA,AVION,"2 escala (BSB, SCL) - 13:28",True,2,9869.0,9869.0,9869.0
2026-08-05 12:01:16,VUELO,2026-08-07,CGB,Cuiaba,VVI,Santa Cruz,BOLIVIANA DE AVIACION,OB,4238 / 4037 / 733,2026-08-07 08:10,2026-08-07 20:20,ECONOMICA,AVION,"2 escala (VCP, GIG) - 12:10",True,2,11123.0,11123.0,11123.0
2026-08-05 12:01:16,VUELO,2026-08-07,CGB,Cuiaba,VVI,Santa Cruz,BOLIVIANA DE AVIACION,OB,4238 / 5086 / 733,2026-08-07 08:10,2026-08-07 20:20,ECONOMICA,AVION,"2 escala (VCP, SDU) - 12:10",True,2,13082.0,13082.0,13082.0
2026-08-05 12:01:16,VUELO,2026-08-07,CGB,Cuiaba,VVI,Santa Cruz,BOLIVIANA DE AVIACION,OB,4238 / 2963 / 733,2026-08-07 08:10,2026-08-07 20:20,ECONOMICA,AVION,"2 escala (VCP, SDU) - 12:10",True,2,13082.0,13082.0,13082.0
2026-08-05 12:01:16,VUELO,2026-08-07,CGB,Cuiaba,COR,Cordoba,LATAM AIRLINES GROUP,LA,3393 / 763 / 492,2026-08-07 09:10,2026-08-08 12:34,ECONOMICA,AVION,"2 escala (GRU, SCL) - 26:24",True,2,7305.0,7305.0,7305.0
2026-08-05 12:01:16,VUELO,2026-08-07,CGB,Cuiaba,COR,Cordoba,LATAM AIRLINES GROUP,LA,3393 / 8152 / 492,2026-08-07 09:10,2026-08-08 12:34,ECONOMICA,AVION,"2 escala (GRU, SCL) - 26:24",True,2,9841.0,9841.0,9841.0
2026-08-05 12:01:16,VUELO,2026-08-07,CGB,Cuiaba,EZE,Buenos Aires,APG AIRLINES,GP,8434 / 15,2026-08-07 09:10,2026-08-07 22:25,ECONOMICA,AVION,1 escala (GRU) - 12:15,True,1,5089.0,5089.0,5089.0
2026-08-05 12:01:16,VUELO,2026-08-07,CGB,Cuiaba,EZE,Buenos Aires,APG AIRLINES,GP,3393 / 15,2026-08-07 09:10,2026-08-07 22:25,ECONOMICA,AVION,1 escala (GRU) - 12:15,True,1,8999.0,8999.0,8999.0
2026-08-05 12:01:16,VUELO,2026-08-07,CGB,Cuiaba,EZE,Buenos Aires,LATAM AIRLINES GROUP,LA,3393 / 763 / 477,2026-08-07 09:10,2026-08-08 18:21,ECONOMICA,AVION,"2 escala (GRU, SCL) - 32:11",True,2,9036.0,9036.0,9036.0
2026-08-05 12:01:16,VUELO,2026-08-07,CGB,Cuiaba,LPB,La Paz,LATAM AIRLINES GROUP,LA,3393 / 8152 / 890,2026-08-07 09:10,2026-08-08 08:31,ECONOMICA,AVION,"2 escala (GRU, SCL) - 23:21",True,2,18940.0,18940.0,18940.0
2026-08-05 12:01:16,VUELO,2026-08-07,CGB,Cuiaba,LPB,La Paz,LATAM AIRLINES GROUP,LA,3393 / 8182 / 890,2026-08-07 09:10,2026-08-08 08:31,ECONOMICA,AVION,"2 escala (GRU, SCL) - 23:21",True,2,18940.0,18940.0,18940.0
2026-08-05 12:01:16,VUELO,2026-08-07,CGB,Cuiaba,LPB,La Paz,LATAM AIRLINES GROUP,LA,3393 / 749 / 890,2026-08-07 09:10,2026-08-08 08:31,ECONOMICA,AVION,"2 escala (GRU, SCL) - 23:21",True,2,18940.0,18940.0,18940.0
2026-08-05 12:01:16,VUELO,2026-08-07,CGB,Cuiaba,LPB,La Paz,LATAM AIRLINES GROUP,LA,3393 / 751 / 890,2026-08-07 09:10,2026-08-08 08:31,ECONOMICA,AVION,"2 escala (GRU, SCL) - 23:21",True,2,18940.0,18940.0,18940.0
2026-08-05 12:01:16,VUELO,2026-08-07,CGB,Cuiaba,LPB,La Paz,LATAM AIRLINES GROUP,LA,3393 / 761 / 890,2026-08-07 09:10,2026-08-08 08:31,ECONOMICA,AVION,"2 escala (GRU, SCL) - 23:21",True,2,18940.0,18940.0,18940.0
2026-08-05 12:01:16,VUELO,2026-08-07,CGB,Cuiaba,LPB,La Paz,LATAM AIRLINES GROUP,LA,3393 / 763 / 890,2026-08-07 09:10,2026-08-08 08:31,ECONOMICA,AVION,"2 escala (GRU, SCL) - 23:21",True,2,18940.0,18940.0,18940.0
2026-08-05 12:01:16,VUELO,2026-08-07,CGB,Cuiaba,LPB,La Paz,LATAM AIRLINES GROUP,LA,3393 / 8054 / 890,2026-08-07 09:10,2026-08-08 08:31,ECONOMICA,AVION,"2 escala (GRU, SCL) - 23:21",True,2,18940.0,18940.0,18940.0
2026-08-05 12:01:16,VUELO,2026-08-07,CGB,Cuiaba,LPB,La Paz,LATAM AIRLINES GROUP,LA,3393 / 755 / 890,2026-08-07 09:10,2026-08-08 08:31,ECONOMICA,AVION,"2 escala (GRU, SCL) - 23:21",True,2,19241.0,19241.0,19241.0
2026-08-05 12:01:16,VUELO,2026-08-07,CGB,Cuiaba,LPB,La Paz,LATAM AIRLINES GROUP,LA,3393 / 2934 / 2400,2026-08-07 09:10,2026-08-09 03:55,ECONOMICA,AVION,"2 escala (GRU, LIM) - 42:45",True,2,20936.0,20936.0,20936.0
2026-08-05 12:01:16,VUELO,2026-08-07,CGB,Cuiaba,LPB,La Paz,LATAM AIRLINES GROUP,LA,3393 / 2395 / 2400,2026-08-07 09:10,2026-08-09 03:55,ECONOMICA,AVION,"2 escala (GRU, LIM) - 42:45",True,2,22859.0,22859.0,22859.0
2026-08-05 12:01:16,VUELO,2026-08-07,CGB,Cuiaba,MDZ,Mendoza,LATAM AIRLINES GROUP,LA,3393 / 8019,2026-08-07 09:10,2026-08-08 12:00,ECONOMICA,AVION,1 escala (GRU) - 25:50,True,1,9720.0,9720.0,9720.0
2026-08-05 12:01:16,VUELO,2026-08-07,CGB,Cuiaba,MDZ,Mendoza,LATAM AIRLINES GROUP,LA,3393 / 763 / 434,2026-08-07 09:10,2026-08-08 11:06,ECONOMICA,AVION,"2 escala (GRU, SCL) - 24:56",True,2,9853.0,9853.0,9853.0
2026-08-05 12:01:16,VUELO,2026-08-07,CGB,Cuiaba,MDZ,Mendoza,LATAM AIRLINES GROUP,LA,3393 / 8152 / 434,2026-08-07 09:10,2026-08-08 11:06,ECONOMICA,AVION,"2 escala (GRU, SCL) - 24:56",True,2,9853.0,9853.0,9853.0
2026-08-05 12:01:16,VUELO,2026-08-07,CGB,Cuiaba,VVI,Santa Cruz,LATAM AIRLINES GROUP,LA,3393 / 8152 / 890,2026-08-07 09:10,2026-08-08 10:29,ECONOMICA,AVION,"2 escala (GRU, SCL) - 25:19",True,2,19686.0,19686.0,19686.0
2026-08-05 12:01:16,VUELO,2026-08-07,CGB,Cuiaba,VVI,Santa Cruz,LATAM AIRLINES GROUP,LA,3393 / 763 / 890,2026-08-07 09:10,2026-08-08 10:29,ECONOMICA,AVION,"2 escala (GRU, SCL) - 25:19",True,2,19686.0,19686.0,19686.0
2026-08-05 12:01:16,VUELO,2026-08-07,CGB,Cuiaba,VVI,Santa Cruz,LATAM AIRLINES GROUP,LA,3393 / 8182 / 890,2026-08-07 09:10,2026-08-08 10:29,ECONOMICA,AVION,"2 escala (GRU, SCL) - 25:19",True,2,19686.0,19686.0,19686.0
2026-08-05 12:01:16,VUELO,2026-08-07,CGB,Cuiaba,VVI,Santa Cruz,LATAM AIRLINES GROUP,LA,3393 / 749 / 890,2026-08-07 09:10,2026-08-08 10:29,ECONOMICA,AVION,"2 escala (GRU, SCL) - 25:19",True,2,19686.0,19686.0,19686.0
2026-08-05 12:01:16,VUELO,2026-08-07,CGB,Cuiaba,VVI,Santa Cruz,LATAM AIRLINES GROUP,LA,3393 / 751 / 890,2026-08-07 09:10,2026-08-08 10:29,ECONOMICA,AVION,"2 escala (GRU, SCL) - 25:19",True,2,19686.0,19686.0,19686.0
2026-08-05 12:01:16,VUELO,2026-08-07,CGB,Cuiaba,VVI,Santa Cruz,LATAM AIRLINES GROUP,LA,3393 / 761 / 890,2026-08-07 09:10,2026-08-08 10:29,ECONOMICA,AVION,"2 escala (GRU, SCL) - 25:19",True,2,19686.0,19686.0,19686.0
2026-08-05 12:01:16,VUELO,2026-08-07,CGB,Cuiaba,VVI,Santa Cruz,LATAM AIRLINES GROUP,LA,3393 / 8054 / 890,2026-08-07 09:10,2026-08-08 10:29,ECONOMICA,AVION,"2 escala (GRU, SCL) - 25:19",True,2,19686.0,19686.0,19686.0
2026-08-05 12:01:16,VUELO,2026-08-07,CGB,Cuiaba,VVI,Santa Cruz,LATAM AIRLINES GROUP,LA,3393 / 755 / 890,2026-08-07 09:10,2026-08-08 10:29,ECONOMICA,AVION,"2 escala (GRU, SCL) - 25:19",True,2,19987.0,19987.0,19987.0
2026-08-05 12:01:16,VUELO,2026-08-07,CGB,Cuiaba,COR,Cordoba,LATAM AIRLINES GROUP,LA,3413 / 3011 / 8281,2026-08-07 10:15,2026-08-08 16:25,ECONOMICA,AVION,"2 escala (BSB, CGH) - 29:10",True,2,9841.0,9841.0,9841.0
2026-08-05 12:01:16,VUELO,2026-08-07,CGB,Cuiaba,COR,Cordoba,LATAM AIRLINES GROUP,LA,3413 / 3009 / 8281,2026-08-07 10:15,2026-08-08 16:25,ECONOMICA,AVION,"2 escala (BSB, CGH) - 29:10",True,2,9841.0,9841.0,9841.0
2026-08-05 12:01:16,VUELO,2026-08-07,CGB,Cuiaba,EZE,Buenos Aires,LATAM AIRLINES GROUP,LA,3413 / 3528 / 8130,2026-08-07 10:15,2026-08-08 01:05,ECONOMICA,AVION,"2 escala (BSB, GRU) - 13:50",True,2,9661.0,9661.0,9661.0
2026-08-05 12:01:16,VUELO,2026-08-07,CGB,Cuiaba,EZE,Buenos Aires,AZUL LINHAS AEREAS BRASILEIRAS,AD,5041 / 90,2026-08-07 10:55,2026-08-08 14:30,ECONOMICA,AVION,1 escala (VCP) - 26:35,True,1,8769.0,8769.0,8769.0
2026-08-05 12:01:16,VUELO,2026-08-07,CGB,Cuiaba,VVI,Santa Cruz,BOLIVIANA DE AVIACION,OB,5041 / 4037 / 733,2026-08-07 10:55,2026-08-07 20:20,ECONOMICA,AVION,"2 escala (VCP, GIG) - 09:25",True,2,11123.0,11123.0,11123.0
2026-08-05 12:01:16,VUELO,2026-08-07,CGB,Cuiaba,COR,Cordoba,LATAM AIRLINES GROUP,LA,3031 / 761 / 492,2026-08-07 11:05,2026-08-08 12:34,ECONOMICA,AVION,"2 escala (CGH, SCL) - 24:29",True,2,6163.0,6163.0,6163.0
2026-08-05 12:01:16,VUELO,2026-08-07,CGB,Cuiaba,COR,Cordoba,LATAM AIRLINES GROUP,LA,3031 / 8054 / 492,2026-08-07 11:05,2026-08-08 12:34,ECONOMICA,AVION,"2 escala (CGH, SCL) - 24:29",True,2,6163.0,6163.0,6163.0
2026-08-05 12:01:16,VUELO,2026-08-07,CGB,Cuiaba,COR,Cordoba,LATAM AIRLINES GROUP,LA,3031 / 8281,2026-08-07 11:05,2026-08-08 16:25,ECONOMICA,AVION,1 escala (CGH) - 28:20,True,1,9708.0,9708.0,9708.0
2026-08-05 12:01:16,VUELO,2026-08-07,CGB,Cuiaba,COR,Cordoba,LATAM AIRLINES GROUP,LA,3031 / 8152 / 492,2026-08-07 11:05,2026-08-08 12:34,ECONOMICA,AVION,"2 escala (CGH, SCL) - 24:29",True,2,9841.0,9841.0,9841.0
2026-08-05 12:01:16,VUELO,2026-08-07,CGB,Cuiaba,COR,Cordoba,LATAM AIRLINES GROUP,LA,3031 / 2425 / 2364,2026-08-07 11:05,2026-08-08 05:55,ECONOMICA,AVION,"2 escala (CGH, LIM) - 17:50",True,2,12726.0,12726.0,12726.0
2026-08-05 12:01:16,VUELO,2026-08-07,CGB,Cuiaba,EZE,Buenos Aires,APG AIRLINES,GP,3031 / 15,2026-08-07 11:05,2026-08-07 22:25,ECONOMICA,AVION,1 escala (CGH) - 10:20,True,1,8999.0,8999.0,8999.0
2026-08-05 12:01:16,VUELO,2026-08-07,CGB,Cuiaba,EZE,Buenos Aires,LATAM AIRLINES GROUP,LA,3031 / 763 / 477,2026-08-07 11:05,2026-08-08 18:21,ECONOMICA,AVION,"2 escala (CGH, SCL) - 30:16",True,2,9036.0,9036.0,9036.0
2026-08-05 12:01:16,VUELO,2026-08-07,CGB,Cuiaba,LPB,La Paz,LATAM AIRLINES GROUP,LA,3031 / 8152 / 890,2026-08-07 11:05,2026-08-08 08:31,ECONOMICA,AVION,"2 escala (CGH, SCL) - 21:26",True,2,18940.0,18940.0,18940.0
2026-08-05 12:01:16,VUELO,2026-08-07,CGB,Cuiaba,LPB,La Paz,LATAM AIRLINES GROUP,LA,3031 / 761 / 890,2026-08-07 11:05,2026-08-08 08:31,ECONOMICA,AVION,"2 escala (CGH, SCL) - 21:26",True,2,18940.0,18940.0,18940.0
2026-08-05 12:01:16,VUELO,2026-08-07,CGB,Cuiaba,LPB,La Paz,LATAM AIRLINES GROUP,LA,3031 / 763 / 890,2026-08-07 11:05,2026-08-08 08:31,ECONOMICA,AVION,"2 escala (CGH, SCL) - 21:26",True,2,18940.0,18940.0,18940.0
2026-08-05 12:01:16,VUELO,2026-08-07,CGB,Cuiaba,LPB,La Paz,LATAM AIRLINES GROUP,LA,3031 / 8054 / 890,2026-08-07 11:05,2026-08-08 08:31,ECONOMICA,AVION,"2 escala (CGH, SCL) - 21:26",True,2,18940.0,18940.0,18940.0
2026-08-05 12:01:16,VUELO,2026-08-07,CGB,Cuiaba,LPB,La Paz,LATAM AIRLINES GROUP,LA,3031 / 2934 / 2400,2026-08-07 11:05,2026-08-09 03:55,ECONOMICA,AVION,"2 escala (CGH, LIM) - 40:50",True,2,20936.0,20936.0,20936.0
2026-08-05 12:01:16,VUELO,2026-08-07,CGB,Cuiaba,LPB,La Paz,LATAM AIRLINES GROUP,LA,3031 / 2395 / 2400,2026-08-07 11:05,2026-08-09 03:55,ECONOMICA,AVION,"2 escala (CGH, LIM) - 40:50",True,2,22859.0,22859.0,22859.0
2026-08-05 12:01:16,VUELO,2026-08-07,CGB,Cuiaba,MDZ,Mendoza,LATAM AIRLINES GROUP,LA,3031 / 8019,2026-08-07 11:05,2026-08-08 12:00,ECONOMICA,AVION,1 escala (CGH) - 23:55,True,1,9720.0,9720.0,9720.0
2026-08-05 12:01:16,VUELO,2026-08-07,CGB,Cuiaba,VVI,Santa Cruz,LATAM AIRLINES GROUP,LA,3031 / 761 / 890,2026-08-07 11:05,2026-08-08 10:29,ECONOMICA,AVION,"2 escala (CGH, SCL) - 23:24",True,2,19686.0,19686.0,19686.0
2026-08-05 12:01:16,VUELO,2026-08-07,CGB,Cuiaba,VVI,Santa Cruz,LATAM AIRLINES GROUP,LA,3031 / 8152 / 890,2026-08-07 11:05,2026-08-08 10:29,ECONOMICA,AVION,"2 escala (CGH, SCL) - 23:24",True,2,19686.0,19686.0,19686.0
2026-08-05 12:01:16,VUELO,2026-08-07,CGB,Cuiaba,VVI,Santa Cruz,LATAM AIRLINES GROUP,LA,3031 / 763 / 890,2026-08-07 11:05,2026-08-08 10:29,ECONOMICA,AVION,"2 escala (CGH, SCL) - 23:24",True,2,19686.0,19686.0,19686.0
2026-08-05 12:01:16,VUELO,2026-08-07,CGB,Cuiaba,VVI,Santa Cruz,LATAM AIRLINES GROUP,LA,3031 / 8054 / 890,2026-08-07 11:05,2026-08-08 10:29,ECONOMICA,AVION,"2 escala (CGH, SCL) - 23:24",True,2,19686.0,19686.0,19686.0
2026-08-05 12:01:16,VUELO,2026-08-07,CGB,Cuiaba,LPB,La Paz,AVIANCA,AV,2774 / 86 / 239,2026-08-07 15:20,2026-08-09 02:20,ECONOMICA,AVION,"2 escala (GRU, BOG) - 35:00",True,2,18505.0,18505.0,18505.0
2026-08-05 12:01:16,VUELO,2026-08-07,CGB,Cuiaba,COR,Cordoba,LATAM AIRLINES GROUP,LA,3621 / 763 / 492,2026-08-07 16:15,2026-08-08 12:34,ECONOMICA,AVION,"2 escala (GRU, SCL) - 19:19",True,2,7305.0,7305.0,7305.0
2026-08-05 12:01:16,VUELO,2026-08-07,CGB,Cuiaba,COR,Cordoba,LATAM AIRLINES GROUP,LA,3621 / 8281,2026-08-07 16:15,2026-08-08 16:25,ECONOMICA,AVION,1 escala (GRU) - 23:10,True,1,9708.0,9708.0,9708.0
2026-08-05 12:01:16,VUELO,2026-08-07,CGB,Cuiaba,COR,Cordoba,LATAM AIRLINES GROUP,LA,3621 / 8152 / 492,2026-08-07 16:15,2026-08-08 12:34,ECONOMICA,AVION,"2 escala (GRU, SCL) - 19:19",True,2,9841.0,9841.0,9841.0
2026-08-05 12:01:16,VUELO,2026-08-07,CGB,Cuiaba,EZE,Buenos Aires,LATAM AIRLINES GROUP,LA,3621 / 8130,2026-08-07 16:15,2026-08-08 01:05,ECONOMICA,AVION,1 escala (GRU) - 07:50,True,1,7953.0,7953.0,7953.0
2026-08-05 12:01:16,VUELO,2026-08-07,CGB,Cuiaba,EZE,Buenos Aires,LATAM AIRLINES GROUP,LA,3621 / 763 / 477,2026-08-07 16:15,2026-08-08 18:21,ECONOMICA,AVION,"2 escala (GRU, SCL) - 25:06",True,2,10238.0,10238.0,10238.0
2026-08-05 12:01:16,VUELO,2026-08-07,CGB,Cuiaba,EZE,Buenos Aires,LATAM AIRLINES GROUP,LA,3621 / 763 / 542,2026-08-07 16:15,2026-08-08 11:30,ECONOMICA,AVION,"2 escala (GRU, SCL) - 18:15",True,2,11909.0,11909.0,11909.0
2026-08-05 12:01:16,VUELO,2026-08-07,CGB,Cuiaba,EZE,Buenos Aires,LATAM AIRLINES GROUP,LA,3621 / 8152 / 542,2026-08-07 16:15,2026-08-08 11:30,ECONOMICA,AVION,"2 escala (GRU, SCL) - 18:15",True,2,11909.0,11909.0,11909.0
2026-08-05 12:01:16,VUELO,2026-08-07,CGB,Cuiaba,LPB,La Paz,LATAM AIRLINES GROUP,LA,3621 / 8152 / 890,2026-08-07 16:15,2026-08-08 08:31,ECONOMICA,AVION,"2 escala (GRU, SCL) - 16:16",True,2,18940.0,18940.0,18940.0
2026-08-05 12:01:16,VUELO,2026-08-07,CGB,Cuiaba,LPB,La Paz,LATAM AIRLINES GROUP,LA,3621 / 763 / 890,2026-08-07 16:15,2026-08-08 08:31,ECONOMICA,AVION,"2 escala (GRU, SCL) - 16:16",True,2,18940.0,18940.0,18940.0
2026-08-05 12:01:16,VUELO,2026-08-07,CGB,Cuiaba,LPB,La Paz,LATAM AIRLINES GROUP,LA,3621 / 2395 / 2400,2026-08-07 16:15,2026-08-09 03:55,ECONOMICA,AVION,"2 escala (GRU, LIM) - 35:40",True,2,20936.0,20936.0,20936.0
2026-08-05 12:01:16,VUELO,2026-08-07,CGB,Cuiaba,LPB,La Paz,LATAM AIRLINES GROUP,LA,3621 / 8098 / 2400,2026-08-07 16:15,2026-08-09 03:55,ECONOMICA,AVION,"2 escala (GRU, LIM) - 35:40",True,2,20936.0,20936.0,20936.0
2026-08-05 12:01:16,VUELO,2026-08-07,CGB,Cuiaba,LPB,La Paz,LATAM AIRLINES GROUP,LA,3621 / 2934 / 2400,2026-08-07 16:15,2026-08-09 03:55,ECONOMICA,AVION,"2 escala (GRU, LIM) - 35:40",True,2,20936.0,20936.0,20936.0
2026-08-05 12:01:16,VUELO,2026-08-07,CGB,Cuiaba,MDZ,Mendoza,LATAM AIRLINES GROUP,LA,3621 / 8019,2026-08-07 16:15,2026-08-08 12:00,ECONOMICA,AVION,1 escala (GRU) - 18:45,True,1,9720.0,9720.0,9720.0
2026-08-05 12:01:16,VUELO,2026-08-07,CGB,Cuiaba,MDZ,Mendoza,LATAM AIRLINES GROUP,LA,3621 / 763 / 434,2026-08-07 16:15,2026-08-08 11:06,ECONOMICA,AVION,"2 escala (GRU, SCL) - 17:51",True,2,9853.0,9853.0,9853.0
2026-08-05 12:01:16,VUELO,2026-08-07,CGB,Cuiaba,MDZ,Mendoza,LATAM AIRLINES GROUP,LA,3621 / 8152 / 434,2026-08-07 16:15,2026-08-08 11:06,ECONOMICA,AVION,"2 escala (GRU, SCL) - 17:51",True,2,9853.0,9853.0,9853.0
2026-08-05 12:01:16,VUELO,2026-08-07,CGB,Cuiaba,VVI,Santa Cruz,LATAM AIRLINES GROUP,LA,3621 / 8152 / 890,2026-08-07 16:15,2026-08-08 10:29,ECONOMICA,AVION,"2 escala (GRU, SCL) - 18:14",True,2,19686.0,19686.0,19686.0
2026-08-05 12:01:16,VUELO,2026-08-07,CGB,Cuiaba,VVI,Santa Cruz,LATAM AIRLINES GROUP,LA,3621 / 763 / 890,2026-08-07 16:15,2026-08-08 10:29,ECONOMICA,AVION,"2 escala (GRU, SCL) - 18:14",True,2,19686.0,19686.0,19686.0
2026-08-05 12:01:16,VUELO,2026-08-07,CGB,Cuiaba,LPB,La Paz,AVIANCA,AV,4339 / 160 / 239,2026-08-07 16:40,2026-08-09 02:20,ECONOMICA,AVION,"2 escala (VCP, BOG) - 33:40",True,2,18505.0,18505.0,18505.0
2026-08-05 12:01:16,VUELO,2026-08-07,CGB,Cuiaba,LPB,La Paz,AVIANCA,AV,4339 / 248 / 239,2026-08-07 16:40,2026-08-09 02:20,ECONOMICA,AVION,"2 escala (VCP, BOG) - 33:40",True,2,18505.0,18505.0,18505.0
2026-08-05 12:01:16,VUELO,2026-08-07,CGB,Cuiaba,COR,Cordoba,LATAM AIRLINES GROUP,LA,3113 / 3260 / 8281,2026-08-07 17:05,2026-08-08 16:25,ECONOMICA,AVION,"2 escala (BSB, GRU) - 22:20",True,2,9841.0,9841.0,9841.0
2026-08-05 12:01:16,VUELO,2026-08-07,CGB,Cuiaba,COR,Cordoba,LATAM AIRLINES GROUP,LA,3113 / 3657 / 8281,2026-08-07 17:05,2026-08-08 16:25,ECONOMICA,AVION,"2 escala (BSB, GRU) - 22:20",True,2,9841.0,9841.0,9841.0
2026-08-05 12:01:16,VUELO,2026-08-07,CGB,Cuiaba,COR,Cordoba,LATAM AIRLINES GROUP,LA,3113 / 3384 / 8281,2026-08-07 17:05,2026-08-08 16:25,ECONOMICA,AVION,"2 escala (BSB, VCP) - 22:20",True,2,9841.0,9841.0,9841.0
2026-08-05 12:01:16,VUELO,2026-08-07,CGB,Cuiaba,COR,Cordoba,LATAM AIRLINES GROUP,LA,3271 / 8281,2026-08-07 18:30,2026-08-08 16:25,ECONOMICA,AVION,1 escala (GRU) - 20:55,True,1,9708.0,9708.0,9708.0
2026-08-05 12:01:16,VUELO,2026-08-07,CGB,Cuiaba,COR,Cordoba,LATAM AIRLINES GROUP,LA,3271 / 8152 / 492,2026-08-07 18:30,2026-08-08 12:34,ECONOMICA,AVION,"2 escala (GRU, SCL) - 17:04",True,2,9841.0,9841.0,9841.0
2026-08-05 12:01:16,VUELO,2026-08-07,CGB,Cuiaba,EZE,Buenos Aires,APG AIRLINES,GP,8423 / 15,2026-08-07 18:30,2026-08-08 22:25,ECONOMICA,AVION,1 escala (GRU) - 26:55,True,1,5089.0,5089.0,5089.0
2026-08-05 12:01:16,VUELO,2026-08-07,CGB,Cuiaba,EZE,Buenos Aires,LATAM AIRLINES GROUP,LA,3271 / 3352 / 776,2026-08-07 18:30,2026-08-08 14:40,ECONOMICA,AVION,"2 escala (GRU, GIG) - 19:10",True,2,9659.0,9659.0,9659.0
2026-08-05 12:01:16,VUELO,2026-08-07,CGB,Cuiaba,EZE,Buenos Aires,LATAM AIRLINES GROUP,LA,3271 / 8152 / 542,2026-08-07 18:30,2026-08-08 11:30,ECONOMICA,AVION,"2 escala (GRU, SCL) - 16:00",True,2,11909.0,11909.0,11909.0
2026-08-05 12:01:16,VUELO,2026-08-07,CGB,Cuiaba,EZE,Buenos Aires,LATAM AIRLINES GROUP,LA,3271 / 8152 / 776,2026-08-07 18:30,2026-08-08 14:40,ECONOMICA,AVION,"2 escala (GRU, SCL) - 19:10",True,2,24494.0,24494.0,24494.0
2026-08-05 12:01:16,VUELO,2026-08-07,CGB,Cuiaba,LPB,La Paz,LATAM AIRLINES GROUP,LA,3271 / 8152 / 890,2026-08-07 18:30,2026-08-08 08:31,ECONOMICA,AVION,"2 escala (GRU, SCL) - 14:01",True,2,18940.0,18940.0,18940.0
2026-08-05 12:01:16,VUELO,2026-08-07,CGB,Cuiaba,LPB,La Paz,LATAM AIRLINES GROUP,LA,3271 / 2395 / 2400,2026-08-07 18:30,2026-08-09 03:55,ECONOMICA,AVION,"2 escala (GRU, LIM) - 33:25",True,2,20936.0,20936.0,20936.0
2026-08-05 12:01:16,VUELO,2026-08-07,CGB,Cuiaba,LPB,La Paz,LATAM AIRLINES GROUP,LA,3271 / 2429 / 2400,2026-08-07 18:30,2026-08-09 03:55,ECONOMICA,AVION,"2 escala (GRU, LIM) - 33:25",True,2,20936.0,20936.0,20936.0
2026-08-05 12:01:16,VUELO,2026-08-07,CGB,Cuiaba,MDZ,Mendoza,LATAM AIRLINES GROUP,LA,3271 / 8019,2026-08-07 18:30,2026-08-08 12:00,ECONOMICA,AVION,1 escala (GRU) - 16:30,True,1,9720.0,9720.0,9720.0
2026-08-05 12:01:16,VUELO,2026-08-07,CGB,Cuiaba,MDZ,Mendoza,LATAM AIRLINES GROUP,LA,3271 / 8152 / 434,2026-08-07 18:30,2026-08-08 11:06,ECONOMICA,AVION,"2 escala (GRU, SCL) - 15:36",True,2,9853.0,9853.0,9853.0
2026-08-05 12:01:16,VUELO,2026-08-07,CGB,Cuiaba,VVI,Santa Cruz,LATAM AIRLINES GROUP,LA,3271 / 8152 / 890,2026-08-07 18:30,2026-08-08 10:29,ECONOMICA,AVION,"2 escala (GRU, SCL) - 15:59",True,2,19686.0,19686.0,19686.0
2026-08-05 12:01:16,VUELO,2026-08-07,CGB,Cuiaba,LPB,La Paz,AVIANCA,AV,2983 / 248 / 239,2026-08-07 18:55,2026-08-09 02:20,ECONOMICA,AVION,"2 escala (VCP, BOG) - 31:25",True,2,16871.0,16871.0,16871.0
2026-08-05 12:01:16,VUELO,2026-08-07,CGB,Cuiaba,LPB,La Paz,AVIANCA,AV,2983 / 160 / 239,2026-08-07 18:55,2026-08-09 02:20,ECONOMICA,AVION,"2 escala (VCP, BOG) - 31:25",True,2,16871.0,16871.0,16871.0
2026-08-05 12:01:16,VUELO,2026-08-07,CIJ,Cobija,CBB,Cochabamba,BOLIVIANA DE AVIACION,OB,401 / 929,2026-08-07 10:10,2026-08-08 00:40,ECONOMICA,AVION,1 escala (LPB) - 14:30,True,1,1260.0,1260.0,1260.0
2026-08-05 12:01:16,VUELO,2026-08-07,CIJ,Cobija,CBB,Cochabamba,BOLIVIANA DE AVIACION,OB,401 / 629,2026-08-07 10:10,2026-08-08 00:20,ECONOMICA,AVION,1 escala (LPB) - 14:10,True,1,1310.0,1310.0,1310.0
2026-08-05 12:01:16,VUELO,2026-08-07,CIJ,Cobija,CBB,Cochabamba,BOLIVIANA DE AVIACION,OB,401 / 613,2026-08-07 10:10,2026-08-07 13:10,ECONOMICA,AVION,1 escala (LPB) - 03:00,True,1,1441.0,1441.0,1441.0
2026-08-05 12:01:16,VUELO,2026-08-07,CIJ,Cobija,CBB,Cochabamba,BOLIVIANA DE AVIACION,OB,401 / 619,2026-08-07 10:10,2026-08-07 18:45,ECONOMICA,AVION,1 escala (LPB) - 08:35,True,1,1503.0,1503.0,1503.0
2026-08-05 12:01:16,VUELO,2026-08-07,CIJ,Cobija,CBB,Cochabamba,BOLIVIANA DE AVIACION,OB,401 / 680 / 653,2026-08-07 10:10,2026-08-07 22:00,ECONOMICA,AVION,"2 escala (LPB, VVI) - 11:50",True,2,2329.0,2329.0,2329.0
2026-08-05 12:01:16,VUELO,2026-08-07,CIJ,Cobija,CBB,Cochabamba,BOLIVIANA DE AVIACION,OB,401 / 672 / 653,2026-08-07 10:10,2026-08-07 22:00,ECONOMICA,AVION,"2 escala (LPB, VVI) - 11:50",True,2,2344.0,2344.0,2344.0
2026-08-05 12:01:16,VUELO,2026-08-07,CIJ,Cobija,CBB,Cochabamba,BOLIVIANA DE AVIACION,OB,401 / 682 / 653,2026-08-07 10:10,2026-08-07 22:00,ECONOMICA,AVION,"2 escala (LPB, VVI) - 11:50",True,2,2430.0,2430.0,2430.0
2026-08-05 12:01:16,VUELO,2026-08-07,CIJ,Cobija,LPB,La Paz,BOLIVIANA DE AVIACION,OB,401,2026-08-07 10:10,2026-08-07 11:20,ECONOMICA,AVION,Directo (01:10),False,0,950.0,950.0,950.0
2026-08-05 12:01:16,VUELO,2026-08-07,CIJ,Cobija,ORU,Oruro,BOLIVIANA DE AVIACION,OB,401 / 613 / 324,2026-08-07 10:10,2026-08-07 14:40,ECONOMICA,AVION,"2 escala (LPB, CBB) - 04:30",True,2,1697.0,1697.0,1697.0
2026-08-05 12:01:16,VUELO,2026-08-07,CIJ,Cobija,SRE,Sucre,BOLIVIANA DE AVIACION,OB,401 / 929 / 572,2026-08-07 10:10,2026-08-08 09:00,ECONOMICA,AVION,"2 escala (LPB, CBB) - 22:50",True,2,1704.0,1704.0,1704.0
2026-08-05 12:01:16,VUELO,2026-08-07,CIJ,Cobija,SRE,Sucre,BOLIVIANA DE AVIACION,OB,401 / 619 / 578,2026-08-07 10:10,2026-08-07 20:30,ECONOMICA,AVION,"2 escala (LPB, CBB) - 10:20",True,2,1737.0,1737.0,1737.0
2026-08-05 12:01:16,VUELO,2026-08-07,CIJ,Cobija,SRE,Sucre,BOLIVIANA DE AVIACION,OB,401 / 603 / 572,2026-08-07 10:10,2026-08-08 09:00,ECONOMICA,AVION,"2 escala (LPB, CBB) - 22:50",True,2,1737.0,1737.0,1737.0
2026-08-05 12:01:16,VUELO,2026-08-07,CIJ,Cobija,SRE,Sucre,BOLIVIANA DE AVIACION,OB,401 / 629 / 572,2026-08-07 10:10,2026-08-08 09:00,ECONOMICA,AVION,"2 escala (LPB, CBB) - 22:50",True,2,1753.0,1753.0,1753.0
2026-08-05 12:01:16,VUELO,2026-08-07,CIJ,Cobija,SRE,Sucre,BOLIVIANA DE AVIACION,OB,401 / 613 / 578,2026-08-07 10:10,2026-08-07 20:30,ECONOMICA,AVION,"2 escala (LPB, CBB) - 10:20",True,2,1837.0,1837.0,1837.0
2026-08-05 12:01:16,VUELO,2026-08-07,CIJ,Cobija,SRE,Sucre,BOLIVIANA DE AVIACION,OB,401 / 613 / 572,2026-08-07 10:10,2026-08-08 09:00,ECONOMICA,AVION,"2 escala (LPB, CBB) - 22:50",True,2,1884.0,1884.0,1884.0
2026-08-05 12:01:16,VUELO,2026-08-07,CIJ,Cobija,SRE,Sucre,BOLIVIANA DE AVIACION,OB,401 / 619 / 572,2026-08-07 10:10,2026-08-08 09:00,ECONOMICA,AVION,"2 escala (LPB, CBB) - 22:50",True,2,1947.0,1947.0,1947.0
2026-08-05 12:01:16,VUELO,2026-08-07,CIJ,Cobija,TDD,Trinidad,BOLIVIANA DE AVIACION,OB,401 / 613 / 446,2026-08-07 10:10,2026-08-07 14:45,ECONOMICA,AVION,"2 escala (LPB, CBB) - 04:35",True,2,1441.0,1441.0,1441.0
2026-08-05 12:01:16,VUELO,2026-08-07,CIJ,Cobija,TJA,Tarija,BOLIVIANA DE AVIACION,OB,401 / 929 / 532,2026-08-07 10:10,2026-08-08 20:20,ECONOMICA,AVION,"2 escala (LPB, CBB) - 34:10",True,2,1826.0,1826.0,1826.0
2026-08-05 12:01:16,VUELO,2026-08-07,CIJ,Cobija,TJA,Tarija,BOLIVIANA DE AVIACION,OB,401 / 629 / 532,2026-08-07 10:10,2026-08-08 20:20,ECONOMICA,AVION,"2 escala (LPB, CBB) - 34:10",True,2,1875.0,1875.0,1875.0
2026-08-05 12:01:16,VUELO,2026-08-07,CIJ,Cobija,TJA,Tarija,BOLIVIANA DE AVIACION,OB,401 / 929 / 524,2026-08-07 10:10,2026-08-08 09:00,ECONOMICA,AVION,"2 escala (LPB, CBB) - 22:50",True,2,1904.0,1904.0,1904.0
2026-08-05 12:01:16,VUELO,2026-08-07,CIJ,Cobija,TJA,Tarija,BOLIVIANA DE AVIACION,OB,401 / 629 / 524,2026-08-07 10:10,2026-08-08 09:00,ECONOMICA,AVION,"2 escala (LPB, CBB) - 22:50",True,2,1953.0,1953.0,1953.0
2026-08-05 12:01:16,VUELO,2026-08-07,CIJ,Cobija,TJA,Tarija,BOLIVIANA DE AVIACION,OB,401 / 603 / 532,2026-08-07 10:10,2026-08-08 20:20,ECONOMICA,AVION,"2 escala (LPB, CBB) - 34:10",True,2,2068.0,2068.0,2068.0
2026-08-05 12:01:16,VUELO,2026-08-07,CIJ,Cobija,TJA,Tarija,BOLIVIANA DE AVIACION,OB,401 / 613 / 524,2026-08-07 10:10,2026-08-08 09:00,ECONOMICA,AVION,"2 escala (LPB, CBB) - 22:50",True,2,2084.0,2084.0,2084.0
2026-08-05 12:01:16,VUELO,2026-08-07,CIJ,Cobija,TJA,Tarija,BOLIVIANA DE AVIACION,OB,401 / 603 / 524,2026-08-07 10:10,2026-08-08 09:00,ECONOMICA,AVION,"2 escala (LPB, CBB) - 22:50",True,2,2107.0,2107.0,2107.0
2026-08-05 12:01:16,VUELO,2026-08-07,CIJ,Cobija,TJA,Tarija,BOLIVIANA DE AVIACION,OB,401 / 619 / 524,2026-08-07 10:10,2026-08-08 09:00,ECONOMICA,AVION,"2 escala (LPB, CBB) - 22:50",True,2,2147.0,2147.0,2147.0
2026-08-05 12:01:16,VUELO,2026-08-07,CIJ,Cobija,VVI,Santa Cruz,BOLIVIANA DE AVIACION,OB,401 / 684,2026-08-07 10:10,2026-08-07 22:45,ECONOMICA,AVION,1 escala (LPB) - 12:35,True,1,1543.0,1543.0,1543.0
2026-08-05 12:01:16,VUELO,2026-08-07,CIJ,Cobija,VVI,Santa Cruz,BOLIVIANA DE AVIACION,OB,401 / 688,2026-08-07 10:10,2026-08-07 23:40,ECONOMICA,AVION,1 escala (LPB) - 13:30,True,1,1543.0,1543.0,1543.0
2026-08-05 12:01:16,VUELO,2026-08-07,CIJ,Cobija,VVI,Santa Cruz,BOLIVIANA DE AVIACION,OB,401 / 672,2026-08-07 10:10,2026-08-07 13:10,ECONOMICA,AVION,1 escala (LPB) - 03:00,True,1,1631.0,1631.0,1631.0
2026-08-05 12:01:16,VUELO,2026-08-07,CIJ,Cobija,VVI,Santa Cruz,BOLIVIANA DE AVIACION,OB,401 / 680,2026-08-07 10:10,2026-08-07 16:45,ECONOMICA,AVION,1 escala (LPB) - 06:35,True,1,1631.0,1631.0,1631.0
2026-08-05 12:01:16,VUELO,2026-08-07,CIJ,Cobija,VVI,Santa Cruz,BOLIVIANA DE AVIACION,OB,401 / 682,2026-08-07 10:10,2026-08-07 20:15,ECONOMICA,AVION,1 escala (LPB) - 10:05,True,1,1733.0,1733.0,1733.0
2026-08-05 12:01:16,VUELO,2026-08-07,COR,Cordoba,VVI,Santa Cruz,AVIANCA,AV,138 / 167,2026-08-07 07:25,2026-08-08 02:30,ECONOMICA,AVION,1 escala (BOG) - 20:05,True,1,6258.0,6258.0,6258.0
2026-08-05 12:01:16,VUELO,2026-08-07,COR,Cordoba,VVI,Santa Cruz,LATAM AIRLINES GROUP,LA,1549 / 2381 / 2406,2026-08-07 07:40,2026-08-08 04:35,ECONOMICA,AVION,"2 escala (AEP, LIM) - 21:55",True,2,23162.0,23162.0,23162.0
2026-08-05 12:01:16,VUELO,2026-08-07,COR,Cordoba,LPB,La Paz,LATAM AIRLINES GROUP,LA,2365 / 2406 / 663,2026-08-07 07:45,2026-08-08 07:55,ECONOMICA,AVION,"2 escala (LIM, VVI) - 25:10",True,2,23365.0,23365.0,23365.0
2026-08-05 12:01:16,VUELO,2026-08-07,COR,Cordoba,LPB,La Paz,LATAM AIRLINES GROUP,LA,2365 / 2406 / 673,2026-08-07 07:45,2026-08-08 14:55,ECONOMICA,AVION,"2 escala (LIM, VVI) - 32:10",True,2,23380.0,23380.0,23380.0
2026-08-05 12:01:16,VUELO,2026-08-07,COR,Cordoba,LPB,La Paz,LATAM AIRLINES GROUP,LA,2365 / 641 / 890,2026-08-07 07:45,2026-08-08 08:31,ECONOMICA,AVION,"2 escala (LIM, SCL) - 25:46",True,2,27173.0,27173.0,27173.0
2026-08-05 12:01:16,VUELO,2026-08-07,COR,Cordoba,LPB,La Paz,LATAM AIRLINES GROUP,LA,2365 / 645 / 890,2026-08-07 07:45,2026-08-08 08:31,ECONOMICA,AVION,"2 escala (LIM, SCL) - 25:46",True,2,27173.0,27173.0,27173.0
2026-08-05 12:01:16,VUELO,2026-08-07,COR,Cordoba,LPB,La Paz,LATAM AIRLINES GROUP,LA,2365 / 2371 / 890,2026-08-07 07:45,2026-08-08 08:31,ECONOMICA,AVION,"2 escala (LIM, SCL) - 25:46",True,2,27173.0,27173.0,27173.0
2026-08-05 12:01:16,VUELO,2026-08-07,COR,Cordoba,LPB,La Paz,LATAM AIRLINES GROUP,LA,2365 / 651 / 890,2026-08-07 07:45,2026-08-08 08:31,ECONOMICA,AVION,"2 escala (LIM, SCL) - 25:46",True,2,27474.0,27474.0,27474.0
2026-08-05 12:01:16,VUELO,2026-08-07,COR,Cordoba,LPB,La Paz,LATAM AIRLINES GROUP,LA,2365 / 2413 / 890,2026-08-07 07:45,2026-08-08 08:31,ECONOMICA,AVION,"2 escala (LIM, SCL) - 25:46",True,2,27474.0,27474.0,27474.0
2026-08-05 12:01:16,VUELO,2026-08-07,COR,Cordoba,VVI,Santa Cruz,LATAM AIRLINES GROUP,LA,2365 / 2406,2026-08-07 07:45,2026-08-08 04:35,ECONOMICA,AVION,1 escala (LIM) - 21:50,True,1,20651.0,20651.0,20651.0
2026-08-05 12:01:16,VUELO,2026-08-07,COR,Cordoba,VVI,Santa Cruz,LATAM AIRLINES GROUP,LA,2365 / 641 / 890,2026-08-07 07:45,2026-08-08 10:29,ECONOMICA,AVION,"2 escala (LIM, SCL) - 27:44",True,2,27970.0,27970.0,27970.0
2026-08-05 12:01:16,VUELO,2026-08-07,COR,Cordoba,VVI,Santa Cruz,LATAM AIRLINES GROUP,LA,2365 / 645 / 890,2026-08-07 07:45,2026-08-08 10:29,ECONOMICA,AVION,"2 escala (LIM, SCL) - 27:44",True,2,27970.0,27970.0,27970.0
2026-08-05 12:01:16,VUELO,2026-08-07,COR,Cordoba,VVI,Santa Cruz,LATAM AIRLINES GROUP,LA,2365 / 2371 / 890,2026-08-07 07:45,2026-08-08 10:29,ECONOMICA,AVION,"2 escala (LIM, SCL) - 27:44",True,2,27970.0,27970.0,27970.0
2026-08-05 12:01:16,VUELO,2026-08-07,COR,Cordoba,VVI,Santa Cruz,LATAM AIRLINES GROUP,LA,2365 / 651 / 890,2026-08-07 07:45,2026-08-08 10:29,ECONOMICA,AVION,"2 escala (LIM, SCL) - 27:44",True,2,28271.0,28271.0,28271.0
2026-08-05 12:01:16,VUELO,2026-08-07,COR,Cordoba,VVI,Santa Cruz,LATAM AIRLINES GROUP,LA,2365 / 2413 / 890,2026-08-07 07:45,2026-08-08 10:29,ECONOMICA,AVION,"2 escala (LIM, SCL) - 27:44",True,2,28271.0,28271.0,28271.0
2026-08-05 12:01:16,VUELO,2026-08-07,COR,Cordoba,VVI,Santa Cruz,LATAM AIRLINES GROUP,LA,1523 / 2368 / 2406,2026-08-07 09:10,2026-08-08 04:35,ECONOMICA,AVION,"2 escala (AEP, LIM) - 20:25",True,2,23162.0,23162.0,23162.0
2026-08-05 12:01:16,VUELO,2026-08-07,COR,Cordoba,VVI,Santa Cruz,LATAM AIRLINES GROUP,LA,1523 / 2381 / 2406,2026-08-07 09:10,2026-08-08 04:35,ECONOMICA,AVION,"2 escala (AEP, LIM) - 20:25",True,2,23162.0,23162.0,23162.0
2026-08-05 12:01:16,VUELO,2026-08-07,COR,Cordoba,VVI,Santa Cruz,LATAM AIRLINES GROUP,LA,1525 / 2368 / 2406,2026-08-07 10:45,2026-08-08 04:35,ECONOMICA,AVION,"2 escala (AEP, LIM) - 18:50",True,2,23162.0,23162.0,23162.0
2026-08-05 12:01:16,VUELO,2026-08-07,COR,Cordoba,VVI,Santa Cruz,LATAM AIRLINES GROUP,LA,1525 / 2381 / 2406,2026-08-07 10:45,2026-08-08 04:35,ECONOMICA,AVION,"2 escala (AEP, LIM) - 18:50",True,2,23162.0,23162.0,23162.0
2026-08-05 12:01:16,VUELO,2026-08-07,COR,Cordoba,CGB,Cuiaba,LATAM AIRLINES GROUP,LA,8049 / 3010 / 3112,2026-08-07 12:35,2026-08-08 16:15,ECONOMICA,AVION,"2 escala (GRU, BSB) - 28:40",True,2,7631.0,7631.0,7631.0
2026-08-05 12:01:16,VUELO,2026-08-07,COR,Cordoba,CGB,Cuiaba,LATAM AIRLINES GROUP,LA,8049 / 3581 / 3112,2026-08-07 12:35,2026-08-08 16:15,ECONOMICA,AVION,"2 escala (GRU, BSB) - 28:40",True,2,7631.0,7631.0,7631.0
2026-08-05 12:01:16,VUELO,2026-08-07,COR,Cordoba,CGB,Cuiaba,LATAM AIRLINES GROUP,LA,8049 / 3620,2026-08-07 12:35,2026-08-08 15:30,ECONOMICA,AVION,1 escala (GRU) - 27:55,True,1,8103.0,8103.0,8103.0
2026-08-05 12:01:16,VUELO,2026-08-07,COR,Cordoba,CGB,Cuiaba,LATAM AIRLINES GROUP,LA,8049 / 3801,2026-08-07 12:35,2026-08-07 21:55,ECONOMICA,AVION,1 escala (GRU) - 10:20,True,1,8952.0,8952.0,8952.0
2026-08-05 12:01:16,VUELO,2026-08-07,COR,Cordoba,CGB,Cuiaba,LATAM AIRLINES GROUP,LA,8049 / 3868,2026-08-07 12:35,2026-08-07 23:05,ECONOMICA,AVION,1 escala (GRU) - 11:30,True,1,9019.0,9019.0,9019.0
2026-08-05 12:01:16,VUELO,2026-08-07,COR,Cordoba,CGB,Cuiaba,LATAM AIRLINES GROUP,LA,8049 / 3529 / 3894,2026-08-07 12:35,2026-08-07 21:55,ECONOMICA,AVION,"2 escala (GRU, BSB) - 10:20",True,2,9094.0,9094.0,9094.0
2026-08-05 12:01:16,VUELO,2026-08-07,COR,Cordoba,CGB,Cuiaba,LATAM AIRLINES GROUP,LA,8049 / 3012 / 3390,2026-08-07 12:35,2026-08-08 09:25,ECONOMICA,AVION,"2 escala (GRU, BSB) - 21:50",True,2,9161.0,9161.0,9161.0
2026-08-05 12:01:16,VUELO,2026-08-07,COR,Cordoba,LPB,La Paz,LATAM AIRLINES GROUP,LA,8049 / 2395 / 2400,2026-08-07 12:35,2026-08-09 03:55,ECONOMICA,AVION,"2 escala (GRU, LIM) - 40:20",True,2,21849.0,21849.0,21849.0
2026-08-05 12:01:16,VUELO,2026-08-07,COR,Cordoba,LPB,La Paz,LATAM AIRLINES GROUP,LA,8049 / 2429 / 2400,2026-08-07 12:35,2026-08-09 03:55,ECONOMICA,AVION,"2 escala (GRU, LIM) - 40:20",True,2,21849.0,21849.0,21849.0
2026-08-05 12:01:16,VUELO,2026-08-07,COR,Cordoba,LPB,La Paz,LATAM AIRLINES GROUP,LA,8049 / 2934 / 2400,2026-08-07 12:35,2026-08-09 03:55,ECONOMICA,AVION,"2 escala (GRU, LIM) - 40:20",True,2,21849.0,21849.0,21849.0
2026-08-05 12:01:16,VUELO,2026-08-07,COR,Cordoba,LPB,La Paz,LATAM AIRLINES GROUP,LA,8049 / 8098 / 2400,2026-08-07 12:35,2026-08-09 03:55,ECONOMICA,AVION,"2 escala (GRU, LIM) - 40:20",True,2,21849.0,21849.0,21849.0
2026-08-05 12:01:16,VUELO,2026-08-07,COR,Cordoba,LPB,La Paz,LATAM AIRLINES GROUP,LA,8049 / 749 / 890,2026-08-07 12:35,2026-08-08 08:31,ECONOMICA,AVION,"2 escala (GRU, SCL) - 20:56",True,2,22864.0,22864.0,22864.0
2026-08-05 12:01:16,VUELO,2026-08-07,COR,Cordoba,LPB,La Paz,LATAM AIRLINES GROUP,LA,8049 / 751 / 890,2026-08-07 12:35,2026-08-08 08:31,ECONOMICA,AVION,"2 escala (GRU, SCL) - 20:56",True,2,22864.0,22864.0,22864.0
2026-08-05 12:01:16,VUELO,2026-08-07,COR,Cordoba,LPB,La Paz,LATAM AIRLINES GROUP,LA,8049 / 761 / 890,2026-08-07 12:35,2026-08-08 08:31,ECONOMICA,AVION,"2 escala (GRU, SCL) - 20:56",True,2,22864.0,22864.0,22864.0
2026-08-05 12:01:16,VUELO,2026-08-07,COR,Cordoba,LPB,La Paz,LATAM AIRLINES GROUP,LA,8049 / 763 / 890,2026-08-07 12:35,2026-08-08 08:31,ECONOMICA,AVION,"2 escala (GRU, SCL) - 20:56",True,2,22864.0,22864.0,22864.0
2026-08-05 12:01:16,VUELO,2026-08-07,COR,Cordoba,LPB,La Paz,LATAM AIRLINES GROUP,LA,8049 / 8054 / 890,2026-08-07 12:35,2026-08-08 08:31,ECONOMICA,AVION,"2 escala (GRU, SCL) - 20:56",True,2,22864.0,22864.0,22864.0
2026-08-05 12:01:16,VUELO,2026-08-07,COR,Cordoba,LPB,La Paz,LATAM AIRLINES GROUP,LA,8049 / 8152 / 890,2026-08-07 12:35,2026-08-08 08:31,ECONOMICA,AVION,"2 escala (GRU, SCL) - 20:56",True,2,22864.0,22864.0,22864.0
2026-08-05 12:01:16,VUELO,2026-08-07,COR,Cordoba,CBB,Cochabamba,LATAM AIRLINES GROUP,LA,487 / 890 / 613,2026-08-07 21:11,2026-08-08 13:10,ECONOMICA,AVION,"2 escala (SCL, LPB) - 16:59",True,2,17076.0,17076.0,17076.0
2026-08-05 12:01:16,VUELO,2026-08-07,COR,Cordoba,CBB,Cochabamba,LATAM AIRLINES GROUP,LA,487 / 890 / 651,2026-08-07 21:11,2026-08-08 19:05,ECONOMICA,AVION,"2 escala (SCL, VVI) - 22:54",True,2,17076.0,17076.0,17076.0
2026-08-05 12:01:16,VUELO,2026-08-07,COR,Cordoba,CBB,Cochabamba,LATAM AIRLINES GROUP,LA,487 / 890 / 619,2026-08-07 21:11,2026-08-08 18:45,ECONOMICA,AVION,"2 escala (SCL, LPB) - 22:34",True,2,17091.0,17091.0,17091.0
2026-08-05 12:01:16,VUELO,2026-08-07,COR,Cordoba,CBB,Cochabamba,LATAM AIRLINES GROUP,LA,487 / 890 / 921,2026-08-07 21:11,2026-08-08 19:50,ECONOMICA,AVION,"2 escala (SCL, LPB) - 23:39",True,2,17091.0,17091.0,17091.0
2026-08-05 12:01:16,VUELO,2026-08-07,COR,Cordoba,CGB,Cuiaba,LATAM AIRLINES GROUP,LA,487 / 762 / 3566,2026-08-07 21:11,2026-08-09 01:05,ECONOMICA,AVION,"2 escala (SCL, GRU) - 28:54",True,2,7564.0,7564.0,7564.0
2026-08-05 12:01:16,VUELO,2026-08-07,COR,Cordoba,CGB,Cuiaba,LATAM AIRLINES GROUP,LA,487 / 8055 / 3566,2026-08-07 21:11,2026-08-09 01:05,ECONOMICA,AVION,"2 escala (SCL, GRU) - 28:54",True,2,7564.0,7564.0,7564.0
2026-08-05 12:01:16,VUELO,2026-08-07,COR,Cordoba,CGB,Cuiaba,LATAM AIRLINES GROUP,LA,487 / 8153 / 3566,2026-08-07 21:11,2026-08-09 01:05,ECONOMICA,AVION,"2 escala (SCL, GRU) - 28:54",True,2,7564.0,7564.0,7564.0
2026-08-05 12:01:16,VUELO,2026-08-07,COR,Cordoba,CGB,Cuiaba,LATAM AIRLINES GROUP,LA,487 / 8055 / 4655,2026-08-07 21:11,2026-08-08 19:00,ECONOMICA,AVION,"2 escala (SCL, GRU) - 22:49",True,2,7631.0,7631.0,7631.0
2026-08-05 12:01:16,VUELO,2026-08-07,COR,Cordoba,CGB,Cuiaba,LATAM AIRLINES GROUP,LA,487 / 8153 / 4655,2026-08-07 21:11,2026-08-08 19:00,ECONOMICA,AVION,"2 escala (SCL, GRU) - 22:49",True,2,7631.0,7631.0,7631.0
2026-08-05 12:01:16,VUELO,2026-08-07,COR,Cordoba,CGB,Cuiaba,LATAM AIRLINES GROUP,LA,487 / 748 / 3566,2026-08-07 21:11,2026-08-09 01:05,ECONOMICA,AVION,"2 escala (SCL, GRU) - 28:54",True,2,7929.0,7929.0,7929.0
2026-08-05 12:01:16,VUELO,2026-08-07,COR,Cordoba,CGB,Cuiaba,LATAM AIRLINES GROUP,LA,487 / 750 / 3566,2026-08-07 21:11,2026-08-09 01:05,ECONOMICA,AVION,"2 escala (SCL, GRU) - 28:54",True,2,7929.0,7929.0,7929.0
2026-08-05 12:01:16,VUELO,2026-08-07,COR,Cordoba,CGB,Cuiaba,LATAM AIRLINES GROUP,LA,487 / 756 / 3030,2026-08-07 21:11,2026-08-09 14:50,ECONOMICA,AVION,"2 escala (SCL, GRU) - 42:39",True,2,7996.0,7996.0,7996.0
2026-08-05 12:01:16,VUELO,2026-08-07,COR,Cordoba,CGB,Cuiaba,LATAM AIRLINES GROUP,LA,487 / 8055 / 3620,2026-08-07 21:11,2026-08-08 15:30,ECONOMICA,AVION,"2 escala (SCL, GRU) - 19:19",True,2,8245.0,8245.0,8245.0
2026-08-05 12:01:16,VUELO,2026-08-07,COR,Cordoba,CGB,Cuiaba,LATAM AIRLINES GROUP,LA,487 / 8153 / 3620,2026-08-07 21:11,2026-08-08 15:30,ECONOMICA,AVION,"2 escala (SCL, GRU) - 19:19",True,2,8245.0,8245.0,8245.0
2026-08-05 12:01:16,VUELO,2026-08-07,COR,Cordoba,CGB,Cuiaba,LATAM AIRLINES GROUP,LA,487 / 750 / 3030,2026-08-07 21:11,2026-08-09 14:50,ECONOMICA,AVION,"2 escala (SCL, GRU) - 42:39",True,2,8253.0,8253.0,8253.0
2026-08-05 12:01:16,VUELO,2026-08-07,COR,Cordoba,CGB,Cuiaba,LATAM AIRLINES GROUP,LA,487 / 613 / 3030,2026-08-07 21:11,2026-08-09 14:50,ECONOMICA,AVION,"2 escala (SCL, GRU) - 42:39",True,2,9783.0,9783.0,9783.0
2026-08-05 12:01:16,VUELO,2026-08-07,COR,Cordoba,LPB,La Paz,LATAM AIRLINES GROUP,LA,487 / 890,2026-08-07 21:11,2026-08-08 08:31,ECONOMICA,AVION,1 escala (SCL) - 12:20,True,1,10439.0,10439.0,10439.0
2026-08-05 12:01:16,VUELO,2026-08-07,COR,Cordoba,LPB,La Paz,LATAM AIRLINES GROUP,LA,487 / 650 / 2400,2026-08-07 21:11,2026-08-09 03:55,ECONOMICA,AVION,"2 escala (SCL, LIM) - 31:44",True,2,13965.0,13965.0,13965.0
2026-08-05 12:01:16,VUELO,2026-08-07,COR,Cordoba,LPB,La Paz,LATAM AIRLINES GROUP,LA,487 / 2370 / 2400,2026-08-07 21:11,2026-08-09 03:55,ECONOMICA,AVION,"2 escala (SCL, LIM) - 31:44",True,2,13965.0,13965.0,13965.0
2026-08-05 12:01:16,VUELO,2026-08-07,COR,Cordoba,LPB,La Paz,LATAM AIRLINES GROUP,LA,487 / 2378 / 2400,2026-08-07 21:11,2026-08-09 03:55,ECONOMICA,AVION,"2 escala (SCL, LIM) - 31:44",True,2,13965.0,13965.0,13965.0
2026-08-05 12:01:16,VUELO,2026-08-07,COR,Cordoba,LPB,La Paz,LATAM AIRLINES GROUP,LA,487 / 2412 / 2400,2026-08-07 21:11,2026-08-09 03:55,ECONOMICA,AVION,"2 escala (SCL, LIM) - 31:44",True,2,14149.0,14149.0,14149.0
2026-08-05 12:01:16,VUELO,2026-08-07,COR,Cordoba,LPB,La Paz,LATAM AIRLINES GROUP,LA,487 / 2696 / 2400,2026-08-07 21:11,2026-08-09 03:55,ECONOMICA,AVION,"2 escala (SCL, LIM) - 31:44",True,2,14149.0,14149.0,14149.0
2026-08-05 12:01:16,VUELO,2026-08-07,COR,Cordoba,LPB,La Paz,LATAM AIRLINES GROUP,LA,487 / 520 / 2400,2026-08-07 21:11,2026-08-09 03:55,ECONOMICA,AVION,"2 escala (SCL, LIM) - 31:44",True,2,14266.0,14266.0,14266.0
2026-08-05 12:01:16,VUELO,2026-08-07,COR,Cordoba,LPB,La Paz,LATAM AIRLINES GROUP,LA,487 / 522 / 2400,2026-08-07 21:11,2026-08-09 03:55,ECONOMICA,AVION,"2 escala (SCL, LIM) - 31:44",True,2,14266.0,14266.0,14266.0
2026-08-05 12:01:16,VUELO,2026-08-07,COR,Cordoba,LPB,La Paz,LATAM AIRLINES GROUP,LA,487 / 640 / 2400,2026-08-07 21:11,2026-08-09 03:55,ECONOMICA,AVION,"2 escala (SCL, LIM) - 31:44",True,2,14266.0,14266.0,14266.0
2026-08-05 12:01:16,VUELO,2026-08-07,COR,Cordoba,LPB,La Paz,LATAM AIRLINES GROUP,LA,487 / 644 / 2400,2026-08-07 21:11,2026-08-09 03:55,ECONOMICA,AVION,"2 escala (SCL, LIM) - 31:44",True,2,14266.0,14266.0,14266.0
2026-08-05 12:01:16,VUELO,2026-08-07,COR,Cordoba,VVI,Santa Cruz,LATAM AIRLINES GROUP,LA,487 / 890,2026-08-07 21:11,2026-08-08 10:29,ECONOMICA,AVION,1 escala (SCL) - 14:18,True,1,10838.0,10838.0,10838.0
2026-08-05 12:01:16,VUELO,2026-08-07,EZE,Buenos Aires,CGB,Cuiaba,LATAM AIRLINES GROUP,LA,8131 / 3609 / 3112,2026-08-07 02:20,2026-08-07 16:15,ECONOMICA,AVION,"2 escala (GRU, BSB) - 14:55",True,2,9843.0,9843.0,9843.0
2026-08-05 12:01:16,VUELO,2026-08-07,EZE,Buenos Aires,CGB,Cuiaba,LATAM AIRLINES GROUP,LA,8131 / 3638,2026-08-07 02:20,2026-08-07 08:25,ECONOMICA,AVION,1 escala (GRU) - 07:05,True,1,11319.0,11319.0,11319.0
2026-08-05 12:01:16,VUELO,2026-08-07,EZE,Buenos Aires,CGB,Cuiaba,LATAM AIRLINES GROUP,LA,8131 / 3006 / 3112,2026-08-07 02:20,2026-08-07 16:15,ECONOMICA,AVION,"2 escala (GRU, BSB) - 14:55",True,2,11528.0,11528.0,11528.0
2026-08-05 12:01:16,VUELO,2026-08-07,EZE,Buenos Aires,CGB,Cuiaba,LATAM AIRLINES GROUP,LA,8131 / 4700 / 3112,2026-08-07 02:20,2026-08-07 16:15,ECONOMICA,AVION,"2 escala (GRU, BSB) - 14:55",True,2,11528.0,11528.0,11528.0
2026-08-05 12:01:16,VUELO,2026-08-07,EZE,Buenos Aires,CBB,Cochabamba,BOLIVIANA DE AVIACION,OB,701 / 653,2026-08-07 02:50,2026-08-07 22:00,ECONOMICA,AVION,1 escala (VVI) - 20:10,True,1,3700.0,3700.0,3700.0
2026-08-05 12:01:16,VUELO,2026-08-07,EZE,Buenos Aires,CBB,Cochabamba,BOLIVIANA DE AVIACION,OB,701 / 659,2026-08-07 02:50,2026-08-08 00:30,ECONOMICA,AVION,1 escala (VVI) - 22:40,True,1,3700.0,3700.0,3700.0
2026-08-05 12:01:16,VUELO,2026-08-07,EZE,Buenos Aires,LPB,La Paz,BOLIVIANA DE AVIACION,OB,701 / 663,2026-08-07 02:50,2026-08-07 07:55,ECONOMICA,AVION,1 escala (VVI) - 06:05,True,1,3969.0,3969.0,3969.0
2026-08-05 12:01:16,VUELO,2026-08-07,EZE,Buenos Aires,LPB,La Paz,BOLIVIANA DE AVIACION,OB,701 / 673,2026-08-07 02:50,2026-08-07 14:55,ECONOMICA,AVION,1 escala (VVI) - 13:05,True,1,3984.0,3984.0,3984.0
2026-08-05 12:01:16,VUELO,2026-08-07,EZE,Buenos Aires,LPB,La Paz,BOLIVIANA DE AVIACION,OB,701 / 677,2026-08-07 02:50,2026-08-07 18:25,ECONOMICA,AVION,1 escala (VVI) - 16:35,True,1,3984.0,3984.0,3984.0
2026-08-05 12:01:16,VUELO,2026-08-07,EZE,Buenos Aires,LPB,La Paz,BOLIVIANA DE AVIACION,OB,701 / 681,2026-08-07 02:50,2026-08-07 21:00,ECONOMICA,AVION,1 escala (VVI) - 19:10,True,1,3984.0,3984.0,3984.0
2026-08-05 12:01:16,VUELO,2026-08-07,EZE,Buenos Aires,LPB,La Paz,BOLIVIANA DE AVIACION,OB,701 / 683,2026-08-07 02:50,2026-08-07 21:55,ECONOMICA,AVION,1 escala (VVI) - 20:05,True,1,3984.0,3984.0,3984.0
2026-08-05 12:01:16,VUELO,2026-08-07,EZE,Buenos Aires,LPB,La Paz,BOLIVIANA DE AVIACION,OB,701 / 689,2026-08-07 02:50,2026-08-08 00:25,ECONOMICA,AVION,1 escala (VVI) - 22:35,True,1,3984.0,3984.0,3984.0
2026-08-05 12:01:16,VUELO,2026-08-07,EZE,Buenos Aires,LPB,La Paz,BOLIVIANA DE AVIACION,OB,701 / 653 / 924,2026-08-07 02:50,2026-08-07 23:20,ECONOMICA,AVION,"2 escala (VVI, CBB) - 21:30",True,2,3984.0,3984.0,3984.0
2026-08-05 12:01:16,VUELO,2026-08-07,EZE,Buenos Aires,LPB,La Paz,BOLIVIANA DE AVIACION,OB,701 / 653 / 600,2026-08-07 02:50,2026-08-08 06:00,ECONOMICA,AVION,"2 escala (VVI, CBB) - 28:10",True,2,3984.0,3984.0,3984.0
2026-08-05 12:01:16,VUELO,2026-08-07,EZE,Buenos Aires,LPB,La Paz,BOLIVIANA DE AVIACION,OB,701 / 659 / 600,2026-08-07 02:50,2026-08-08 06:00,ECONOMICA,AVION,"2 escala (VVI, CBB) - 28:10",True,2,3984.0,3984.0,3984.0
2026-08-05 12:01:16,VUELO,2026-08-07,EZE,Buenos Aires,SRE,Sucre,BOLIVIANA DE AVIACION,OB,701 / 659 / 572,2026-08-07 02:50,2026-08-08 09:00,ECONOMICA,AVION,"2 escala (VVI, CBB) - 31:10",True,2,4241.0,4241.0,4241.0
2026-08-05 12:01:16,VUELO,2026-08-07,EZE,Buenos Aires,SRE,Sucre,BOLIVIANA DE AVIACION,OB,701 / 653 / 572,2026-08-07 02:50,2026-08-08 09:00,ECONOMICA,AVION,"2 escala (VVI, CBB) - 31:10",True,2,4256.0,4256.0,4256.0
2026-08-05 12:01:16,VUELO,2026-08-07,EZE,Buenos Aires,TJA,Tarija,BOLIVIANA DE AVIACION,OB,701 / 659 / 524,2026-08-07 02:50,2026-08-08 09:00,ECONOMICA,AVION,"2 escala (VVI, CBB) - 31:10",True,2,4241.0,4241.0,4241.0
2026-08-05 12:01:16,VUELO,2026-08-07,EZE,Buenos Aires,TJA,Tarija,BOLIVIANA DE AVIACION,OB,701 / 653 / 524,2026-08-07 02:50,2026-08-08 09:00,ECONOMICA,AVION,"2 escala (VVI, CBB) - 31:10",True,2,4256.0,4256.0,4256.0
2026-08-05 12:01:16,VUELO,2026-08-07,EZE,Buenos Aires,VVI,Santa Cruz,BOLIVIANA DE AVIACION,OB,701,2026-08-07 02:50,2026-08-07 04:50,ECONOMICA,AVION,Directo (03:00),False,0,3300.0,3300.0,3300.0
2026-08-05 12:01:16,VUELO,2026-08-07,EZE,Buenos Aires,CBB,Cochabamba,LATAM AIRLINES GROUP,LA,543 / 890 / 613,2026-08-07 12:15,2026-08-08 13:10,ECONOMICA,AVION,"2 escala (SCL, LPB) - 25:55",True,2,21094.0,21094.0,21094.0
2026-08-05 12:01:16,VUELO,2026-08-07,EZE,Buenos Aires,CGB,Cuiaba,LATAM AIRLINES GROUP,LA,543 / 613 / 3566,2026-08-07 12:15,2026-08-08 01:05,ECONOMICA,AVION,"2 escala (SCL, GRU) - 13:50",True,2,13968.0,13968.0,13968.0
2026-08-05 12:01:16,VUELO,2026-08-07,EZE,Buenos Aires,CGB,Cuiaba,LATAM AIRLINES GROUP,LA,543 / 714 / 3566,2026-08-07 12:15,2026-08-08 01:05,ECONOMICA,AVION,"2 escala (SCL, GRU) - 13:50",True,2,13968.0,13968.0,13968.0
2026-08-05 12:01:16,VUELO,2026-08-07,EZE,Buenos Aires,LPB,La Paz,LATAM AIRLINES GROUP,LA,543 / 890,2026-08-07 12:15,2026-08-08 08:31,ECONOMICA,AVION,1 escala (SCL) - 21:16,True,1,11139.0,11139.0,11139.0
2026-08-05 12:01:16,VUELO,2026-08-07,EZE,Buenos Aires,CBB,Cochabamba,BOLIVIANA DE AVIACION,OB,709 / 653,2026-08-07 14:55,2026-08-07 22:00,ECONOMICA,AVION,1 escala (VVI) - 08:05,True,1,3685.0,3685.0,3685.0
2026-08-05 12:01:16,VUELO,2026-08-07,EZE,Buenos Aires,CBB,Cochabamba,BOLIVIANA DE AVIACION,OB,709 / 659,2026-08-07 14:55,2026-08-08 00:30,ECONOMICA,AVION,1 escala (VVI) - 10:35,True,1,3685.0,3685.0,3685.0
2026-08-05 12:01:16,VUELO,2026-08-07,EZE,Buenos Aires,CBB,Cochabamba,BOLIVIANA DE AVIACION,OB,709 / 631,2026-08-07 14:55,2026-08-08 06:20,ECONOMICA,AVION,1 escala (VVI) - 16:25,True,1,3700.0,3700.0,3700.0
2026-08-05 12:01:16,VUELO,2026-08-07,EZE,Buenos Aires,LPB,La Paz,BOLIVIANA DE AVIACION,OB,709 / 681,2026-08-07 14:55,2026-08-07 21:00,ECONOMICA,AVION,1 escala (VVI) - 07:05,True,1,3969.0,3969.0,3969.0
2026-08-05 12:01:16,VUELO,2026-08-07,EZE,Buenos Aires,LPB,La Paz,BOLIVIANA DE AVIACION,OB,709 / 683,2026-08-07 14:55,2026-08-07 21:55,ECONOMICA,AVION,1 escala (VVI) - 08:00,True,1,3969.0,3969.0,3969.0
2026-08-05 12:01:16,VUELO,2026-08-07,EZE,Buenos Aires,LPB,La Paz,BOLIVIANA DE AVIACION,OB,709 / 689,2026-08-07 14:55,2026-08-08 00:25,ECONOMICA,AVION,1 escala (VVI) - 10:30,True,1,3969.0,3969.0,3969.0
2026-08-05 12:01:16,VUELO,2026-08-07,EZE,Buenos Aires,LPB,La Paz,BOLIVIANA DE AVIACION,OB,709 / 653 / 924,2026-08-07 14:55,2026-08-07 23:20,ECONOMICA,AVION,"2 escala (VVI, CBB) - 09:25",True,2,3969.0,3969.0,3969.0
2026-08-05 12:01:16,VUELO,2026-08-07,EZE,Buenos Aires,LPB,La Paz,BOLIVIANA DE AVIACION,OB,709 / 653 / 600,2026-08-07 14:55,2026-08-08 06:00,ECONOMICA,AVION,"2 escala (VVI, CBB) - 16:05",True,2,3969.0,3969.0,3969.0
2026-08-05 12:01:16,VUELO,2026-08-07,EZE,Buenos Aires,LPB,La Paz,BOLIVIANA DE AVIACION,OB,709 / 659 / 600,2026-08-07 14:55,2026-08-08 06:00,ECONOMICA,AVION,"2 escala (VVI, CBB) - 16:05",True,2,3969.0,3969.0,3969.0
2026-08-05 12:01:16,VUELO,2026-08-07,EZE,Buenos Aires,LPB,La Paz,BOLIVIANA DE AVIACION,OB,709 / 961,2026-08-07 14:55,2026-08-08 06:25,ECONOMICA,AVION,1 escala (VVI) - 16:30,True,1,3984.0,3984.0,3984.0
2026-08-05 12:01:16,VUELO,2026-08-07,EZE,Buenos Aires,LPB,La Paz,BOLIVIANA DE AVIACION,OB,709 / 661,2026-08-07 14:55,2026-08-08 06:40,ECONOMICA,AVION,1 escala (VVI) - 16:45,True,1,3984.0,3984.0,3984.0
2026-08-05 12:01:16,VUELO,2026-08-07,EZE,Buenos Aires,LPB,La Paz,BOLIVIANA DE AVIACION,OB,709 / 663,2026-08-07 14:55,2026-08-08 07:55,ECONOMICA,AVION,1 escala (VVI) - 18:00,True,1,3984.0,3984.0,3984.0
2026-08-05 12:01:16,VUELO,2026-08-07,EZE,Buenos Aires,LPB,La Paz,BOLIVIANA DE AVIACION,OB,709 / 673,2026-08-07 14:55,2026-08-08 14:55,ECONOMICA,AVION,1 escala (VVI) - 25:00,True,1,3984.0,3984.0,3984.0
2026-08-05 12:01:16,VUELO,2026-08-07,EZE,Buenos Aires,LPB,La Paz,BOLIVIANA DE AVIACION,OB,709 / 653 / 610,2026-08-07 14:55,2026-08-08 11:45,ECONOMICA,AVION,"2 escala (VVI, CBB) - 21:50",True,2,3984.0,3984.0,3984.0
2026-08-05 12:01:16,VUELO,2026-08-07,EZE,Buenos Aires,LPB,La Paz,BOLIVIANA DE AVIACION,OB,709 / 653 / 618,2026-08-07 14:55,2026-08-08 17:20,ECONOMICA,AVION,"2 escala (VVI, CBB) - 27:25",True,2,3984.0,3984.0,3984.0
2026-08-05 12:01:16,VUELO,2026-08-07,EZE,Buenos Aires,LPB,La Paz,BOLIVIANA DE AVIACION,OB,709 / 653 / 620,2026-08-07 14:55,2026-08-08 18:25,ECONOMICA,AVION,"2 escala (VVI, CBB) - 28:30",True,2,3984.0,3984.0,3984.0
2026-08-05 12:01:16,VUELO,2026-08-07,EZE,Buenos Aires,LPB,La Paz,BOLIVIANA DE AVIACION,OB,709 / 653 / 922,2026-08-07 14:55,2026-08-08 21:10,ECONOMICA,AVION,"2 escala (VVI, CBB) - 31:15",True,2,3984.0,3984.0,3984.0
2026-08-05 12:01:16,VUELO,2026-08-07,EZE,Buenos Aires,LPB,La Paz,BOLIVIANA DE AVIACION,OB,709 / 631 / 610,2026-08-07 14:55,2026-08-08 11:45,ECONOMICA,AVION,"2 escala (VVI, CBB) - 21:50",True,2,3984.0,3984.0,3984.0
2026-08-05 12:01:16,VUELO,2026-08-07,EZE,Buenos Aires,LPB,La Paz,BOLIVIANA DE AVIACION,OB,709 / 659 / 610,2026-08-07 14:55,2026-08-08 11:45,ECONOMICA,AVION,"2 escala (VVI, CBB) - 21:50",True,2,3984.0,3984.0,3984.0
2026-08-05 12:01:16,VUELO,2026-08-07,EZE,Buenos Aires,LPB,La Paz,BOLIVIANA DE AVIACION,OB,709 / 659 / 618,2026-08-07 14:55,2026-08-08 17:20,ECONOMICA,AVION,"2 escala (VVI, CBB) - 27:25",True,2,3984.0,3984.0,3984.0
2026-08-05 12:01:16,VUELO,2026-08-07,EZE,Buenos Aires,LPB,La Paz,BOLIVIANA DE AVIACION,OB,709 / 659 / 620,2026-08-07 14:55,2026-08-08 18:25,ECONOMICA,AVION,"2 escala (VVI, CBB) - 28:30",True,2,3984.0,3984.0,3984.0
2026-08-05 12:01:16,VUELO,2026-08-07,EZE,Buenos Aires,LPB,La Paz,BOLIVIANA DE AVIACION,OB,709 / 659 / 922,2026-08-07 14:55,2026-08-08 21:10,ECONOMICA,AVION,"2 escala (VVI, CBB) - 31:15",True,2,3984.0,3984.0,3984.0
2026-08-05 12:01:16,VUELO,2026-08-07,EZE,Buenos Aires,LPB,La Paz,BOLIVIANA DE AVIACION,OB,709 / 631 / 618,2026-08-07 14:55,2026-08-08 17:20,ECONOMICA,AVION,"2 escala (VVI, CBB) - 27:25",True,2,3999.0,3999.0,3999.0
2026-08-05 12:01:16,VUELO,2026-08-07,EZE,Buenos Aires,LPB,La Paz,BOLIVIANA DE AVIACION,OB,709 / 631 / 620,2026-08-07 14:55,2026-08-08 18:25,ECONOMICA,AVION,"2 escala (VVI, CBB) - 28:30",True,2,3999.0,3999.0,3999.0
2026-08-05 12:01:16,VUELO,2026-08-07,EZE,Buenos Aires,LPB,La Paz,BOLIVIANA DE AVIACION,OB,709 / 631 / 922,2026-08-07 14:55,2026-08-08 21:10,ECONOMICA,AVION,"2 escala (VVI, CBB) - 31:15",True,2,3999.0,3999.0,3999.0
2026-08-05 12:01:16,VUELO,2026-08-07,EZE,Buenos Aires,SRE,Sucre,BOLIVIANA DE AVIACION,OB,709 / 659 / 572,2026-08-07 14:55,2026-08-08 09:00,ECONOMICA,AVION,"2 escala (VVI, CBB) - 19:05",True,2,4226.0,4226.0,4226.0
2026-08-05 12:01:16,VUELO,2026-08-07,EZE,Buenos Aires,SRE,Sucre,BOLIVIANA DE AVIACION,OB,709 / 631 / 572,2026-08-07 14:55,2026-08-08 09:00,ECONOMICA,AVION,"2 escala (VVI, CBB) - 19:05",True,2,4241.0,4241.0,4241.0
2026-08-05 12:01:16,VUELO,2026-08-07,EZE,Buenos Aires,SRE,Sucre,BOLIVIANA DE AVIACION,OB,709 / 653 / 572,2026-08-07 14:55,2026-08-08 09:00,ECONOMICA,AVION,"2 escala (VVI, CBB) - 19:05",True,2,4241.0,4241.0,4241.0
2026-08-05 12:01:16,VUELO,2026-08-07,EZE,Buenos Aires,TJA,Tarija,BOLIVIANA DE AVIACION,OB,709 / 659 / 524,2026-08-07 14:55,2026-08-08 09:00,ECONOMICA,AVION,"2 escala (VVI, CBB) - 19:05",True,2,4226.0,4226.0,4226.0
2026-08-05 12:01:16,VUELO,2026-08-07,EZE,Buenos Aires,TJA,Tarija,BOLIVIANA DE AVIACION,OB,709 / 631 / 524,2026-08-07 14:55,2026-08-08 09:00,ECONOMICA,AVION,"2 escala (VVI, CBB) - 19:05",True,2,4241.0,4241.0,4241.0
2026-08-05 12:01:16,VUELO,2026-08-07,EZE,Buenos Aires,TJA,Tarija,BOLIVIANA DE AVIACION,OB,709 / 653 / 524,2026-08-07 14:55,2026-08-08 09:00,ECONOMICA,AVION,"2 escala (VVI, CBB) - 19:05",True,2,4241.0,4241.0,4241.0
2026-08-05 12:01:16,VUELO,2026-08-07,EZE,Buenos Aires,TJA,Tarija,BOLIVIANA DE AVIACION,OB,709 / 653 / 532,2026-08-07 14:55,2026-08-08 20:20,ECONOMICA,AVION,"2 escala (VVI, CBB) - 30:25",True,2,4241.0,4241.0,4241.0
2026-08-05 12:01:16,VUELO,2026-08-07,EZE,Buenos Aires,TJA,Tarija,BOLIVIANA DE AVIACION,OB,709 / 659 / 532,2026-08-07 14:55,2026-08-08 20:20,ECONOMICA,AVION,"2 escala (VVI, CBB) - 30:25",True,2,4241.0,4241.0,4241.0
2026-08-05 12:01:16,VUELO,2026-08-07,EZE,Buenos Aires,TJA,Tarija,BOLIVIANA DE AVIACION,OB,709 / 631 / 532,2026-08-07 14:55,2026-08-08 20:20,ECONOMICA,AVION,"2 escala (VVI, CBB) - 30:25",True,2,4256.0,4256.0,4256.0
2026-08-05 12:01:16,VUELO,2026-08-07,EZE,Buenos Aires,VVI,Santa Cruz,BOLIVIANA DE AVIACION,OB,709,2026-08-07 14:55,2026-08-07 16:55,ECONOMICA,AVION,Directo (03:00),False,0,3300.0,3300.0,3300.0
2026-08-05 12:01:16,VUELO,2026-08-07,EZE,Buenos Aires,CBB,Cochabamba,LATAM AIRLINES GROUP,LA,777 / 890 / 613,2026-08-07 15:35,2026-08-08 13:10,ECONOMICA,AVION,"2 escala (SCL, LPB) - 22:35",True,2,20793.0,20793.0,20793.0
2026-08-05 12:01:16,VUELO,2026-08-07,EZE,Buenos Aires,CGB,Cuiaba,LATAM AIRLINES GROUP,LA,777 / 3791 / 3112,2026-08-07 15:35,2026-08-08 16:15,ECONOMICA,AVION,"2 escala (GIG, BSB) - 25:40",True,2,6771.0,6771.0,6771.0
2026-08-05 12:01:16,VUELO,2026-08-07,EZE,Buenos Aires,CGB,Cuiaba,LATAM AIRLINES GROUP,LA,777 / 3875 / 4655,2026-08-07 15:35,2026-08-08 19:00,ECONOMICA,AVION,"2 escala (GIG, GRU) - 28:25",True,2,6919.0,6919.0,6919.0
2026-08-05 12:01:16,VUELO,2026-08-07,EZE,Buenos Aires,LPB,La Paz,LATAM AIRLINES GROUP,LA,777 / 890,2026-08-07 15:35,2026-08-08 08:31,ECONOMICA,AVION,1 escala (SCL) - 17:56,True,1,9977.0,9977.0,9977.0
2026-08-05 12:01:16,VUELO,2026-08-07,EZE,Buenos Aires,CBB,Cochabamba,LATAM AIRLINES GROUP,LA,476 / 890 / 613,2026-08-07 19:21,2026-08-08 13:10,ECONOMICA,AVION,"2 escala (SCL, LPB) - 18:49",True,2,20793.0,20793.0,20793.0
2026-08-05 12:01:16,VUELO,2026-08-07,EZE,Buenos Aires,CBB,Cochabamba,LATAM AIRLINES GROUP,LA,476 / 890 / 651,2026-08-07 19:21,2026-08-08 19:05,ECONOMICA,AVION,"2 escala (SCL, VVI) - 24:44",True,2,20793.0,20793.0,20793.0
2026-08-05 12:01:16,VUELO,2026-08-07,EZE,Buenos Aires,CBB,Cochabamba,LATAM AIRLINES GROUP,LA,476 / 890 / 619,2026-08-07 19:21,2026-08-08 18:45,ECONOMICA,AVION,"2 escala (SCL, LPB) - 24:24",True,2,20808.0,20808.0,20808.0
2026-08-05 12:01:16,VUELO,2026-08-07,EZE,Buenos Aires,CBB,Cochabamba,LATAM AIRLINES GROUP,LA,476 / 890 / 921,2026-08-07 19:21,2026-08-08 19:50,ECONOMICA,AVION,"2 escala (SCL, LPB) - 25:29",True,2,20808.0,20808.0,20808.0
2026-08-05 12:01:16,VUELO,2026-08-07,EZE,Buenos Aires,CGB,Cuiaba,LATAM AIRLINES GROUP,LA,476 / 762 / 3620,2026-08-07 19:21,2026-08-08 15:30,ECONOMICA,AVION,"2 escala (SCL, GRU) - 21:09",True,2,6714.0,6714.0,6714.0
2026-08-05 12:01:16,VUELO,2026-08-07,EZE,Buenos Aires,CGB,Cuiaba,LATAM AIRLINES GROUP,LA,476 / 8153 / 3620,2026-08-07 19:21,2026-08-08 15:30,ECONOMICA,AVION,"2 escala (SCL, GRU) - 21:09",True,2,6714.0,6714.0,6714.0
2026-08-05 12:01:16,VUELO,2026-08-07,EZE,Buenos Aires,CGB,Cuiaba,LATAM AIRLINES GROUP,LA,476 / 714 / 3566,2026-08-07 19:21,2026-08-09 01:05,ECONOMICA,AVION,"2 escala (SCL, GRU) - 30:44",True,2,7671.0,7671.0,7671.0
2026-08-05 12:01:16,VUELO,2026-08-07,EZE,Buenos Aires,CGB,Cuiaba,LATAM AIRLINES GROUP,LA,476 / 748 / 3566,2026-08-07 19:21,2026-08-09 01:05,ECONOMICA,AVION,"2 escala (SCL, GRU) - 30:44",True,2,7671.0,7671.0,7671.0
2026-08-05 12:01:16,VUELO,2026-08-07,EZE,Buenos Aires,CGB,Cuiaba,LATAM AIRLINES GROUP,LA,476 / 8153 / 4655,2026-08-07 19:21,2026-08-08 19:00,ECONOMICA,AVION,"2 escala (SCL, GRU) - 24:39",True,2,8170.0,8170.0,8170.0
2026-08-05 12:01:16,VUELO,2026-08-07,EZE,Buenos Aires,CGB,Cuiaba,LATAM AIRLINES GROUP,LA,476 / 762 / 4655,2026-08-07 19:21,2026-08-08 19:00,ECONOMICA,AVION,"2 escala (SCL, GRU) - 24:39",True,2,8170.0,8170.0,8170.0
2026-08-05 12:01:16,VUELO,2026-08-07,EZE,Buenos Aires,CGB,Cuiaba,LATAM AIRLINES GROUP,LA,476 / 8055 / 3620,2026-08-07 19:21,2026-08-08 15:30,ECONOMICA,AVION,"2 escala (SCL, GRU) - 21:09",True,2,9043.0,9043.0,9043.0
2026-08-05 12:01:16,VUELO,2026-08-07,EZE,Buenos Aires,CGB,Cuiaba,LATAM AIRLINES GROUP,LA,476 / 8055 / 4655,2026-08-07 19:21,2026-08-08 19:00,ECONOMICA,AVION,"2 escala (SCL, GRU) - 24:39",True,2,9110.0,9110.0,9110.0
2026-08-05 12:01:16,VUELO,2026-08-07,EZE,Buenos Aires,LPB,La Paz,LATAM AIRLINES GROUP,LA,476 / 890,2026-08-07 19:21,2026-08-08 08:31,ECONOMICA,AVION,1 escala (SCL) - 14:10,True,1,9977.0,9977.0,9977.0
2026-08-05 12:01:16,VUELO,2026-08-07,EZE,Buenos Aires,CGB,Cuiaba,APG AIRLINES,GP,16 / 3638,2026-08-07 23:55,2026-08-08 08:25,ECONOMICA,AVION,1 escala (GRU) - 09:30,True,1,10353.0,10353.0,10353.0
2026-08-05 12:01:16,VUELO,2026-08-07,EZE,Buenos Aires,CGB,Cuiaba,APG AIRLINES,GP,16 / 3030,2026-08-07 23:55,2026-08-08 10:15,ECONOMICA,AVION,1 escala (GRU) - 11:20,True,1,10420.0,10420.0,10420.0
2026-08-05 12:01:16,VUELO,2026-08-07,LPB,La Paz,CGB,Cuiaba,AVIANCA,AV,224 / 85 / 4769,2026-08-07 03:25,2026-08-08 09:45,ECONOMICA,AVION,"2 escala (BOG, GRU) - 30:20",True,2,10089.0,10089.0,10089.0
2026-08-05 12:01:16,VUELO,2026-08-07,LPB,La Paz,CGB,Cuiaba,AVIANCA,AV,224 / 85 / 2708,2026-08-07 03:25,2026-08-09 01:20,ECONOMICA,AVION,"2 escala (BOG, GRU) - 45:55",True,2,10089.0,10089.0,10089.0
2026-08-05 12:01:16,VUELO,2026-08-07,LPB,La Paz,CGB,Cuiaba,AVIANCA,AV,224 / 199 / 2708,2026-08-07 03:25,2026-08-08 01:20,ECONOMICA,AVION,"2 escala (BOG, GRU) - 21:55",True,2,12258.0,12258.0,12258.0
2026-08-05 12:01:16,VUELO,2026-08-07,LPB,La Paz,CGB,Cuiaba,AVIANCA,AV,224 / 199 / 4769,2026-08-07 03:25,2026-08-08 09:45,ECONOMICA,AVION,"2 escala (BOG, GRU) - 30:20",True,2,12258.0,12258.0,12258.0
2026-08-05 12:01:16,VUELO,2026-08-07,LPB,La Paz,CGB,Cuiaba,GOL LINHAS AEREAS S/A,G3,224 / 8243 / 1714,2026-08-07 03:25,2026-08-08 22:00,ECONOMICA,AVION,"2 escala (BOG, BSB) - 42:35",True,2,13569.0,13569.0,13569.0
2026-08-05 12:01:16,VUELO,2026-08-07,LPB,La Paz,CGB,Cuiaba,AVIANCA,AV,224 / 249 / 4769,2026-08-07 03:25,2026-08-08 09:45,ECONOMICA,AVION,"2 escala (BOG, GRU) - 30:20",True,2,15216.0,15216.0,15216.0
2026-08-05 12:01:16,VUELO,2026-08-07,LPB,La Paz,CGB,Cuiaba,AVIANCA,AV,224 / 161 / 4769,2026-08-07 03:25,2026-08-08 09:45,ECONOMICA,AVION,"2 escala (BOG, GRU) - 30:20",True,2,23421.0,23421.0,23421.0
2026-08-05 12:01:16,VUELO,2026-08-07,LPB,La Paz,CGB,Cuiaba,AVIANCA,AV,224 / 161 / 2708,2026-08-07 03:25,2026-08-09 01:20,ECONOMICA,AVION,"2 escala (BOG, GRU) - 45:55",True,2,23421.0,23421.0,23421.0
2026-08-05 12:01:16,VUELO,2026-08-07,LPB,La Paz,COR,Cordoba,AVIANCA,AV,224 / 139,2026-08-07 03:25,2026-08-08 06:20,ECONOMICA,AVION,1 escala (BOG) - 25:55,True,1,3598.0,3598.0,3598.0
2026-08-05 10:06:04,VUELO,2026-08-07,LPB,La Paz,VVI,Santa Cruz,BOLIVIANA DE AVIACION,OB,,2026-08-07 05:10,2026-08-07 06:15,ECONOMICA,AVION,0,,,1067.0,1067.0,1067.0
2026-08-05 12:01:16,VUELO,2026-08-07,LPB,La Paz,COR,Cordoba,AEROLINEAS ARGENTINAS,AR,660 / 1369 / 1520,2026-08-07 05:10,2026-08-08 10:10,ECONOMICA,AVION,"2 escala (VVI, AEP) - 28:00",True,2,8548.0,8548.0,8548.0
2026-08-05 12:01:16,VUELO,2026-08-07,LPB,La Paz,COR,Cordoba,AEROLINEAS ARGENTINAS,AR,660 / 1369 / 1538,2026-08-07 05:10,2026-08-08 17:45,ECONOMICA,AVION,"2 escala (VVI, AEP) - 35:35",True,2,8548.0,8548.0,8548.0
2026-08-05 12:01:16,VUELO,2026-08-07,LPB,La Paz,COR,Cordoba,AEROLINEAS ARGENTINAS,AR,660 / 1369 / 1546,2026-08-07 05:10,2026-08-08 21:00,ECONOMICA,AVION,"2 escala (VVI, AEP) - 38:50",True,2,8548.0,8548.0,8548.0
2026-08-05 12:01:16,VUELO,2026-08-07,LPB,La Paz,COR,Cordoba,AEROLINEAS ARGENTINAS,AR,660 / 1369 / 1550,2026-08-07 05:10,2026-08-08 22:00,ECONOMICA,AVION,"2 escala (VVI, AEP) - 39:50",True,2,8548.0,8548.0,8548.0
2026-08-05 12:01:16,VUELO,2026-08-07,LPB,La Paz,EZE,Buenos Aires,BOLIVIANA DE AVIACION,OB,660 / 700,2026-08-07 05:10,2026-08-08 01:50,ECONOMICA,AVION,1 escala (VVI) - 19:40,True,1,6445.0,6445.0,6445.0
2026-08-05 12:01:16,VUELO,2026-08-07,LPB,La Paz,MDZ,Mendoza,AEROLINEAS ARGENTINAS,AR,660 / 1369 / 1418,2026-08-07 05:10,2026-08-08 12:10,ECONOMICA,AVION,"2 escala (VVI, AEP) - 30:00",True,2,8893.0,8893.0,8893.0
2026-08-05 12:01:16,VUELO,2026-08-07,LPB,La Paz,MDZ,Mendoza,AEROLINEAS ARGENTINAS,AR,660 / 1369 / 1414,2026-08-07 05:10,2026-08-08 13:10,ECONOMICA,AVION,"2 escala (VVI, AEP) - 31:00",True,2,8893.0,8893.0,8893.0
2026-08-05 12:01:16,VUELO,2026-08-07,LPB,La Paz,MDZ,Mendoza,AEROLINEAS ARGENTINAS,AR,660 / 1369 / 1400,2026-08-07 05:10,2026-08-08 21:30,ECONOMICA,AVION,"2 escala (VVI, AEP) - 39:20",True,2,8893.0,8893.0,8893.0
2026-08-05 12:01:16,VUELO,2026-08-07,LPB,La Paz,MDZ,Mendoza,AEROLINEAS ARGENTINAS,AR,660 / 1369 / 1408,2026-08-07 05:10,2026-08-08 14:15,ECONOMICA,AVION,"2 escala (VVI, AEP) - 32:05",True,2,11504.0,11504.0,11504.0
2026-08-05 12:01:16,VUELO,2026-08-07,LPB,La Paz,MDZ,Mendoza,AEROLINEAS ARGENTINAS,AR,660 / 1369 / 1420,2026-08-07 05:10,2026-08-08 17:55,ECONOMICA,AVION,"2 escala (VVI, AEP) - 35:45",True,2,11504.0,11504.0,11504.0
2026-08-05 12:01:16,VUELO,2026-08-07,LPB,La Paz,MDZ,Mendoza,AEROLINEAS ARGENTINAS,AR,660 / 1369 / 1416,2026-08-07 05:10,2026-08-08 15:35,ECONOMICA,AVION,"2 escala (VVI, AEP) - 33:25",True,2,12927.0,12927.0,12927.0
2026-08-05 12:01:16,VUELO,2026-08-07,LPB,La Paz,VVI,Santa Cruz,BOLIVIANA DE AVIACION,OB,660,2026-08-07 05:10,2026-08-07 06:15,ECONOMICA,AVION,Directo (01:05),False,0,877.0,877.0,877.0
2026-08-05 12:01:16,VUELO,2026-08-07,LPB,La Paz,CGB,Cuiaba,LATAM AIRLINES GROUP,LA,2401 / 2402 / 3390,2026-08-07 05:20,2026-08-08 09:25,ECONOMICA,AVION,"2 escala (LIM, BSB) - 28:05",True,2,23602.0,23602.0,23602.0
2026-08-05 12:01:16,VUELO,2026-08-07,LPB,La Paz,CGB,Cuiaba,LATAM AIRLINES GROUP,LA,2401 / 2402 / 3112,2026-08-07 05:20,2026-08-08 16:15,ECONOMICA,AVION,"2 escala (LIM, BSB) - 34:55",True,2,23602.0,23602.0,23602.0
2026-08-05 12:01:16,VUELO,2026-08-07,LPB,La Paz,CGB,Cuiaba,LATAM AIRLINES GROUP,LA,2401 / 2424 / 3801,2026-08-07 05:20,2026-08-07 21:55,ECONOMICA,AVION,"2 escala (LIM, GRU) - 16:35",True,2,24737.0,24737.0,24737.0
2026-08-05 12:01:16,VUELO,2026-08-07,LPB,La Paz,CGB,Cuiaba,LATAM AIRLINES GROUP,LA,2401 / 2424 / 3566,2026-08-07 05:20,2026-08-08 01:05,ECONOMICA,AVION,"2 escala (LIM, GRU) - 19:45",True,2,24737.0,24737.0,24737.0
2026-08-05 12:01:16,VUELO,2026-08-07,LPB,La Paz,CGB,Cuiaba,LATAM AIRLINES GROUP,LA,2401 / 2935 / 3566,2026-08-07 05:20,2026-08-08 01:05,ECONOMICA,AVION,"2 escala (LIM, GRU) - 19:45",True,2,24737.0,24737.0,24737.0
2026-08-05 12:01:16,VUELO,2026-08-07,LPB,La Paz,CGB,Cuiaba,LATAM AIRLINES GROUP,LA,2401 / 2424 / 3638,2026-08-07 05:20,2026-08-08 08:25,ECONOMICA,AVION,"2 escala (LIM, GRU) - 27:05",True,2,24737.0,24737.0,24737.0
2026-08-05 12:01:16,VUELO,2026-08-07,LPB,La Paz,CGB,Cuiaba,LATAM AIRLINES GROUP,LA,2401 / 2935 / 3638,2026-08-07 05:20,2026-08-08 08:25,ECONOMICA,AVION,"2 escala (LIM, GRU) - 27:05",True,2,24737.0,24737.0,24737.0
2026-08-05 12:01:16,VUELO,2026-08-07,LPB,La Paz,CGB,Cuiaba,LATAM AIRLINES GROUP,LA,2401 / 2424 / 3270,2026-08-07 05:20,2026-08-08 12:15,ECONOMICA,AVION,"2 escala (LIM, GRU) - 30:55",True,2,24737.0,24737.0,24737.0
2026-08-05 12:01:16,VUELO,2026-08-07,LPB,La Paz,CGB,Cuiaba,LATAM AIRLINES GROUP,LA,2401 / 2935 / 3270,2026-08-07 05:20,2026-08-08 12:15,ECONOMICA,AVION,"2 escala (LIM, GRU) - 30:55",True,2,24737.0,24737.0,24737.0
2026-08-05 12:01:16,VUELO,2026-08-07,LPB,La Paz,CGB,Cuiaba,LATAM AIRLINES GROUP,LA,2401 / 2424 / 3620,2026-08-07 05:20,2026-08-08 15:30,ECONOMICA,AVION,"2 escala (LIM, GRU) - 34:10",True,2,24737.0,24737.0,24737.0
2026-08-05 12:01:16,VUELO,2026-08-07,LPB,La Paz,CGB,Cuiaba,LATAM AIRLINES GROUP,LA,2401 / 2935 / 3620,2026-08-07 05:20,2026-08-08 15:30,ECONOMICA,AVION,"2 escala (LIM, GRU) - 34:10",True,2,24737.0,24737.0,24737.0
2026-08-05 12:01:16,VUELO,2026-08-07,LPB,La Paz,CGB,Cuiaba,LATAM AIRLINES GROUP,LA,2401 / 2424 / 3868,2026-08-07 05:20,2026-08-07 23:05,ECONOMICA,AVION,"2 escala (LIM, GRU) - 17:45",True,2,24804.0,24804.0,24804.0
2026-08-05 12:01:16,VUELO,2026-08-07,LPB,La Paz,CGB,Cuiaba,LATAM AIRLINES GROUP,LA,2401 / 2424 / 3030,2026-08-07 05:20,2026-08-08 10:15,ECONOMICA,AVION,"2 escala (LIM, GRU) - 28:55",True,2,24804.0,24804.0,24804.0
2026-08-05 12:01:16,VUELO,2026-08-07,LPB,La Paz,CGB,Cuiaba,LATAM AIRLINES GROUP,LA,2401 / 2935 / 3030,2026-08-07 05:20,2026-08-08 10:15,ECONOMICA,AVION,"2 escala (LIM, GRU) - 28:55",True,2,24804.0,24804.0,24804.0
2026-08-05 12:01:16,VUELO,2026-08-07,LPB,La Paz,CGB,Cuiaba,LATAM AIRLINES GROUP,LA,2401 / 2935 / 4655,2026-08-07 05:20,2026-08-08 19:00,ECONOMICA,AVION,"2 escala (LIM, GRU) - 37:40",True,2,24804.0,24804.0,24804.0
2026-08-05 12:01:16,VUELO,2026-08-07,LPB,La Paz,CGB,Cuiaba,LATAM AIRLINES GROUP,LA,2401 / 2394 / 3638,2026-08-07 05:20,2026-08-08 08:25,ECONOMICA,AVION,"2 escala (LIM, GRU) - 27:05",True,2,25814.0,25814.0,25814.0
2026-08-05 12:01:16,VUELO,2026-08-07,LPB,La Paz,CGB,Cuiaba,LATAM AIRLINES GROUP,LA,2401 / 2394 / 3270,2026-08-07 05:20,2026-08-08 12:15,ECONOMICA,AVION,"2 escala (LIM, GRU) - 30:55",True,2,25814.0,25814.0,25814.0
2026-08-05 12:01:16,VUELO,2026-08-07,LPB,La Paz,CGB,Cuiaba,LATAM AIRLINES GROUP,LA,2401 / 2428 / 3270,2026-08-07 05:20,2026-08-08 12:15,ECONOMICA,AVION,"2 escala (LIM, GRU) - 30:55",True,2,25814.0,25814.0,25814.0
2026-08-05 12:01:16,VUELO,2026-08-07,LPB,La Paz,CGB,Cuiaba,LATAM AIRLINES GROUP,LA,2401 / 8123 / 3270,2026-08-07 05:20,2026-08-08 12:15,ECONOMICA,AVION,"2 escala (LIM, GRU) - 30:55",True,2,25814.0,25814.0,25814.0
2026-08-05 12:01:16,VUELO,2026-08-07,LPB,La Paz,CGB,Cuiaba,LATAM AIRLINES GROUP,LA,2401 / 2394 / 3620,2026-08-07 05:20,2026-08-08 15:30,ECONOMICA,AVION,"2 escala (LIM, GRU) - 34:10",True,2,25814.0,25814.0,25814.0
2026-08-05 12:01:16,VUELO,2026-08-07,LPB,La Paz,CGB,Cuiaba,LATAM AIRLINES GROUP,LA,2401 / 2428 / 3620,2026-08-07 05:20,2026-08-08 15:30,ECONOMICA,AVION,"2 escala (LIM, GRU) - 34:10",True,2,25814.0,25814.0,25814.0
2026-08-05 12:01:16,VUELO,2026-08-07,LPB,La Paz,CGB,Cuiaba,LATAM AIRLINES GROUP,LA,2401 / 8123 / 3620,2026-08-07 05:20,2026-08-08 15:30,ECONOMICA,AVION,"2 escala (LIM, GRU) - 34:10",True,2,25814.0,25814.0,25814.0
2026-08-05 12:01:16,VUELO,2026-08-07,LPB,La Paz,CGB,Cuiaba,LATAM AIRLINES GROUP,LA,2401 / 2394 / 3030,2026-08-07 05:20,2026-08-08 10:15,ECONOMICA,AVION,"2 escala (LIM, GRU) - 28:55",True,2,25881.0,25881.0,25881.0
2026-08-05 12:01:16,VUELO,2026-08-07,LPB,La Paz,CGB,Cuiaba,LATAM AIRLINES GROUP,LA,2401 / 2428 / 4655,2026-08-07 05:20,2026-08-08 19:00,ECONOMICA,AVION,"2 escala (LIM, GRU) - 37:40",True,2,25881.0,25881.0,25881.0
2026-08-05 12:01:16,VUELO,2026-08-07,LPB,La Paz,CGB,Cuiaba,LATAM AIRLINES GROUP,LA,2401 / 8123 / 4655,2026-08-07 05:20,2026-08-08 19:00,ECONOMICA,AVION,"2 escala (LIM, GRU) - 37:40",True,2,25881.0,25881.0,25881.0
2026-08-05 12:01:16,VUELO,2026-08-07,LPB,La Paz,CGB,Cuiaba,LATAM AIRLINES GROUP,LA,2401 / 2394 / 3566,2026-08-07 05:20,2026-08-09 01:05,ECONOMICA,AVION,"2 escala (LIM, GRU) - 43:45",True,2,26989.0,26989.0,26989.0
2026-08-05 12:01:16,VUELO,2026-08-07,LPB,La Paz,CGB,Cuiaba,LATAM AIRLINES GROUP,LA,2401 / 2428 / 3566,2026-08-07 05:20,2026-08-09 01:05,ECONOMICA,AVION,"2 escala (LIM, GRU) - 43:45",True,2,26989.0,26989.0,26989.0
2026-08-05 12:01:16,VUELO,2026-08-07,LPB,La Paz,CGB,Cuiaba,LATAM AIRLINES GROUP,LA,2401 / 8123 / 3566,2026-08-07 05:20,2026-08-09 01:05,ECONOMICA,AVION,"2 escala (LIM, GRU) - 43:45",True,2,26989.0,26989.0,26989.0
2026-08-05 12:01:16,VUELO,2026-08-07,LPB,La Paz,CGB,Cuiaba,LATAM AIRLINES GROUP,LA,2401 / 8123 / 3638,2026-08-07 05:20,2026-08-09 08:25,ECONOMICA,AVION,"2 escala (LIM, GRU) - 51:05",True,2,26989.0,26989.0,26989.0
2026-08-05 12:01:16,VUELO,2026-08-07,LPB,La Paz,CGB,Cuiaba,LATAM AIRLINES GROUP,LA,2401 / 2394 / 4655,2026-08-07 05:20,2026-08-08 19:00,ECONOMICA,AVION,"2 escala (LIM, GRU) - 37:40",True,2,27056.0,27056.0,27056.0
2026-08-05 12:01:16,VUELO,2026-08-07,LPB,La Paz,COR,Cordoba,LATAM AIRLINES GROUP,LA,2401 / 2384,2026-08-07 05:20,2026-08-08 04:10,ECONOMICA,AVION,1 escala (LIM) - 21:50,True,1,12483.0,12483.0,12483.0
2026-08-05 12:01:16,VUELO,2026-08-07,LPB,La Paz,COR,Cordoba,LATAM AIRLINES GROUP,LA,2401 / 2364,2026-08-07 05:20,2026-08-08 05:55,ECONOMICA,AVION,1 escala (LIM) - 23:35,True,1,12483.0,12483.0,12483.0
2026-08-05 12:01:16,VUELO,2026-08-07,LPB,La Paz,COR,Cordoba,LATAM AIRLINES GROUP,LA,2401 / 2697 / 486,2026-08-07 05:20,2026-08-07 20:21,ECONOMICA,AVION,"2 escala (LIM, SCL) - 14:01",True,2,13618.0,13618.0,13618.0
2026-08-05 12:01:16,VUELO,2026-08-07,LPB,La Paz,COR,Cordoba,LATAM AIRLINES GROUP,LA,2401 / 523 / 492,2026-08-07 05:20,2026-08-08 12:34,ECONOMICA,AVION,"2 escala (LIM, SCL) - 30:14",True,2,14777.0,14777.0,14777.0
2026-08-05 12:01:16,VUELO,2026-08-07,LPB,La Paz,COR,Cordoba,LATAM AIRLINES GROUP,LA,2401 / 2371 / 492,2026-08-07 05:20,2026-08-08 12:34,ECONOMICA,AVION,"2 escala (LIM, SCL) - 30:14",True,2,14777.0,14777.0,14777.0
2026-08-05 12:01:16,VUELO,2026-08-07,LPB,La Paz,COR,Cordoba,LATAM AIRLINES GROUP,LA,2401 / 2377 / 492,2026-08-07 05:20,2026-08-08 12:34,ECONOMICA,AVION,"2 escala (LIM, SCL) - 30:14",True,2,14777.0,14777.0,14777.0
2026-08-05 12:01:16,VUELO,2026-08-07,LPB,La Paz,COR,Cordoba,LATAM AIRLINES GROUP,LA,2401 / 2431 / 492,2026-08-07 05:20,2026-08-08 12:34,ECONOMICA,AVION,"2 escala (LIM, SCL) - 30:14",True,2,14777.0,14777.0,14777.0
2026-08-05 12:01:16,VUELO,2026-08-07,LPB,La Paz,COR,Cordoba,LATAM AIRLINES GROUP,LA,2401 / 641 / 492,2026-08-07 05:20,2026-08-08 12:34,ECONOMICA,AVION,"2 escala (LIM, SCL) - 30:14",True,2,15078.0,15078.0,15078.0
2026-08-05 12:01:16,VUELO,2026-08-07,LPB,La Paz,COR,Cordoba,LATAM AIRLINES GROUP,LA,2401 / 645 / 492,2026-08-07 05:20,2026-08-08 12:34,ECONOMICA,AVION,"2 escala (LIM, SCL) - 30:14",True,2,15078.0,15078.0,15078.0
2026-08-05 12:01:16,VUELO,2026-08-07,LPB,La Paz,COR,Cordoba,LATAM AIRLINES GROUP,LA,2401 / 651 / 492,2026-08-07 05:20,2026-08-08 12:34,ECONOMICA,AVION,"2 escala (LIM, SCL) - 30:14",True,2,15078.0,15078.0,15078.0
2026-08-05 12:01:16,VUELO,2026-08-07,LPB,La Paz,COR,Cordoba,LATAM AIRLINES GROUP,LA,2401 / 2413 / 492,2026-08-07 05:20,2026-08-08 12:34,ECONOMICA,AVION,"2 escala (LIM, SCL) - 30:14",True,2,15078.0,15078.0,15078.0
2026-08-05 12:01:16,VUELO,2026-08-07,LPB,La Paz,COR,Cordoba,LATAM AIRLINES GROUP,LA,2401 / 2697 / 492,2026-08-07 05:20,2026-08-08 12:34,ECONOMICA,AVION,"2 escala (LIM, SCL) - 30:14",True,2,15078.0,15078.0,15078.0
2026-08-05 12:01:16,VUELO,2026-08-07,LPB,La Paz,EZE,Buenos Aires,LATAM AIRLINES GROUP,LA,2401 / 2375,2026-08-07 05:20,2026-08-08 02:45,ECONOMICA,AVION,1 escala (LIM) - 20:25,True,1,11544.0,11544.0,11544.0
2026-08-05 12:01:16,VUELO,2026-08-07,LPB,La Paz,EZE,Buenos Aires,LATAM AIRLINES GROUP,LA,2401 / 1437,2026-08-07 05:20,2026-08-08 06:10,ECONOMICA,AVION,1 escala (LIM) - 23:50,True,1,11544.0,11544.0,11544.0
2026-08-05 12:01:16,VUELO,2026-08-07,LPB,La Paz,EZE,Buenos Aires,LATAM AIRLINES GROUP,LA,2401 / 2697 / 477,2026-08-07 05:20,2026-08-07 18:21,ECONOMICA,AVION,"2 escala (LIM, SCL) - 12:01",True,2,12181.0,12181.0,12181.0
2026-08-05 12:01:16,VUELO,2026-08-07,LPB,La Paz,MDZ,Mendoza,LATAM AIRLINES GROUP,LA,2401 / 2697 / 436,2026-08-07 05:20,2026-08-07 19:03,ECONOMICA,AVION,"2 escala (LIM, SCL) - 12:43",True,2,11365.0,11365.0,11365.0
2026-08-05 12:01:16,VUELO,2026-08-07,LPB,La Paz,MDZ,Mendoza,LATAM AIRLINES GROUP,LA,2401 / 645 / 434,2026-08-07 05:20,2026-08-08 11:06,ECONOMICA,AVION,"2 escala (LIM, SCL) - 28:46",True,2,11365.0,11365.0,11365.0
2026-08-05 12:01:16,VUELO,2026-08-07,LPB,La Paz,MDZ,Mendoza,LATAM AIRLINES GROUP,LA,2401 / 2435,2026-08-07 05:20,2026-08-08 06:25,ECONOMICA,AVION,1 escala (LIM) - 24:05,True,1,12138.0,12138.0,12138.0
2026-08-05 12:01:16,VUELO,2026-08-07,LPB,La Paz,MDZ,Mendoza,LATAM AIRLINES GROUP,LA,2401 / 523 / 434,2026-08-07 05:20,2026-08-08 11:06,ECONOMICA,AVION,"2 escala (LIM, SCL) - 28:46",True,2,12291.0,12291.0,12291.0
2026-08-05 12:01:16,VUELO,2026-08-07,LPB,La Paz,MDZ,Mendoza,LATAM AIRLINES GROUP,LA,2401 / 2371 / 434,2026-08-07 05:20,2026-08-08 11:06,ECONOMICA,AVION,"2 escala (LIM, SCL) - 28:46",True,2,12291.0,12291.0,12291.0
2026-08-05 12:01:16,VUELO,2026-08-07,LPB,La Paz,MDZ,Mendoza,LATAM AIRLINES GROUP,LA,2401 / 2377 / 434,2026-08-07 05:20,2026-08-08 11:06,ECONOMICA,AVION,"2 escala (LIM, SCL) - 28:46",True,2,12291.0,12291.0,12291.0
2026-08-05 12:01:16,VUELO,2026-08-07,LPB,La Paz,MDZ,Mendoza,LATAM AIRLINES GROUP,LA,2401 / 2431 / 434,2026-08-07 05:20,2026-08-08 11:06,ECONOMICA,AVION,"2 escala (LIM, SCL) - 28:46",True,2,12291.0,12291.0,12291.0
2026-08-05 12:01:16,VUELO,2026-08-07,LPB,La Paz,MDZ,Mendoza,LATAM AIRLINES GROUP,LA,2401 / 641 / 434,2026-08-07 05:20,2026-08-08 11:06,ECONOMICA,AVION,"2 escala (LIM, SCL) - 28:46",True,2,12396.0,12396.0,12396.0
2026-08-05 12:01:16,VUELO,2026-08-07,LPB,La Paz,MDZ,Mendoza,LATAM AIRLINES GROUP,LA,2401 / 651 / 434,2026-08-07 05:20,2026-08-08 11:06,ECONOMICA,AVION,"2 escala (LIM, SCL) - 28:46",True,2,12396.0,12396.0,12396.0
2026-08-05 12:01:16,VUELO,2026-08-07,LPB,La Paz,MDZ,Mendoza,LATAM AIRLINES GROUP,LA,2401 / 2413 / 434,2026-08-07 05:20,2026-08-08 11:06,ECONOMICA,AVION,"2 escala (LIM, SCL) - 28:46",True,2,12396.0,12396.0,12396.0
2026-08-05 12:01:16,VUELO,2026-08-07,LPB,La Paz,MDZ,Mendoza,LATAM AIRLINES GROUP,LA,2401 / 2697 / 434,2026-08-07 05:20,2026-08-08 11:06,ECONOMICA,AVION,"2 escala (LIM, SCL) - 28:46",True,2,12396.0,12396.0,12396.0
2026-08-05 12:01:16,VUELO,2026-08-07,LPB,La Paz,MDZ,Mendoza,LATAM AIRLINES GROUP,LA,2401 / 2380 / 1424,2026-08-07 05:20,2026-08-07 20:20,ECONOMICA,AVION,"2 escala (LIM, AEP) - 14:00",True,2,25292.0,25292.0,25292.0
2026-08-05 12:01:16,VUELO,2026-08-07,LPB,La Paz,MDZ,Mendoza,LATAM AIRLINES GROUP,LA,2401 / 2380 / 1400,2026-08-07 05:20,2026-08-07 21:30,ECONOMICA,AVION,"2 escala (LIM, AEP) - 15:10",True,2,25292.0,25292.0,25292.0
2026-08-05 12:01:16,VUELO,2026-08-07,LPB,La Paz,MDZ,Mendoza,LATAM AIRLINES GROUP,LA,2401 / 2380 / 8332,2026-08-07 05:20,2026-08-07 20:20,ECONOMICA,AVION,"2 escala (LIM, AEP) - 14:00",True,2,25375.0,25375.0,25375.0
2026-08-05 10:06:04,VUELO,2026-08-07,LPB,La Paz,VVI,Santa Cruz,BOLIVIANA DE AVIACION,OB,,2026-08-07 06:40,2026-08-07 12:25,ECONOMICA,AVION,0,,,1067.0,1067.0,1067.0
2026-08-05 10:06:04,VUELO,2026-08-07,LPB,La Paz,CBB,Cochabamba,BOLIVIANA DE AVIACION,OB,,2026-08-07 06:40,2026-08-07 07:25,ECONOMICA,AVION,0,,,553.0,553.0,553.0
2026-08-05 10:06:04,VUELO,2026-08-07,LPB,La Paz,SRE,Sucre,BOLIVIANA DE AVIACION,OB,,2026-08-07 06:40,2026-08-07 18:05,ECONOMICA,AVION,0,,,1251.0,1251.0,1251.0
2026-08-05 10:06:04,VUELO,2026-08-07,LPB,La Paz,TDD,Trinidad,BOLIVIANA DE AVIACION,OB,,2026-08-07 06:40,2026-08-07 14:45,ECONOMICA,AVION,0,,,1034.0,1034.0,1034.0
2026-08-05 12:01:16,VUELO,2026-08-07,LPB,La Paz,CBB,Cochabamba,BOLIVIANA DE AVIACION,OB,603,2026-08-07 06:40,2026-08-07 07:25,ECONOMICA,AVION,Directo (00:45),False,0,553.0,553.0,553.0
2026-08-05 12:01:16,VUELO,2026-08-07,LPB,La Paz,ORU,Oruro,BOLIVIANA DE AVIACION,OB,603 / 324,2026-08-07 06:40,2026-08-07 14:40,ECONOMICA,AVION,1 escala (CBB) - 08:00,True,1,879.0,879.0,879.0
2026-08-05 12:01:16,VUELO,2026-08-07,LPB,La Paz,SRE,Sucre,BOLIVIANA DE AVIACION,OB,603 / 572,2026-08-07 06:40,2026-08-07 09:00,ECONOMICA,AVION,1 escala (CBB) - 02:20,True,1,788.0,788.0,788.0
2026-08-05 12:01:16,VUELO,2026-08-07,LPB,La Paz,TDD,Trinidad,BOLIVIANA DE AVIACION,OB,603 / 446,2026-08-07 06:40,2026-08-07 14:45,ECONOMICA,AVION,1 escala (CBB) - 08:05,True,1,1034.0,1034.0,1034.0
2026-08-05 12:01:16,VUELO,2026-08-07,LPB,La Paz,UYU,Uyuni,BOLIVIANA DE AVIACION,OB,304,2026-08-07 07:10,2026-08-07 08:10,ECONOMICA,AVION,Directo (01:00),False,0,1280.0,1280.0,1280.0
2026-08-05 10:06:04,VUELO,2026-08-07,LPB,La Paz,VVI,Santa Cruz,BOLIVIANA DE AVIACION,OB,,2026-08-07 07:30,2026-08-07 08:35,ECONOMICA,AVION,0,,,1067.0,1067.0,1067.0
2026-08-05 10:06:04,VUELO,2026-08-07,LPB,La Paz,SRE,Sucre,BOLIVIANA DE AVIACION,OB,,2026-08-07 07:30,2026-08-07 18:05,ECONOMICA,AVION,0,,,1648.0,1648.0,1648.0
2026-08-05 12:01:16,VUELO,2026-08-07,LPB,La Paz,COR,Cordoba,AEROLINEAS ARGENTINAS,AR,662 / 1369 / 1538,2026-08-07 07:30,2026-08-08 17:45,ECONOMICA,AVION,"2 escala (VVI, AEP) - 33:15",True,2,8548.0,8548.0,8548.0
2026-08-05 12:01:16,VUELO,2026-08-07,LPB,La Paz,COR,Cordoba,AEROLINEAS ARGENTINAS,AR,662 / 1369 / 1546,2026-08-07 07:30,2026-08-08 21:00,ECONOMICA,AVION,"2 escala (VVI, AEP) - 36:30",True,2,8548.0,8548.0,8548.0
2026-08-05 12:01:16,VUELO,2026-08-07,LPB,La Paz,COR,Cordoba,AEROLINEAS ARGENTINAS,AR,662 / 1369 / 1550,2026-08-07 07:30,2026-08-08 22:00,ECONOMICA,AVION,"2 escala (VVI, AEP) - 37:30",True,2,8548.0,8548.0,8548.0
2026-08-05 12:01:16,VUELO,2026-08-07,LPB,La Paz,COR,Cordoba,AEROLINEAS ARGENTINAS,AR,662 / 1369 / 1520,2026-08-07 07:30,2026-08-09 05:40,ECONOMICA,AVION,"2 escala (VVI, AEP) - 45:10",True,2,8548.0,8548.0,8548.0
2026-08-05 12:01:16,VUELO,2026-08-07,LPB,La Paz,EZE,Buenos Aires,BOLIVIANA DE AVIACION,OB,662 / 700,2026-08-07 07:30,2026-08-08 01:50,ECONOMICA,AVION,1 escala (VVI) - 17:20,True,1,6445.0,6445.0,6445.0
2026-08-05 12:01:16,VUELO,2026-08-07,LPB,La Paz,MDZ,Mendoza,AEROLINEAS ARGENTINAS,AR,662 / 1369 / 1418,2026-08-07 07:30,2026-08-08 12:10,ECONOMICA,AVION,"2 escala (VVI, AEP) - 27:40",True,2,8893.0,8893.0,8893.0
2026-08-05 12:01:16,VUELO,2026-08-07,LPB,La Paz,MDZ,Mendoza,AEROLINEAS ARGENTINAS,AR,662 / 1369 / 1414,2026-08-07 07:30,2026-08-08 13:10,ECONOMICA,AVION,"2 escala (VVI, AEP) - 28:40",True,2,8893.0,8893.0,8893.0
2026-08-05 12:01:16,VUELO,2026-08-07,LPB,La Paz,MDZ,Mendoza,AEROLINEAS ARGENTINAS,AR,662 / 1369 / 1400,2026-08-07 07:30,2026-08-08 21:30,ECONOMICA,AVION,"2 escala (VVI, AEP) - 37:00",True,2,8893.0,8893.0,8893.0
2026-08-05 12:01:16,VUELO,2026-08-07,LPB,La Paz,MDZ,Mendoza,AEROLINEAS ARGENTINAS,AR,662 / 1369 / 1408,2026-08-07 07:30,2026-08-08 14:15,ECONOMICA,AVION,"2 escala (VVI, AEP) - 29:45",True,2,11504.0,11504.0,11504.0
2026-08-05 12:01:16,VUELO,2026-08-07,LPB,La Paz,MDZ,Mendoza,AEROLINEAS ARGENTINAS,AR,662 / 1369 / 1420,2026-08-07 07:30,2026-08-08 17:55,ECONOMICA,AVION,"2 escala (VVI, AEP) - 33:25",True,2,11504.0,11504.0,11504.0
2026-08-05 12:01:16,VUELO,2026-08-07,LPB,La Paz,MDZ,Mendoza,AEROLINEAS ARGENTINAS,AR,662 / 1369 / 1416,2026-08-07 07:30,2026-08-08 15:35,ECONOMICA,AVION,"2 escala (VVI, AEP) - 31:05",True,2,12927.0,12927.0,12927.0
2026-08-05 12:01:16,VUELO,2026-08-07,LPB,La Paz,VVI,Santa Cruz,BOLIVIANA DE AVIACION,OB,662,2026-08-07 07:30,2026-08-07 08:35,ECONOMICA,AVION,Directo (01:05),False,0,973.0,973.0,973.0
2026-08-05 10:06:04,VUELO,2026-08-07,LPB,La Paz,CIJ,Cobija,BOLIVIANA DE AVIACION,OB,,2026-08-07 08:35,2026-08-07 09:40,ECONOMICA,AVION,0,,,1154.0,1154.0,1154.0
2026-08-05 12:01:16,VUELO,2026-08-07,LPB,La Paz,CIJ,Cobija,BOLIVIANA DE AVIACION,OB,400,2026-08-07 08:35,2026-08-07 09:40,ECONOMICA,AVION,Directo (01:05),False,0,1052.0,1052.0,1052.0
2026-08-05 10:06:04,VUELO,2026-08-07,LPB,La Paz,VVI,Santa Cruz,BOLIVIANA DE AVIACION,OB,,2026-08-07 10:40,2026-08-07 11:45,ECONOMICA,AVION,0,,,1067.0,1067.0,1067.0
2026-08-05 10:06:04,VUELO,2026-08-07,LPB,La Paz,TJA,Tarija,BOLIVIANA DE AVIACION,OB,,2026-08-07 10:40,2026-08-07 20:20,ECONOMICA,AVION,0,,,2029.0,2029.0,2029.0
2026-08-05 10:06:04,VUELO,2026-08-07,LPB,La Paz,SRE,Sucre,BOLIVIANA DE AVIACION,OB,,2026-08-07 10:40,2026-08-07 20:30,ECONOMICA,AVION,0,,,1780.0,1780.0,1780.0
2026-08-05 12:01:16,VUELO,2026-08-07,LPB,La Paz,COR,Cordoba,AEROLINEAS ARGENTINAS,AR,668 / 1369 / 1538,2026-08-07 10:40,2026-08-08 17:45,ECONOMICA,AVION,"2 escala (VVI, AEP) - 30:05",True,2,8548.0,8548.0,8548.0
2026-08-05 12:01:16,VUELO,2026-08-07,LPB,La Paz,COR,Cordoba,AEROLINEAS ARGENTINAS,AR,668 / 1369 / 1546,2026-08-07 10:40,2026-08-08 21:00,ECONOMICA,AVION,"2 escala (VVI, AEP) - 33:20",True,2,8548.0,8548.0,8548.0
2026-08-05 12:01:16,VUELO,2026-08-07,LPB,La Paz,COR,Cordoba,AEROLINEAS ARGENTINAS,AR,668 / 1369 / 1550,2026-08-07 10:40,2026-08-08 22:00,ECONOMICA,AVION,"2 escala (VVI, AEP) - 34:20",True,2,8548.0,8548.0,8548.0
2026-08-05 12:01:16,VUELO,2026-08-07,LPB,La Paz,COR,Cordoba,AEROLINEAS ARGENTINAS,AR,668 / 1369 / 1520,2026-08-07 10:40,2026-08-09 05:40,ECONOMICA,AVION,"2 escala (VVI, AEP) - 42:00",True,2,8548.0,8548.0,8548.0
2026-08-05 12:01:16,VUELO,2026-08-07,LPB,La Paz,EZE,Buenos Aires,BOLIVIANA DE AVIACION,OB,668 / 708,2026-08-07 10:40,2026-08-08 13:55,ECONOMICA,AVION,1 escala (VVI) - 26:15,True,1,6127.0,6127.0,6127.0
2026-08-05 12:01:16,VUELO,2026-08-07,LPB,La Paz,EZE,Buenos Aires,BOLIVIANA DE AVIACION,OB,668 / 700,2026-08-07 10:40,2026-08-08 01:50,ECONOMICA,AVION,1 escala (VVI) - 14:10,True,1,6445.0,6445.0,6445.0
2026-08-05 12:01:16,VUELO,2026-08-07,LPB,La Paz,MDZ,Mendoza,AEROLINEAS ARGENTINAS,AR,668 / 1369 / 1418,2026-08-07 10:40,2026-08-08 12:10,ECONOMICA,AVION,"2 escala (VVI, AEP) - 24:30",True,2,8893.0,8893.0,8893.0
2026-08-05 12:01:16,VUELO,2026-08-07,LPB,La Paz,MDZ,Mendoza,AEROLINEAS ARGENTINAS,AR,668 / 1369 / 1414,2026-08-07 10:40,2026-08-08 13:10,ECONOMICA,AVION,"2 escala (VVI, AEP) - 25:30",True,2,8893.0,8893.0,8893.0
2026-08-05 12:01:16,VUELO,2026-08-07,LPB,La Paz,MDZ,Mendoza,AEROLINEAS ARGENTINAS,AR,668 / 1369 / 1400,2026-08-07 10:40,2026-08-08 21:30,ECONOMICA,AVION,"2 escala (VVI, AEP) - 33:50",True,2,8893.0,8893.0,8893.0
2026-08-05 12:01:16,VUELO,2026-08-07,LPB,La Paz,MDZ,Mendoza,AEROLINEAS ARGENTINAS,AR,668 / 1369 / 1402,2026-08-07 10:40,2026-08-09 08:00,ECONOMICA,AVION,"2 escala (VVI, AEP) - 44:20",True,2,8893.0,8893.0,8893.0
2026-08-05 12:01:16,VUELO,2026-08-07,LPB,La Paz,MDZ,Mendoza,AEROLINEAS ARGENTINAS,AR,668 / 1369 / 1408,2026-08-07 10:40,2026-08-08 14:15,ECONOMICA,AVION,"2 escala (VVI, AEP) - 26:35",True,2,11504.0,11504.0,11504.0
2026-08-05 12:01:16,VUELO,2026-08-07,LPB,La Paz,MDZ,Mendoza,AEROLINEAS ARGENTINAS,AR,668 / 1369 / 1420,2026-08-07 10:40,2026-08-08 17:55,ECONOMICA,AVION,"2 escala (VVI, AEP) - 30:15",True,2,11504.0,11504.0,11504.0
2026-08-05 12:01:16,VUELO,2026-08-07,LPB,La Paz,MDZ,Mendoza,AEROLINEAS ARGENTINAS,AR,668 / 1369 / 1416,2026-08-07 10:40,2026-08-08 15:35,ECONOMICA,AVION,"2 escala (VVI, AEP) - 27:55",True,2,12927.0,12927.0,12927.0
2026-08-05 12:01:16,VUELO,2026-08-07,LPB,La Paz,VVI,Santa Cruz,BOLIVIANA DE AVIACION,OB,668,2026-08-07 10:40,2026-08-07 11:45,ECONOMICA,AVION,Directo (01:05),False,0,1067.0,1067.0,1067.0
2026-08-05 10:06:04,VUELO,2026-08-07,LPB,La Paz,VVI,Santa Cruz,BOLIVIANA DE AVIACION,OB,,2026-08-07 12:05,2026-08-07 13:10,ECONOMICA,AVION,0,,,1067.0,1067.0,1067.0
2026-08-05 10:06:04,VUELO,2026-08-07,LPB,La Paz,TJA,Tarija,BOLIVIANA DE AVIACION,OB,,2026-08-07 12:05,2026-08-07 20:20,ECONOMICA,AVION,0,,,2014.0,2014.0,2014.0
2026-08-05 10:06:04,VUELO,2026-08-07,LPB,La Paz,SRE,Sucre,BOLIVIANA DE AVIACION,OB,,2026-08-07 12:05,2026-08-07 20:30,ECONOMICA,AVION,0,,,1765.0,1765.0,1765.0
2026-08-05 12:01:16,VUELO,2026-08-07,LPB,La Paz,COR,Cordoba,AEROLINEAS ARGENTINAS,AR,672 / 1369 / 1538,2026-08-07 12:05,2026-08-08 17:45,ECONOMICA,AVION,"2 escala (VVI, AEP) - 28:40",True,2,8548.0,8548.0,8548.0
2026-08-05 12:01:16,VUELO,2026-08-07,LPB,La Paz,COR,Cordoba,AEROLINEAS ARGENTINAS,AR,672 / 1369 / 1546,2026-08-07 12:05,2026-08-08 21:00,ECONOMICA,AVION,"2 escala (VVI, AEP) - 31:55",True,2,8548.0,8548.0,8548.0
2026-08-05 12:01:16,VUELO,2026-08-07,LPB,La Paz,COR,Cordoba,AEROLINEAS ARGENTINAS,AR,672 / 1369 / 1550,2026-08-07 12:05,2026-08-08 22:00,ECONOMICA,AVION,"2 escala (VVI, AEP) - 32:55",True,2,8548.0,8548.0,8548.0
2026-08-05 12:01:16,VUELO,2026-08-07,LPB,La Paz,COR,Cordoba,AEROLINEAS ARGENTINAS,AR,672 / 1369 / 1520,2026-08-07 12:05,2026-08-09 05:40,ECONOMICA,AVION,"2 escala (VVI, AEP) - 40:35",True,2,8548.0,8548.0,8548.0
2026-08-05 12:01:16,VUELO,2026-08-07,LPB,La Paz,EZE,Buenos Aires,BOLIVIANA DE AVIACION,OB,672 / 708,2026-08-07 12:05,2026-08-08 13:55,ECONOMICA,AVION,1 escala (VVI) - 24:50,True,1,6127.0,6127.0,6127.0
2026-08-05 12:01:16,VUELO,2026-08-07,LPB,La Paz,EZE,Buenos Aires,BOLIVIANA DE AVIACION,OB,672 / 700,2026-08-07 12:05,2026-08-08 01:50,ECONOMICA,AVION,1 escala (VVI) - 12:45,True,1,6445.0,6445.0,6445.0
2026-08-05 12:01:16,VUELO,2026-08-07,LPB,La Paz,MDZ,Mendoza,AEROLINEAS ARGENTINAS,AR,672 / 1369 / 1418,2026-08-07 12:05,2026-08-08 12:10,ECONOMICA,AVION,"2 escala (VVI, AEP) - 23:05",True,2,8893.0,8893.0,8893.0
2026-08-05 12:01:16,VUELO,2026-08-07,LPB,La Paz,MDZ,Mendoza,AEROLINEAS ARGENTINAS,AR,672 / 1369 / 1414,2026-08-07 12:05,2026-08-08 13:10,ECONOMICA,AVION,"2 escala (VVI, AEP) - 24:05",True,2,8893.0,8893.0,8893.0
2026-08-05 12:01:16,VUELO,2026-08-07,LPB,La Paz,MDZ,Mendoza,AEROLINEAS ARGENTINAS,AR,672 / 1369 / 1400,2026-08-07 12:05,2026-08-08 21:30,ECONOMICA,AVION,"2 escala (VVI, AEP) - 32:25",True,2,8893.0,8893.0,8893.0
2026-08-05 12:01:16,VUELO,2026-08-07,LPB,La Paz,MDZ,Mendoza,AEROLINEAS ARGENTINAS,AR,672 / 1369 / 1402,2026-08-07 12:05,2026-08-09 08:00,ECONOMICA,AVION,"2 escala (VVI, AEP) - 42:55",True,2,8893.0,8893.0,8893.0
2026-08-05 12:01:16,VUELO,2026-08-07,LPB,La Paz,MDZ,Mendoza,AEROLINEAS ARGENTINAS,AR,672 / 1369 / 1408,2026-08-07 12:05,2026-08-08 14:15,ECONOMICA,AVION,"2 escala (VVI, AEP) - 25:10",True,2,11504.0,11504.0,11504.0
2026-08-05 12:01:16,VUELO,2026-08-07,LPB,La Paz,MDZ,Mendoza,AEROLINEAS ARGENTINAS,AR,672 / 1369 / 1420,2026-08-07 12:05,2026-08-08 17:55,ECONOMICA,AVION,"2 escala (VVI, AEP) - 28:50",True,2,11504.0,11504.0,11504.0
2026-08-05 12:01:16,VUELO,2026-08-07,LPB,La Paz,MDZ,Mendoza,AEROLINEAS ARGENTINAS,AR,672 / 1369 / 1416,2026-08-07 12:05,2026-08-08 15:35,ECONOMICA,AVION,"2 escala (VVI, AEP) - 26:30",True,2,12927.0,12927.0,12927.0
2026-08-05 12:01:16,VUELO,2026-08-07,LPB,La Paz,VVI,Santa Cruz,BOLIVIANA DE AVIACION,OB,672,2026-08-07 12:05,2026-08-07 13:10,ECONOMICA,AVION,Directo (01:05),False,0,973.0,973.0,973.0
2026-08-05 10:06:04,VUELO,2026-08-07,LPB,La Paz,CBB,Cochabamba,BOLIVIANA DE AVIACION,OB,,2026-08-07 12:25,2026-08-07 13:10,ECONOMICA,AVION,0,,,553.0,553.0,553.0
2026-08-05 10:06:04,VUELO,2026-08-07,LPB,La Paz,TJA,Tarija,BOLIVIANA DE AVIACION,OB,,2026-08-07 12:25,2026-08-07 20:20,ECONOMICA,AVION,0,,,1429.0,1429.0,1429.0
2026-08-05 10:06:04,VUELO,2026-08-07,LPB,La Paz,SRE,Sucre,BOLIVIANA DE AVIACION,OB,,2026-08-07 12:25,2026-08-07 20:30,ECONOMICA,AVION,0,,,950.0,950.0,950.0
2026-08-05 10:06:04,VUELO,2026-08-07,LPB,La Paz,TDD,Trinidad,BOLIVIANA DE AVIACION,OB,,2026-08-07 12:25,2026-08-07 14:45,ECONOMICA,AVION,0,,,992.0,992.0,992.0
2026-08-05 12:01:16,VUELO,2026-08-07,LPB,La Paz,CBB,Cochabamba,BOLIVIANA DE AVIACION,OB,613,2026-08-07 12:25,2026-08-07 13:10,ECONOMICA,AVION,Directo (00:45),False,0,553.0,553.0,553.0
2026-08-05 12:01:16,VUELO,2026-08-07,LPB,La Paz,EZE,Buenos Aires,BOLIVIANA DE AVIACION,OB,613 / 634 / 708,2026-08-07 12:25,2026-08-08 13:55,ECONOMICA,AVION,"2 escala (CBB, VVI) - 24:30",True,2,6127.0,6127.0,6127.0
2026-08-05 12:01:16,VUELO,2026-08-07,LPB,La Paz,ORU,Oruro,BOLIVIANA DE AVIACION,OB,613 / 324,2026-08-07 12:25,2026-08-07 14:40,ECONOMICA,AVION,1 escala (CBB) - 02:15,True,1,763.0,763.0,763.0
2026-08-05 12:01:16,VUELO,2026-08-07,LPB,La Paz,SRE,Sucre,BOLIVIANA DE AVIACION,OB,613 / 578,2026-08-07 12:25,2026-08-07 20:30,ECONOMICA,AVION,1 escala (CBB) - 08:05,True,1,950.0,950.0,950.0
2026-08-05 12:01:16,VUELO,2026-08-07,LPB,La Paz,TDD,Trinidad,BOLIVIANA DE AVIACION,OB,613 / 446,2026-08-07 12:25,2026-08-07 14:45,ECONOMICA,AVION,1 escala (CBB) - 02:20,True,1,992.0,992.0,992.0
2026-08-05 10:06:04,VUELO,2026-08-07,LPB,LA PAZ,VVI,SANTA CRUZ,TAMep,2E,,2026-08-07 12:30,2026-08-07 13:40,ECONOMICA,AVION,0,,,568.0,568.0,568.0
2026-08-05 12:01:16,VUELO,2026-08-07,LPB,LA PAZ,VVI,SANTA CRUZ,TAMep,2E,705,2026-08-07 12:30,2026-08-07 13:40,ECONOMICA,AVION,Directo (01:10),False,0,458.0,458.0,458.0
2026-08-05 10:06:04,VUELO,2026-08-07,LPB,La Paz,VVI,Santa Cruz,BOLIVIANA DE AVIACION,OB,,2026-08-07 15:40,2026-08-07 16:45,ECONOMICA,AVION,0,,,1067.0,1067.0,1067.0
2026-08-05 10:06:04,VUELO,2026-08-07,LPB,La Paz,CBB,Cochabamba,BOLIVIANA DE AVIACION,OB,,2026-08-07 15:40,2026-08-07 18:50,ECONOMICA,AVION,0,,,1765.0,1765.0,1765.0
2026-08-05 10:06:04,VUELO,2026-08-07,LPB,La Paz,TJA,Tarija,BOLIVIANA DE AVIACION,OB,,2026-08-07 15:40,2026-08-07 20:20,ECONOMICA,AVION,0,,,2014.0,2014.0,2014.0
2026-08-05 10:06:04,VUELO,2026-08-07,LPB,La Paz,SRE,Sucre,BOLIVIANA DE AVIACION,OB,,2026-08-07 15:40,2026-08-07 20:30,ECONOMICA,AVION,0,,,1765.0,1765.0,1765.0
2026-08-05 12:01:16,VUELO,2026-08-07,LPB,La Paz,COR,Cordoba,AEROLINEAS ARGENTINAS,AR,680 / 1369 / 1538,2026-08-07 15:40,2026-08-08 17:45,ECONOMICA,AVION,"2 escala (VVI, AEP) - 25:05",True,2,8548.0,8548.0,8548.0
2026-08-05 12:01:16,VUELO,2026-08-07,LPB,La Paz,COR,Cordoba,AEROLINEAS ARGENTINAS,AR,680 / 1369 / 1546,2026-08-07 15:40,2026-08-08 21:00,ECONOMICA,AVION,"2 escala (VVI, AEP) - 28:20",True,2,8548.0,8548.0,8548.0
2026-08-05 12:01:16,VUELO,2026-08-07,LPB,La Paz,COR,Cordoba,AEROLINEAS ARGENTINAS,AR,680 / 1369 / 1550,2026-08-07 15:40,2026-08-08 22:00,ECONOMICA,AVION,"2 escala (VVI, AEP) - 29:20",True,2,8548.0,8548.0,8548.0
2026-08-05 12:01:16,VUELO,2026-08-07,LPB,La Paz,COR,Cordoba,AEROLINEAS ARGENTINAS,AR,680 / 1369 / 1520,2026-08-07 15:40,2026-08-09 05:40,ECONOMICA,AVION,"2 escala (VVI, AEP) - 37:00",True,2,8548.0,8548.0,8548.0
2026-08-05 12:01:16,VUELO,2026-08-07,LPB,La Paz,EZE,Buenos Aires,BOLIVIANA DE AVIACION,OB,680 / 708,2026-08-07 15:40,2026-08-08 13:55,ECONOMICA,AVION,1 escala (VVI) - 21:15,True,1,6127.0,6127.0,6127.0
2026-08-05 12:01:16,VUELO,2026-08-07,LPB,La Paz,EZE,Buenos Aires,BOLIVIANA DE AVIACION,OB,680 / 700,2026-08-07 15:40,2026-08-08 01:50,ECONOMICA,AVION,1 escala (VVI) - 09:10,True,1,6430.0,6430.0,6430.0
2026-08-05 12:01:16,VUELO,2026-08-07,LPB,La Paz,MDZ,Mendoza,AEROLINEAS ARGENTINAS,AR,680 / 1369 / 1418,2026-08-07 15:40,2026-08-08 12:10,ECONOMICA,AVION,"2 escala (VVI, AEP) - 19:30",True,2,8893.0,8893.0,8893.0
2026-08-05 12:01:16,VUELO,2026-08-07,LPB,La Paz,MDZ,Mendoza,AEROLINEAS ARGENTINAS,AR,680 / 1369 / 1414,2026-08-07 15:40,2026-08-08 13:10,ECONOMICA,AVION,"2 escala (VVI, AEP) - 20:30",True,2,8893.0,8893.0,8893.0
2026-08-05 12:01:16,VUELO,2026-08-07,LPB,La Paz,MDZ,Mendoza,AEROLINEAS ARGENTINAS,AR,680 / 1369 / 1400,2026-08-07 15:40,2026-08-08 21:30,ECONOMICA,AVION,"2 escala (VVI, AEP) - 28:50",True,2,8893.0,8893.0,8893.0
2026-08-05 12:01:16,VUELO,2026-08-07,LPB,La Paz,MDZ,Mendoza,AEROLINEAS ARGENTINAS,AR,680 / 1369 / 1402,2026-08-07 15:40,2026-08-09 08:00,ECONOMICA,AVION,"2 escala (VVI, AEP) - 39:20",True,2,8893.0,8893.0,8893.0
2026-08-05 12:01:16,VUELO,2026-08-07,LPB,La Paz,MDZ,Mendoza,AEROLINEAS ARGENTINAS,AR,680 / 1369 / 1408,2026-08-07 15:40,2026-08-08 14:15,ECONOMICA,AVION,"2 escala (VVI, AEP) - 21:35",True,2,11504.0,11504.0,11504.0
2026-08-05 12:01:16,VUELO,2026-08-07,LPB,La Paz,MDZ,Mendoza,AEROLINEAS ARGENTINAS,AR,680 / 1369 / 1420,2026-08-07 15:40,2026-08-08 17:55,ECONOMICA,AVION,"2 escala (VVI, AEP) - 25:15",True,2,11504.0,11504.0,11504.0
2026-08-05 12:01:16,VUELO,2026-08-07,LPB,La Paz,MDZ,Mendoza,AEROLINEAS ARGENTINAS,AR,680 / 1369 / 1416,2026-08-07 15:40,2026-08-08 15:35,ECONOMICA,AVION,"2 escala (VVI, AEP) - 22:55",True,2,12927.0,12927.0,12927.0
2026-08-05 12:01:16,VUELO,2026-08-07,LPB,La Paz,VVI,Santa Cruz,BOLIVIANA DE AVIACION,OB,680,2026-08-07 15:40,2026-08-07 16:45,ECONOMICA,AVION,Directo (01:05),False,0,973.0,973.0,973.0
2026-08-05 12:01:16,VUELO,2026-08-07,LPB,La Paz,CGB,Cuiaba,AVIANCA,AV,104 / 85 / 4769,2026-08-07 15:50,2026-08-08 09:45,ECONOMICA,AVION,"2 escala (BOG, GRU) - 17:55",True,2,10670.0,10670.0,10670.0
2026-08-05 12:01:16,VUELO,2026-08-07,LPB,La Paz,CGB,Cuiaba,AVIANCA,AV,104 / 85 / 2708,2026-08-07 15:50,2026-08-09 01:20,ECONOMICA,AVION,"2 escala (BOG, GRU) - 33:30",True,2,10670.0,10670.0,10670.0
2026-08-05 12:01:16,VUELO,2026-08-07,LPB,La Paz,CGB,Cuiaba,AVIANCA,AV,104 / 185 / 2708,2026-08-07 15:50,2026-08-09 01:20,ECONOMICA,AVION,"2 escala (BOG, GRU) - 33:30",True,2,16362.0,16362.0,16362.0
2026-08-05 12:01:16,VUELO,2026-08-07,LPB,La Paz,COR,Cordoba,AVIANCA,AV,104 / 139,2026-08-07 15:50,2026-08-08 06:20,ECONOMICA,AVION,1 escala (BOG) - 13:30,True,1,4856.0,4856.0,4856.0
2026-08-05 12:01:16,VUELO,2026-08-07,LPB,La Paz,EZE,Buenos Aires,AVIANCA,AV,104 / 85 / 90,2026-08-07 15:50,2026-08-08 14:30,ECONOMICA,AVION,"2 escala (BOG, GRU) - 21:40",True,2,9650.0,9650.0,9650.0
2026-08-05 10:06:04,VUELO,2026-08-07,LPB,La Paz,CBB,Cochabamba,BOLIVIANA DE AVIACION,OB,,2026-08-07 18:00,2026-08-07 18:45,ECONOMICA,AVION,0,,,553.0,553.0,553.0
2026-08-05 10:06:04,VUELO,2026-08-07,LPB,La Paz,TJA,Tarija,BOLIVIANA DE AVIACION,OB,,2026-08-07 18:00,2026-08-07 20:20,ECONOMICA,AVION,0,,,1158.0,1158.0,1158.0
2026-08-05 10:06:04,VUELO,2026-08-07,LPB,La Paz,SRE,Sucre,BOLIVIANA DE AVIACION,OB,,2026-08-07 18:00,2026-08-07 20:30,ECONOMICA,AVION,0,,,788.0,788.0,788.0
2026-08-05 12:01:16,VUELO,2026-08-07,LPB,La Paz,CBB,Cochabamba,BOLIVIANA DE AVIACION,OB,619,2026-08-07 18:00,2026-08-07 18:45,ECONOMICA,AVION,Directo (00:45),False,0,553.0,553.0,553.0
2026-08-05 12:01:16,VUELO,2026-08-07,LPB,La Paz,EZE,Buenos Aires,BOLIVIANA DE AVIACION,OB,619 / 634 / 708,2026-08-07 18:00,2026-08-08 13:55,ECONOMICA,AVION,"2 escala (CBB, VVI) - 18:55",True,2,6127.0,6127.0,6127.0
2026-08-05 12:01:16,VUELO,2026-08-07,LPB,La Paz,SRE,Sucre,BOLIVIANA DE AVIACION,OB,619 / 578,2026-08-07 18:00,2026-08-07 20:30,ECONOMICA,AVION,1 escala (CBB) - 02:30,True,1,788.0,788.0,788.0
2026-08-05 10:06:04,VUELO,2026-08-07,LPB,La Paz,VVI,Santa Cruz,BOLIVIANA DE AVIACION,OB,,2026-08-07 19:10,2026-08-07 20:15,ECONOMICA,AVION,0,,,783.0,783.0,783.0
2026-08-05 10:06:04,VUELO,2026-08-07,LPB,La Paz,CBB,Cochabamba,BOLIVIANA DE AVIACION,OB,,2026-08-07 19:10,2026-08-07 22:00,ECONOMICA,AVION,0,,,1481.0,1481.0,1481.0
2026-08-05 12:01:16,VUELO,2026-08-07,LPB,La Paz,CBB,Cochabamba,BOLIVIANA DE AVIACION,OB,682 / 653,2026-08-07 19:10,2026-08-07 22:00,ECONOMICA,AVION,1 escala (VVI) - 02:50,True,1,1481.0,1481.0,1481.0
2026-08-05 12:01:16,VUELO,2026-08-07,LPB,La Paz,COR,Cordoba,AEROLINEAS ARGENTINAS,AR,682 / 1369 / 1538,2026-08-07 19:10,2026-08-08 17:45,ECONOMICA,AVION,"2 escala (VVI, AEP) - 21:35",True,2,8533.0,8533.0,8533.0
2026-08-05 12:01:16,VUELO,2026-08-07,LPB,La Paz,COR,Cordoba,AEROLINEAS ARGENTINAS,AR,682 / 1369 / 1546,2026-08-07 19:10,2026-08-08 21:00,ECONOMICA,AVION,"2 escala (VVI, AEP) - 24:50",True,2,8533.0,8533.0,8533.0
2026-08-05 12:01:16,VUELO,2026-08-07,LPB,La Paz,COR,Cordoba,AEROLINEAS ARGENTINAS,AR,682 / 1369 / 1550,2026-08-07 19:10,2026-08-08 22:00,ECONOMICA,AVION,"2 escala (VVI, AEP) - 25:50",True,2,8533.0,8533.0,8533.0
2026-08-05 12:01:16,VUELO,2026-08-07,LPB,La Paz,COR,Cordoba,AEROLINEAS ARGENTINAS,AR,682 / 1369 / 1520,2026-08-07 19:10,2026-08-09 05:40,ECONOMICA,AVION,"2 escala (VVI, AEP) - 33:30",True,2,8533.0,8533.0,8533.0
2026-08-05 12:01:16,VUELO,2026-08-07,LPB,La Paz,EZE,Buenos Aires,BOLIVIANA DE AVIACION,OB,682 / 708,2026-08-07 19:10,2026-08-08 13:55,ECONOMICA,AVION,1 escala (VVI) - 17:45,True,1,6127.0,6127.0,6127.0
2026-08-05 12:01:16,VUELO,2026-08-07,LPB,La Paz,EZE,Buenos Aires,BOLIVIANA DE AVIACION,OB,682 / 700,2026-08-07 19:10,2026-08-08 01:50,ECONOMICA,AVION,1 escala (VVI) - 05:40,True,1,6430.0,6430.0,6430.0
2026-08-05 12:01:16,VUELO,2026-08-07,LPB,La Paz,MDZ,Mendoza,AEROLINEAS ARGENTINAS,AR,682 / 1369 / 1418,2026-08-07 19:10,2026-08-08 12:10,ECONOMICA,AVION,"2 escala (VVI, AEP) - 16:00",True,2,8878.0,8878.0,8878.0
2026-08-05 12:01:16,VUELO,2026-08-07,LPB,La Paz,MDZ,Mendoza,AEROLINEAS ARGENTINAS,AR,682 / 1369 / 1414,2026-08-07 19:10,2026-08-08 13:10,ECONOMICA,AVION,"2 escala (VVI, AEP) - 17:00",True,2,8878.0,8878.0,8878.0
2026-08-05 12:01:16,VUELO,2026-08-07,LPB,La Paz,MDZ,Mendoza,AEROLINEAS ARGENTINAS,AR,682 / 1369 / 1400,2026-08-07 19:10,2026-08-08 21:30,ECONOMICA,AVION,"2 escala (VVI, AEP) - 25:20",True,2,8878.0,8878.0,8878.0
2026-08-05 12:01:16,VUELO,2026-08-07,LPB,La Paz,MDZ,Mendoza,AEROLINEAS ARGENTINAS,AR,682 / 1369 / 1402,2026-08-07 19:10,2026-08-09 08:00,ECONOMICA,AVION,"2 escala (VVI, AEP) - 35:50",True,2,8878.0,8878.0,8878.0
2026-08-05 12:01:16,VUELO,2026-08-07,LPB,La Paz,MDZ,Mendoza,AEROLINEAS ARGENTINAS,AR,682 / 1369 / 1408,2026-08-07 19:10,2026-08-08 14:15,ECONOMICA,AVION,"2 escala (VVI, AEP) - 18:05",True,2,11489.0,11489.0,11489.0
2026-08-05 12:01:16,VUELO,2026-08-07,LPB,La Paz,MDZ,Mendoza,AEROLINEAS ARGENTINAS,AR,682 / 1369 / 1420,2026-08-07 19:10,2026-08-08 17:55,ECONOMICA,AVION,"2 escala (VVI, AEP) - 21:45",True,2,11489.0,11489.0,11489.0
2026-08-05 12:01:16,VUELO,2026-08-07,LPB,La Paz,MDZ,Mendoza,AEROLINEAS ARGENTINAS,AR,682 / 1369 / 1416,2026-08-07 19:10,2026-08-08 15:35,ECONOMICA,AVION,"2 escala (VVI, AEP) - 19:25",True,2,12912.0,12912.0,12912.0
2026-08-05 12:01:16,VUELO,2026-08-07,LPB,La Paz,VVI,Santa Cruz,BOLIVIANA DE AVIACION,OB,682,2026-08-07 19:10,2026-08-07 20:15,ECONOMICA,AVION,Directo (01:05),False,0,783.0,783.0,783.0
2026-08-05 10:06:04,VUELO,2026-08-07,LPB,LA PAZ,VVI,SANTA CRUZ,TAMep,2E,,2026-08-07 21:00,2026-08-07 22:10,ECONOMICA,AVION,0,,,568.0,568.0,568.0
2026-08-05 12:01:16,VUELO,2026-08-07,LPB,LA PAZ,VVI,SANTA CRUZ,TAMep,2E,709,2026-08-07 21:00,2026-08-07 22:10,ECONOMICA,AVION,Directo (01:10),False,0,458.0,458.0,458.0
2026-08-05 10:06:04,VUELO,2026-08-07,LPB,La Paz,VVI,Santa Cruz,BOLIVIANA DE AVIACION,OB,,2026-08-07 21:40,2026-08-07 22:45,ECONOMICA,AVION,0,,,783.0,783.0,783.0
2026-08-05 10:06:04,VUELO,2026-08-07,LPB,La Paz,CBB,Cochabamba,BOLIVIANA DE AVIACION,OB,,2026-08-07 21:40,2026-08-08 00:30,ECONOMICA,AVION,0,,,1481.0,1481.0,1481.0
2026-08-05 10:06:04,VUELO,2026-08-07,LPB,La Paz,TJA,Tarija,BOLIVIANA DE AVIACION,OB,,2026-08-07 21:40,2026-08-08 09:00,ECONOMICA,AVION,0,,,2125.0,2125.0,2125.0
2026-08-05 10:06:04,VUELO,2026-08-07,LPB,La Paz,SRE,Sucre,BOLIVIANA DE AVIACION,OB,,2026-08-07 21:40,2026-08-08 09:00,ECONOMICA,AVION,0,,,1972.0,1972.0,1972.0
2026-08-05 12:01:16,VUELO,2026-08-07,LPB,La Paz,CBB,Cochabamba,BOLIVIANA DE AVIACION,OB,684 / 659,2026-08-07 21:40,2026-08-08 00:30,ECONOMICA,AVION,1 escala (VVI) - 02:50,True,1,1291.0,1291.0,1291.0
2026-08-05 12:01:16,VUELO,2026-08-07,LPB,La Paz,COR,Cordoba,AEROLINEAS ARGENTINAS,AR,684 / 1369 / 1538,2026-08-07 21:40,2026-08-08 17:45,ECONOMICA,AVION,"2 escala (VVI, AEP) - 19:05",True,2,8533.0,8533.0,8533.0
2026-08-05 12:01:16,VUELO,2026-08-07,LPB,La Paz,COR,Cordoba,AEROLINEAS ARGENTINAS,AR,684 / 1369 / 1546,2026-08-07 21:40,2026-08-08 21:00,ECONOMICA,AVION,"2 escala (VVI, AEP) - 22:20",True,2,8533.0,8533.0,8533.0
2026-08-05 12:01:16,VUELO,2026-08-07,LPB,La Paz,COR,Cordoba,AEROLINEAS ARGENTINAS,AR,684 / 1369 / 1550,2026-08-07 21:40,2026-08-08 22:00,ECONOMICA,AVION,"2 escala (VVI, AEP) - 23:20",True,2,8533.0,8533.0,8533.0
2026-08-05 12:01:16,VUELO,2026-08-07,LPB,La Paz,COR,Cordoba,AEROLINEAS ARGENTINAS,AR,684 / 1369 / 1520,2026-08-07 21:40,2026-08-09 05:40,ECONOMICA,AVION,"2 escala (VVI, AEP) - 31:00",True,2,8533.0,8533.0,8533.0
2026-08-05 12:01:16,VUELO,2026-08-07,LPB,La Paz,COR,Cordoba,AEROLINEAS ARGENTINAS,AR,684 / 1369 / 1532,2026-08-07 21:40,2026-08-08 13:25,ECONOMICA,AVION,"2 escala (VVI, AEP) - 14:45",True,2,11144.0,11144.0,11144.0
2026-08-05 12:01:16,VUELO,2026-08-07,LPB,La Paz,COR,Cordoba,AEROLINEAS ARGENTINAS,AR,684 / 1369 / 1528,2026-08-07 21:40,2026-08-08 12:25,ECONOMICA,AVION,"2 escala (VVI, AEP) - 13:45",True,2,14238.0,14238.0,14238.0
2026-08-05 12:01:16,VUELO,2026-08-07,LPB,La Paz,EZE,Buenos Aires,BOLIVIANA DE AVIACION,OB,684 / 708,2026-08-07 21:40,2026-08-08 13:55,ECONOMICA,AVION,1 escala (VVI) - 15:15,True,1,6127.0,6127.0,6127.0
2026-08-05 12:01:16,VUELO,2026-08-07,LPB,La Paz,MDZ,Mendoza,AEROLINEAS ARGENTINAS,AR,684 / 1369 / 1418,2026-08-07 21:40,2026-08-08 12:10,ECONOMICA,AVION,"2 escala (VVI, AEP) - 13:30",True,2,8878.0,8878.0,8878.0
2026-08-05 12:01:16,VUELO,2026-08-07,LPB,La Paz,MDZ,Mendoza,AEROLINEAS ARGENTINAS,AR,684 / 1369 / 1414,2026-08-07 21:40,2026-08-08 13:10,ECONOMICA,AVION,"2 escala (VVI, AEP) - 14:30",True,2,8878.0,8878.0,8878.0
2026-08-05 12:01:16,VUELO,2026-08-07,LPB,La Paz,MDZ,Mendoza,AEROLINEAS ARGENTINAS,AR,684 / 1369 / 1400,2026-08-07 21:40,2026-08-08 21:30,ECONOMICA,AVION,"2 escala (VVI, AEP) - 22:50",True,2,8878.0,8878.0,8878.0
2026-08-05 12:01:16,VUELO,2026-08-07,LPB,La Paz,MDZ,Mendoza,AEROLINEAS ARGENTINAS,AR,684 / 1369 / 1402,2026-08-07 21:40,2026-08-09 08:00,ECONOMICA,AVION,"2 escala (VVI, AEP) - 33:20",True,2,8878.0,8878.0,8878.0
2026-08-05 12:01:16,VUELO,2026-08-07,LPB,La Paz,MDZ,Mendoza,AEROLINEAS ARGENTINAS,AR,684 / 1369 / 1408,2026-08-07 21:40,2026-08-08 14:15,ECONOMICA,AVION,"2 escala (VVI, AEP) - 15:35",True,2,11489.0,11489.0,11489.0
2026-08-05 12:01:16,VUELO,2026-08-07,LPB,La Paz,MDZ,Mendoza,AEROLINEAS ARGENTINAS,AR,684 / 1369 / 1420,2026-08-07 21:40,2026-08-08 17:55,ECONOMICA,AVION,"2 escala (VVI, AEP) - 19:15",True,2,11489.0,11489.0,11489.0
2026-08-05 12:01:16,VUELO,2026-08-07,LPB,La Paz,MDZ,Mendoza,AEROLINEAS ARGENTINAS,AR,684 / 1369 / 1416,2026-08-07 21:40,2026-08-08 15:35,ECONOMICA,AVION,"2 escala (VVI, AEP) - 16:55",True,2,12912.0,12912.0,12912.0
2026-08-05 12:01:16,VUELO,2026-08-07,LPB,La Paz,SRE,Sucre,BOLIVIANA DE AVIACION,OB,684 / 631 / 572,2026-08-07 21:40,2026-08-08 09:00,ECONOMICA,AVION,"2 escala (VVI, CBB) - 11:20",True,2,1306.0,1306.0,1306.0
2026-08-05 12:01:16,VUELO,2026-08-07,LPB,La Paz,SRE,Sucre,BOLIVIANA DE AVIACION,OB,684 / 659 / 572,2026-08-07 21:40,2026-08-08 09:00,ECONOMICA,AVION,"2 escala (VVI, CBB) - 11:20",True,2,1735.0,1735.0,1735.0
2026-08-05 12:01:16,VUELO,2026-08-07,LPB,La Paz,TJA,Tarija,BOLIVIANA DE AVIACION,OB,684 / 631 / 524,2026-08-07 21:40,2026-08-08 09:00,ECONOMICA,AVION,"2 escala (VVI, CBB) - 11:20",True,2,1556.0,1556.0,1556.0
2026-08-05 12:01:16,VUELO,2026-08-07,LPB,La Paz,TJA,Tarija,BOLIVIANA DE AVIACION,OB,684 / 659 / 524,2026-08-07 21:40,2026-08-08 09:00,ECONOMICA,AVION,"2 escala (VVI, CBB) - 11:20",True,2,1935.0,1935.0,1935.0
2026-08-05 12:01:16,VUELO,2026-08-07,LPB,La Paz,VVI,Santa Cruz,BOLIVIANA DE AVIACION,OB,684,2026-08-07 21:40,2026-08-07 22:45,ECONOMICA,AVION,Directo (01:05),False,0,594.0,594.0,594.0
2026-08-05 10:06:04,VUELO,2026-08-07,LPB,La Paz,VVI,Santa Cruz,BOLIVIANA DE AVIACION,OB,,2026-08-07 22:35,2026-08-07 23:40,ECONOMICA,AVION,0,,,783.0,783.0,783.0
2026-08-05 10:06:04,VUELO,2026-08-07,LPB,La Paz,TJA,Tarija,BOLIVIANA DE AVIACION,OB,,2026-08-07 22:35,2026-08-08 09:00,ECONOMICA,AVION,0,,,1645.0,1645.0,1645.0
2026-08-05 10:06:04,VUELO,2026-08-07,LPB,La Paz,SRE,Sucre,BOLIVIANA DE AVIACION,OB,,2026-08-07 22:35,2026-08-08 09:00,ECONOMICA,AVION,0,,,1418.0,1418.0,1418.0
2026-08-05 12:01:16,VUELO,2026-08-07,LPB,La Paz,COR,Cordoba,AEROLINEAS ARGENTINAS,AR,688 / 1369 / 1538,2026-08-07 22:35,2026-08-08 17:45,ECONOMICA,AVION,"2 escala (VVI, AEP) - 18:10",True,2,8533.0,8533.0,8533.0
2026-08-05 12:01:16,VUELO,2026-08-07,LPB,La Paz,COR,Cordoba,AEROLINEAS ARGENTINAS,AR,688 / 1369 / 1546,2026-08-07 22:35,2026-08-08 21:00,ECONOMICA,AVION,"2 escala (VVI, AEP) - 21:25",True,2,8533.0,8533.0,8533.0
2026-08-05 12:01:16,VUELO,2026-08-07,LPB,La Paz,COR,Cordoba,AEROLINEAS ARGENTINAS,AR,688 / 1369 / 1550,2026-08-07 22:35,2026-08-08 22:00,ECONOMICA,AVION,"2 escala (VVI, AEP) - 22:25",True,2,8533.0,8533.0,8533.0
2026-08-05 12:01:16,VUELO,2026-08-07,LPB,La Paz,COR,Cordoba,AEROLINEAS ARGENTINAS,AR,688 / 1369 / 1520,2026-08-07 22:35,2026-08-09 05:40,ECONOMICA,AVION,"2 escala (VVI, AEP) - 30:05",True,2,8533.0,8533.0,8533.0
2026-08-05 12:01:16,VUELO,2026-08-07,LPB,La Paz,COR,Cordoba,AEROLINEAS ARGENTINAS,AR,688 / 1369 / 1532,2026-08-07 22:35,2026-08-08 13:25,ECONOMICA,AVION,"2 escala (VVI, AEP) - 13:50",True,2,11144.0,11144.0,11144.0
2026-08-05 12:01:16,VUELO,2026-08-07,LPB,La Paz,COR,Cordoba,AEROLINEAS ARGENTINAS,AR,688 / 1369 / 1528,2026-08-07 22:35,2026-08-08 12:25,ECONOMICA,AVION,"2 escala (VVI, AEP) - 12:50",True,2,14238.0,14238.0,14238.0
2026-08-05 12:01:16,VUELO,2026-08-07,LPB,La Paz,EZE,Buenos Aires,BOLIVIANA DE AVIACION,OB,688 / 708,2026-08-07 22:35,2026-08-08 13:55,ECONOMICA,AVION,1 escala (VVI) - 14:20,True,1,6127.0,6127.0,6127.0
2026-08-05 12:01:16,VUELO,2026-08-07,LPB,La Paz,MDZ,Mendoza,AEROLINEAS ARGENTINAS,AR,688 / 1369 / 1418,2026-08-07 22:35,2026-08-08 12:10,ECONOMICA,AVION,"2 escala (VVI, AEP) - 12:35",True,2,8878.0,8878.0,8878.0
2026-08-05 12:01:16,VUELO,2026-08-07,LPB,La Paz,MDZ,Mendoza,AEROLINEAS ARGENTINAS,AR,688 / 1369 / 1414,2026-08-07 22:35,2026-08-08 13:10,ECONOMICA,AVION,"2 escala (VVI, AEP) - 13:35",True,2,8878.0,8878.0,8878.0
2026-08-05 12:01:16,VUELO,2026-08-07,LPB,La Paz,MDZ,Mendoza,AEROLINEAS ARGENTINAS,AR,688 / 1369 / 1400,2026-08-07 22:35,2026-08-08 21:30,ECONOMICA,AVION,"2 escala (VVI, AEP) - 21:55",True,2,8878.0,8878.0,8878.0
2026-08-05 12:01:16,VUELO,2026-08-07,LPB,La Paz,MDZ,Mendoza,AEROLINEAS ARGENTINAS,AR,688 / 1369 / 1402,2026-08-07 22:35,2026-08-09 08:00,ECONOMICA,AVION,"2 escala (VVI, AEP) - 32:25",True,2,8878.0,8878.0,8878.0
2026-08-05 12:01:16,VUELO,2026-08-07,LPB,La Paz,MDZ,Mendoza,AEROLINEAS ARGENTINAS,AR,688 / 1369 / 1408,2026-08-07 22:35,2026-08-08 14:15,ECONOMICA,AVION,"2 escala (VVI, AEP) - 14:40",True,2,11489.0,11489.0,11489.0
2026-08-05 12:01:16,VUELO,2026-08-07,LPB,La Paz,MDZ,Mendoza,AEROLINEAS ARGENTINAS,AR,688 / 1369 / 1420,2026-08-07 22:35,2026-08-08 17:55,ECONOMICA,AVION,"2 escala (VVI, AEP) - 18:20",True,2,11489.0,11489.0,11489.0
2026-08-05 12:01:16,VUELO,2026-08-07,LPB,La Paz,MDZ,Mendoza,LATAM AIRLINES GROUP,LA,688 / 890 / 434,2026-08-07 22:35,2026-08-09 11:06,ECONOMICA,AVION,"2 escala (VVI, SCL) - 35:31",True,2,12258.0,12258.0,12258.0
2026-08-05 12:01:16,VUELO,2026-08-07,LPB,La Paz,MDZ,Mendoza,AEROLINEAS ARGENTINAS,AR,688 / 1369 / 1416,2026-08-07 22:35,2026-08-08 15:35,ECONOMICA,AVION,"2 escala (VVI, AEP) - 16:00",True,2,12912.0,12912.0,12912.0
2026-08-05 12:01:16,VUELO,2026-08-07,LPB,La Paz,SRE,Sucre,BOLIVIANA DE AVIACION,OB,688 / 631 / 572,2026-08-07 22:35,2026-08-08 09:00,ECONOMICA,AVION,"2 escala (VVI, CBB) - 10:25",True,2,1291.0,1291.0,1291.0
2026-08-05 12:01:16,VUELO,2026-08-07,LPB,La Paz,TJA,Tarija,BOLIVIANA DE AVIACION,OB,688 / 631 / 524,2026-08-07 22:35,2026-08-08 09:00,ECONOMICA,AVION,"2 escala (VVI, CBB) - 10:25",True,2,1541.0,1541.0,1541.0
2026-08-05 12:01:16,VUELO,2026-08-07,LPB,La Paz,VVI,Santa Cruz,BOLIVIANA DE AVIACION,OB,688,2026-08-07 22:35,2026-08-07 23:40,ECONOMICA,AVION,Directo (01:05),False,0,594.0,594.0,594.0
2026-08-05 10:06:04,VUELO,2026-08-07,LPB,La Paz,CBB,Cochabamba,BOLIVIANA DE AVIACION,OB,,2026-08-07 23:35,2026-08-08 00:20,ECONOMICA,AVION,0,,,360.0,360.0,360.0
2026-08-05 10:06:04,VUELO,2026-08-07,LPB,La Paz,TJA,Tarija,BOLIVIANA DE AVIACION,OB,,2026-08-07 23:35,2026-08-08 09:00,ECONOMICA,AVION,0,,,1004.0,1004.0,1004.0
2026-08-05 10:06:04,VUELO,2026-08-07,LPB,La Paz,SRE,Sucre,BOLIVIANA DE AVIACION,OB,,2026-08-07 23:35,2026-08-08 09:00,ECONOMICA,AVION,0,,,851.0,851.0,851.0
2026-08-05 12:01:16,VUELO,2026-08-07,LPB,La Paz,CBB,Cochabamba,BOLIVIANA DE AVIACION,OB,629,2026-08-07 23:35,2026-08-08 00:20,ECONOMICA,AVION,Directo (00:45),False,0,360.0,360.0,360.0
2026-08-05 12:01:16,VUELO,2026-08-07,LPB,La Paz,EZE,Buenos Aires,BOLIVIANA DE AVIACION,OB,629 / 634 / 708,2026-08-07 23:35,2026-08-08 13:55,ECONOMICA,AVION,"2 escala (CBB, VVI) - 13:20",True,2,6112.0,6112.0,6112.0
2026-08-05 12:01:16,VUELO,2026-08-07,LPB,La Paz,SRE,Sucre,BOLIVIANA DE AVIACION,OB,629 / 572,2026-08-07 23:35,2026-08-08 09:00,ECONOMICA,AVION,1 escala (CBB) - 09:25,True,1,804.0,804.0,804.0
2026-08-05 12:01:16,VUELO,2026-08-07,LPB,La Paz,TJA,Tarija,BOLIVIANA DE AVIACION,OB,629 / 524,2026-08-07 23:35,2026-08-08 09:00,ECONOMICA,AVION,1 escala (CBB) - 09:25,True,1,1004.0,1004.0,1004.0
2026-08-05 10:06:04,VUELO,2026-08-07,LPB,La Paz,CBB,Cochabamba,BOLIVIANA DE AVIACION,OB,,2026-08-07 23:55,2026-08-08 00:40,ECONOMICA,AVION,0,,,360.0,360.0,360.0
2026-08-05 10:06:04,VUELO,2026-08-07,LPB,La Paz,TJA,Tarija,BOLIVIANA DE AVIACION,OB,,2026-08-07 23:55,2026-08-08 09:00,ECONOMICA,AVION,0,,,1004.0,1004.0,1004.0
2026-08-05 10:06:04,VUELO,2026-08-07,LPB,La Paz,SRE,Sucre,BOLIVIANA DE AVIACION,OB,,2026-08-07 23:55,2026-08-08 09:00,ECONOMICA,AVION,0,,,851.0,851.0,851.0
2026-08-05 12:01:16,VUELO,2026-08-07,LPB,La Paz,CBB,Cochabamba,BOLIVIANA DE AVIACION,OB,929,2026-08-07 23:55,2026-08-08 00:40,ECONOMICA,AVION,Directo (00:45),False,0,311.0,311.0,311.0
2026-08-05 12:01:16,VUELO,2026-08-07,LPB,La Paz,EZE,Buenos Aires,BOLIVIANA DE AVIACION,OB,929 / 634 / 708,2026-08-07 23:55,2026-08-08 13:55,ECONOMICA,AVION,"2 escala (CBB, VVI) - 13:00",True,2,6112.0,6112.0,6112.0
2026-08-05 12:01:16,VUELO,2026-08-07,LPB,La Paz,SRE,Sucre,BOLIVIANA DE AVIACION,OB,929 / 572,2026-08-07 23:55,2026-08-08 09:00,ECONOMICA,AVION,1 escala (CBB) - 09:05,True,1,755.0,755.0,755.0
2026-08-05 12:01:16,VUELO,2026-08-07,LPB,La Paz,TJA,Tarija,BOLIVIANA DE AVIACION,OB,929 / 524,2026-08-07 23:55,2026-08-08 09:00,ECONOMICA,AVION,1 escala (CBB) - 09:05,True,1,955.0,955.0,955.0
2026-08-05 12:01:16,VUELO,2026-08-07,MDZ,Mendoza,CGB,Cuiaba,LATAM AIRLINES GROUP,LA,5957 / 8035 / 3566,2026-08-07 07:30,2026-08-08 01:05,ECONOMICA,AVION,"2 escala (AEP, GRU) - 18:35",True,2,13545.0,13545.0,13545.0
2026-08-05 12:01:16,VUELO,2026-08-07,MDZ,Mendoza,CGB,Cuiaba,LATAM AIRLINES GROUP,LA,5957 / 8081 / 3566,2026-08-07 07:30,2026-08-08 01:05,ECONOMICA,AVION,"2 escala (AEP, GRU) - 18:35",True,2,13545.0,13545.0,13545.0
2026-08-05 12:01:16,VUELO,2026-08-07,MDZ,Mendoza,CGB,Cuiaba,LATAM AIRLINES GROUP,LA,5957 / 8193 / 3566,2026-08-07 07:30,2026-08-08 01:05,ECONOMICA,AVION,"2 escala (AEP, GRU) - 18:35",True,2,13545.0,13545.0,13545.0
2026-08-05 12:01:16,VUELO,2026-08-07,MDZ,Mendoza,CGB,Cuiaba,LATAM AIRLINES GROUP,LA,2434 / 2402 / 3390,2026-08-07 07:35,2026-08-08 09:25,ECONOMICA,AVION,"2 escala (LIM, BSB) - 26:50",True,2,18121.0,18121.0,18121.0
2026-08-05 12:01:16,VUELO,2026-08-07,MDZ,Mendoza,CGB,Cuiaba,LATAM AIRLINES GROUP,LA,2434 / 2428 / 3620,2026-08-07 07:35,2026-08-08 15:30,ECONOMICA,AVION,"2 escala (LIM, GRU) - 32:55",True,2,18123.0,18123.0,18123.0
2026-08-05 12:01:16,VUELO,2026-08-07,MDZ,Mendoza,CGB,Cuiaba,LATAM AIRLINES GROUP,LA,2434 / 8123 / 3620,2026-08-07 07:35,2026-08-08 15:30,ECONOMICA,AVION,"2 escala (LIM, GRU) - 32:55",True,2,18123.0,18123.0,18123.0
2026-08-05 12:01:16,VUELO,2026-08-07,MDZ,Mendoza,LPB,La Paz,LATAM AIRLINES GROUP,LA,2434 / 2406 / 663,2026-08-07 07:35,2026-08-08 07:55,ECONOMICA,AVION,"2 escala (LIM, VVI) - 25:20",True,2,25127.0,25127.0,25127.0
2026-08-05 12:01:16,VUELO,2026-08-07,MDZ,Mendoza,LPB,La Paz,LATAM AIRLINES GROUP,LA,2434 / 2406 / 673,2026-08-07 07:35,2026-08-08 14:55,ECONOMICA,AVION,"2 escala (LIM, VVI) - 32:20",True,2,25142.0,25142.0,25142.0
2026-08-05 12:01:16,VUELO,2026-08-07,MDZ,Mendoza,LPB,La Paz,LATAM AIRLINES GROUP,LA,2434 / 641 / 890,2026-08-07 07:35,2026-08-08 08:31,ECONOMICA,AVION,"2 escala (LIM, SCL) - 25:56",True,2,27045.0,27045.0,27045.0
2026-08-05 12:01:16,VUELO,2026-08-07,MDZ,Mendoza,LPB,La Paz,LATAM AIRLINES GROUP,LA,2434 / 2371 / 890,2026-08-07 07:35,2026-08-08 08:31,ECONOMICA,AVION,"2 escala (LIM, SCL) - 25:56",True,2,27045.0,27045.0,27045.0
2026-08-05 12:01:16,VUELO,2026-08-07,MDZ,Mendoza,CGB,Cuiaba,LATAM AIRLINES GROUP,LA,8354 / 8033 / 3030,2026-08-07 08:45,2026-08-08 10:15,ECONOMICA,AVION,"2 escala (AEP, GRU) - 26:30",True,2,12107.0,12107.0,12107.0
2026-08-05 12:01:16,VUELO,2026-08-07,MDZ,Mendoza,CGB,Cuiaba,LATAM AIRLINES GROUP,LA,8354 / 8081 / 3566,2026-08-07 08:45,2026-08-08 01:05,ECONOMICA,AVION,"2 escala (AEP, GRU) - 17:20",True,2,13545.0,13545.0,13545.0
2026-08-05 12:01:16,VUELO,2026-08-07,MDZ,Mendoza,CGB,Cuiaba,LATAM AIRLINES GROUP,LA,8354 / 8141 / 3638,2026-08-07 08:45,2026-08-08 08:25,ECONOMICA,AVION,"2 escala (AEP, GRU) - 24:40",True,2,13545.0,13545.0,13545.0
2026-08-05 12:01:16,VUELO,2026-08-07,MDZ,Mendoza,CGB,Cuiaba,LATAM AIRLINES GROUP,LA,8354 / 8141 / 3270,2026-08-07 08:45,2026-08-08 12:15,ECONOMICA,AVION,"2 escala (AEP, GRU) - 28:30",True,2,13545.0,13545.0,13545.0
2026-08-05 12:01:16,VUELO,2026-08-07,MDZ,Mendoza,CGB,Cuiaba,LATAM AIRLINES GROUP,LA,8354 / 8141 / 3620,2026-08-07 08:45,2026-08-08 15:30,ECONOMICA,AVION,"2 escala (AEP, GRU) - 31:45",True,2,13545.0,13545.0,13545.0
2026-08-05 12:01:16,VUELO,2026-08-07,MDZ,Mendoza,CGB,Cuiaba,LATAM AIRLINES GROUP,LA,8354 / 8141 / 3566,2026-08-07 08:45,2026-08-09 01:05,ECONOMICA,AVION,"2 escala (AEP, GRU) - 41:20",True,2,13545.0,13545.0,13545.0
2026-08-05 12:01:16,VUELO,2026-08-07,MDZ,Mendoza,CGB,Cuiaba,LATAM AIRLINES GROUP,LA,8354 / 8141 / 3030,2026-08-07 08:45,2026-08-08 10:15,ECONOMICA,AVION,"2 escala (AEP, GRU) - 26:30",True,2,13612.0,13612.0,13612.0
2026-08-05 12:01:16,VUELO,2026-08-07,MDZ,Mendoza,CGB,Cuiaba,LATAM AIRLINES GROUP,LA,8354 / 8141 / 4655,2026-08-07 08:45,2026-08-08 19:00,ECONOMICA,AVION,"2 escala (AEP, GRU) - 35:15",True,2,13612.0,13612.0,13612.0
2026-08-05 12:01:16,VUELO,2026-08-07,MDZ,Mendoza,LPB,La Paz,LATAM AIRLINES GROUP,LA,5961 / 487 / 890,2026-08-07 10:30,2026-08-08 08:31,ECONOMICA,AVION,"2 escala (COR, SCL) - 23:01",True,2,14338.0,14338.0,14338.0
2026-08-05 12:01:16,VUELO,2026-08-07,MDZ,Mendoza,VVI,Santa Cruz,LATAM AIRLINES GROUP,LA,5961 / 487 / 890,2026-08-07 10:30,2026-08-08 10:29,ECONOMICA,AVION,"2 escala (COR, SCL) - 24:59",True,2,14338.0,14338.0,14338.0
2026-08-05 12:01:16,VUELO,2026-08-07,MDZ,Mendoza,CBB,Cochabamba,LATAM AIRLINES GROUP,LA,435 / 890 / 921,2026-08-07 11:51,2026-08-08 19:50,ECONOMICA,AVION,"2 escala (SCL, LPB) - 32:59",True,2,17765.0,17765.0,17765.0
2026-08-05 12:01:16,VUELO,2026-08-07,MDZ,Mendoza,CGB,Cuiaba,LATAM AIRLINES GROUP,LA,435 / 613 / 3566,2026-08-07 11:51,2026-08-08 01:05,ECONOMICA,AVION,"2 escala (SCL, GRU) - 14:14",True,2,11344.0,11344.0,11344.0
2026-08-05 12:01:16,VUELO,2026-08-07,MDZ,Mendoza,CGB,Cuiaba,LATAM AIRLINES GROUP,LA,435 / 714 / 3566,2026-08-07 11:51,2026-08-08 01:05,ECONOMICA,AVION,"2 escala (SCL, GRU) - 14:14",True,2,11344.0,11344.0,11344.0
2026-08-05 12:01:16,VUELO,2026-08-07,MDZ,Mendoza,CGB,Cuiaba,LATAM AIRLINES GROUP,LA,435 / 613 / 3638,2026-08-07 11:51,2026-08-08 08:25,ECONOMICA,AVION,"2 escala (SCL, GRU) - 21:34",True,2,11344.0,11344.0,11344.0
2026-08-05 12:01:16,VUELO,2026-08-07,MDZ,Mendoza,CGB,Cuiaba,LATAM AIRLINES GROUP,LA,435 / 613 / 3270,2026-08-07 11:51,2026-08-08 12:15,ECONOMICA,AVION,"2 escala (SCL, GRU) - 25:24",True,2,11344.0,11344.0,11344.0
2026-08-05 12:01:16,VUELO,2026-08-07,MDZ,Mendoza,CGB,Cuiaba,LATAM AIRLINES GROUP,LA,435 / 714 / 3270,2026-08-07 11:51,2026-08-08 12:15,ECONOMICA,AVION,"2 escala (SCL, GRU) - 25:24",True,2,11344.0,11344.0,11344.0
2026-08-05 12:01:16,VUELO,2026-08-07,MDZ,Mendoza,CGB,Cuiaba,LATAM AIRLINES GROUP,LA,435 / 613 / 4655,2026-08-07 11:51,2026-08-08 19:00,ECONOMICA,AVION,"2 escala (SCL, GRU) - 32:09",True,2,11411.0,11411.0,11411.0
2026-08-05 12:01:16,VUELO,2026-08-07,MDZ,Mendoza,CGB,Cuiaba,LATAM AIRLINES GROUP,LA,435 / 790 / 3112,2026-08-07 11:51,2026-08-08 16:15,ECONOMICA,AVION,"2 escala (SCL, BSB) - 29:24",True,2,11837.0,11837.0,11837.0
2026-08-05 12:01:16,VUELO,2026-08-07,MDZ,Mendoza,CGB,Cuiaba,LATAM AIRLINES GROUP,LA,435 / 8055 / 3270,2026-08-07 11:51,2026-08-08 12:15,ECONOMICA,AVION,"2 escala (SCL, GRU) - 25:24",True,2,11839.0,11839.0,11839.0
2026-08-05 12:01:16,VUELO,2026-08-07,MDZ,Mendoza,CGB,Cuiaba,LATAM AIRLINES GROUP,LA,435 / 8055 / 3620,2026-08-07 11:51,2026-08-08 15:30,ECONOMICA,AVION,"2 escala (SCL, GRU) - 28:39",True,2,11839.0,11839.0,11839.0
2026-08-05 12:01:16,VUELO,2026-08-07,MDZ,Mendoza,CGB,Cuiaba,LATAM AIRLINES GROUP,LA,435 / 8055 / 4655,2026-08-07 11:51,2026-08-08 19:00,ECONOMICA,AVION,"2 escala (SCL, GRU) - 32:09",True,2,11906.0,11906.0,11906.0
2026-08-05 12:01:16,VUELO,2026-08-07,MDZ,Mendoza,CGB,Cuiaba,LATAM AIRLINES GROUP,LA,435 / 8153 / 4655,2026-08-07 11:51,2026-08-08 19:00,ECONOMICA,AVION,"2 escala (SCL, GRU) - 32:09",True,2,11906.0,11906.0,11906.0
2026-08-05 12:01:16,VUELO,2026-08-07,MDZ,Mendoza,CGB,Cuiaba,LATAM AIRLINES GROUP,LA,435 / 8055 / 3566,2026-08-07 11:51,2026-08-09 01:05,ECONOMICA,AVION,"2 escala (SCL, GRU) - 38:14",True,2,12418.0,12418.0,12418.0
2026-08-05 12:01:16,VUELO,2026-08-07,MDZ,Mendoza,CGB,Cuiaba,LATAM AIRLINES GROUP,LA,435 / 8153 / 3566,2026-08-07 11:51,2026-08-09 01:05,ECONOMICA,AVION,"2 escala (SCL, GRU) - 38:14",True,2,12418.0,12418.0,12418.0
2026-08-05 12:01:16,VUELO,2026-08-07,MDZ,Mendoza,LPB,La Paz,LATAM AIRLINES GROUP,LA,435 / 890,2026-08-07 11:51,2026-08-08 08:31,ECONOMICA,AVION,1 escala (SCL) - 21:40,True,1,11834.0,11834.0,11834.0
2026-08-05 12:01:16,VUELO,2026-08-07,MDZ,Mendoza,LPB,La Paz,LATAM AIRLINES GROUP,LA,435 / 2370 / 2400,2026-08-07 11:51,2026-08-09 03:55,ECONOMICA,AVION,"2 escala (SCL, LIM) - 41:04",True,2,13519.0,13519.0,13519.0
2026-08-05 12:01:16,VUELO,2026-08-07,MDZ,Mendoza,LPB,La Paz,LATAM AIRLINES GROUP,LA,435 / 650 / 2400,2026-08-07 11:51,2026-08-09 03:55,ECONOMICA,AVION,"2 escala (SCL, LIM) - 41:04",True,2,16890.0,16890.0,16890.0
2026-08-05 12:01:16,VUELO,2026-08-07,MDZ,Mendoza,LPB,La Paz,LATAM AIRLINES GROUP,LA,435 / 2378 / 2400,2026-08-07 11:51,2026-08-09 03:55,ECONOMICA,AVION,"2 escala (SCL, LIM) - 41:04",True,2,16890.0,16890.0,16890.0
2026-08-05 12:01:16,VUELO,2026-08-07,MDZ,Mendoza,VVI,Santa Cruz,LATAM AIRLINES GROUP,LA,435 / 890,2026-08-07 11:51,2026-08-08 10:29,ECONOMICA,AVION,1 escala (SCL) - 23:38,True,1,12220.0,12220.0,12220.0
2026-08-05 12:01:16,VUELO,2026-08-07,MDZ,Mendoza,VVI,Santa Cruz,LATAM AIRLINES GROUP,LA,435 / 522 / 2406,2026-08-07 11:51,2026-08-08 04:35,ECONOMICA,AVION,"2 escala (SCL, LIM) - 17:44",True,2,17232.0,17232.0,17232.0
2026-08-05 12:01:16,VUELO,2026-08-07,MDZ,Mendoza,VVI,Santa Cruz,LATAM AIRLINES GROUP,LA,435 / 644 / 2406,2026-08-07 11:51,2026-08-08 04:35,ECONOMICA,AVION,"2 escala (SCL, LIM) - 17:44",True,2,17232.0,17232.0,17232.0
2026-08-05 12:01:16,VUELO,2026-08-07,MDZ,Mendoza,VVI,Santa Cruz,LATAM AIRLINES GROUP,LA,435 / 2412 / 2406,2026-08-07 11:51,2026-08-08 04:35,ECONOMICA,AVION,"2 escala (SCL, LIM) - 17:44",True,2,17232.0,17232.0,17232.0
2026-08-05 12:01:16,VUELO,2026-08-07,MDZ,Mendoza,VVI,Santa Cruz,LATAM AIRLINES GROUP,LA,435 / 2420 / 2406,2026-08-07 11:51,2026-08-08 04:35,ECONOMICA,AVION,"2 escala (SCL, LIM) - 17:44",True,2,17232.0,17232.0,17232.0
2026-08-05 12:01:16,VUELO,2026-08-07,MDZ,Mendoza,VVI,Santa Cruz,LATAM AIRLINES GROUP,LA,435 / 2696 / 2406,2026-08-07 11:51,2026-08-08 04:35,ECONOMICA,AVION,"2 escala (SCL, LIM) - 17:44",True,2,17232.0,17232.0,17232.0
2026-08-05 12:01:16,VUELO,2026-08-07,MDZ,Mendoza,VVI,Santa Cruz,LATAM AIRLINES GROUP,LA,435 / 522 / 741,2026-08-07 11:51,2026-08-08 04:30,ECONOMICA,AVION,"2 escala (SCL, LIM) - 17:39",True,2,18645.0,18645.0,18645.0
2026-08-05 12:01:16,VUELO,2026-08-07,MDZ,Mendoza,VVI,Santa Cruz,LATAM AIRLINES GROUP,LA,435 / 644 / 741,2026-08-07 11:51,2026-08-08 04:30,ECONOMICA,AVION,"2 escala (SCL, LIM) - 17:39",True,2,18645.0,18645.0,18645.0
2026-08-05 12:01:16,VUELO,2026-08-07,MDZ,Mendoza,VVI,Santa Cruz,LATAM AIRLINES GROUP,LA,435 / 2412 / 741,2026-08-07 11:51,2026-08-08 04:30,ECONOMICA,AVION,"2 escala (SCL, LIM) - 17:39",True,2,18645.0,18645.0,18645.0
2026-08-05 12:01:16,VUELO,2026-08-07,MDZ,Mendoza,VVI,Santa Cruz,LATAM AIRLINES GROUP,LA,435 / 2420 / 741,2026-08-07 11:51,2026-08-08 04:30,ECONOMICA,AVION,"2 escala (SCL, LIM) - 17:39",True,2,18645.0,18645.0,18645.0
2026-08-05 12:01:16,VUELO,2026-08-07,MDZ,Mendoza,VVI,Santa Cruz,LATAM AIRLINES GROUP,LA,435 / 2696 / 741,2026-08-07 11:51,2026-08-08 04:30,ECONOMICA,AVION,"2 escala (SCL, LIM) - 17:39",True,2,18645.0,18645.0,18645.0
2026-08-05 12:01:16,VUELO,2026-08-07,MDZ,Mendoza,VVI,Santa Cruz,LATAM AIRLINES GROUP,LA,435 / 1325 / 791,2026-08-07 11:51,2026-08-08 04:50,ECONOMICA,AVION,"2 escala (SCL, ASU) - 17:59",True,2,18645.0,18645.0,18645.0
2026-08-05 12:01:16,VUELO,2026-08-07,MDZ,Mendoza,CGB,Cuiaba,LATAM AIRLINES GROUP,LA,8169 / 3566,2026-08-07 17:15,2026-08-08 01:05,ECONOMICA,AVION,1 escala (GRU) - 08:50,True,1,11202.0,11202.0,11202.0
2026-08-05 12:01:16,VUELO,2026-08-07,MDZ,Mendoza,CGB,Cuiaba,LATAM AIRLINES GROUP,LA,8169 / 3638,2026-08-07 17:15,2026-08-08 08:25,ECONOMICA,AVION,1 escala (GRU) - 16:10,True,1,11202.0,11202.0,11202.0
2026-08-05 12:01:16,VUELO,2026-08-07,MDZ,Mendoza,CGB,Cuiaba,LATAM AIRLINES GROUP,LA,8169 / 3270,2026-08-07 17:15,2026-08-08 12:15,ECONOMICA,AVION,1 escala (GRU) - 20:00,True,1,11202.0,11202.0,11202.0
2026-08-05 12:01:16,VUELO,2026-08-07,MDZ,Mendoza,CGB,Cuiaba,LATAM AIRLINES GROUP,LA,8169 / 3620,2026-08-07 17:15,2026-08-08 15:30,ECONOMICA,AVION,1 escala (GRU) - 23:15,True,1,11202.0,11202.0,11202.0
2026-08-05 12:01:16,VUELO,2026-08-07,MDZ,Mendoza,CGB,Cuiaba,LATAM AIRLINES GROUP,LA,8169 / 3030,2026-08-07 17:15,2026-08-08 10:15,ECONOMICA,AVION,1 escala (GRU) - 18:00,True,1,11269.0,11269.0,11269.0
2026-08-05 12:01:16,VUELO,2026-08-07,MDZ,Mendoza,CGB,Cuiaba,LATAM AIRLINES GROUP,LA,8169 / 4655,2026-08-07 17:15,2026-08-08 19:00,ECONOMICA,AVION,1 escala (GRU) - 26:45,True,1,11269.0,11269.0,11269.0
2026-08-05 12:01:16,VUELO,2026-08-07,MDZ,Mendoza,CGB,Cuiaba,LATAM AIRLINES GROUP,LA,8169 / 3237 / 3390,2026-08-07 17:15,2026-08-08 09:25,ECONOMICA,AVION,"2 escala (GRU, BSB) - 17:10",True,2,11339.0,11339.0,11339.0
2026-08-05 12:01:16,VUELO,2026-08-07,MDZ,Mendoza,CGB,Cuiaba,LATAM AIRLINES GROUP,LA,8169 / 3237 / 3112,2026-08-07 17:15,2026-08-08 16:15,ECONOMICA,AVION,"2 escala (GRU, BSB) - 24:00",True,2,11339.0,11339.0,11339.0
2026-08-05 12:01:16,VUELO,2026-08-07,MDZ,Mendoza,CGB,Cuiaba,LATAM AIRLINES GROUP,LA,8169 / 3323 / 3894,2026-08-07 17:15,2026-08-09 00:15,ECONOMICA,AVION,"2 escala (GRU, BSB) - 32:00",True,2,11339.0,11339.0,11339.0
2026-08-05 12:01:16,VUELO,2026-08-07,MDZ,Mendoza,CGB,Cuiaba,LATAM AIRLINES GROUP,LA,8169 / 3281 / 3894,2026-08-07 17:15,2026-08-09 00:15,ECONOMICA,AVION,"2 escala (GRU, BSB) - 32:00",True,2,11339.0,11339.0,11339.0
2026-08-05 12:01:16,VUELO,2026-08-07,MDZ,Mendoza,CGB,Cuiaba,LATAM AIRLINES GROUP,LA,8169 / 3656 / 3390,2026-08-07 17:15,2026-08-08 09:25,ECONOMICA,AVION,"2 escala (GRU, BSB) - 17:10",True,2,11344.0,11344.0,11344.0
2026-08-05 12:01:16,VUELO,2026-08-07,MDZ,Mendoza,CGB,Cuiaba,LATAM AIRLINES GROUP,LA,8169 / 3263 / 3112,2026-08-07 17:15,2026-08-08 16:15,ECONOMICA,AVION,"2 escala (GRU, BSB) - 24:00",True,2,11344.0,11344.0,11344.0
2026-08-05 12:01:16,VUELO,2026-08-07,MDZ,Mendoza,CGB,Cuiaba,LATAM AIRLINES GROUP,LA,8169 / 3257 / 3894,2026-08-07 17:15,2026-08-09 00:15,ECONOMICA,AVION,"2 escala (GRU, BSB) - 32:00",True,2,11344.0,11344.0,11344.0
2026-08-05 12:01:16,VUELO,2026-08-07,MDZ,Mendoza,CGB,Cuiaba,LATAM AIRLINES GROUP,LA,8169 / 3263 / 3894,2026-08-07 17:15,2026-08-09 00:15,ECONOMICA,AVION,"2 escala (GRU, BSB) - 32:00",True,2,11344.0,11344.0,11344.0
2026-08-05 12:01:16,VUELO,2026-08-07,MDZ,Mendoza,CGB,Cuiaba,LATAM AIRLINES GROUP,LA,8169 / 3265 / 3894,2026-08-07 17:15,2026-08-09 00:15,ECONOMICA,AVION,"2 escala (GRU, BSB) - 32:00",True,2,11344.0,11344.0,11344.0
2026-08-05 12:01:16,VUELO,2026-08-07,MDZ,Mendoza,CGB,Cuiaba,LATAM AIRLINES GROUP,LA,8169 / 3581 / 3112,2026-08-07 17:15,2026-08-08 16:15,ECONOMICA,AVION,"2 escala (GRU, BSB) - 24:00",True,2,11411.0,11411.0,11411.0
2026-08-05 12:01:16,VUELO,2026-08-07,MDZ,Mendoza,CGB,Cuiaba,LATAM AIRLINES GROUP,LA,8169 / 3004 / 3112,2026-08-07 17:15,2026-08-08 16:15,ECONOMICA,AVION,"2 escala (GRU, BSB) - 24:00",True,2,11411.0,11411.0,11411.0
2026-08-05 12:01:16,VUELO,2026-08-07,MDZ,Mendoza,CGB,Cuiaba,LATAM AIRLINES GROUP,LA,8169 / 3010 / 3112,2026-08-07 17:15,2026-08-08 16:15,ECONOMICA,AVION,"2 escala (GRU, BSB) - 24:00",True,2,11411.0,11411.0,11411.0
2026-08-05 12:01:16,VUELO,2026-08-07,MDZ,Mendoza,CGB,Cuiaba,LATAM AIRLINES GROUP,LA,8169 / 3018 / 3894,2026-08-07 17:15,2026-08-09 00:15,ECONOMICA,AVION,"2 escala (GRU, BSB) - 32:00",True,2,11411.0,11411.0,11411.0
2026-08-05 12:01:16,VUELO,2026-08-07,MDZ,Mendoza,CGB,Cuiaba,LATAM AIRLINES GROUP,LA,8169 / 3581 / 3894,2026-08-07 17:15,2026-08-09 00:15,ECONOMICA,AVION,"2 escala (GRU, BSB) - 32:00",True,2,11411.0,11411.0,11411.0
2026-08-05 12:01:16,VUELO,2026-08-07,MDZ,Mendoza,CGB,Cuiaba,LATAM AIRLINES GROUP,LA,8169 / 3008 / 3112,2026-08-07 17:15,2026-08-08 16:15,ECONOMICA,AVION,"2 escala (GRU, BSB) - 24:00",True,2,11411.0,11411.0,11411.0
2026-08-05 12:01:16,VUELO,2026-08-07,MDZ,Mendoza,LPB,La Paz,LATAM AIRLINES GROUP,LA,8169 / 2395 / 2400,2026-08-07 17:15,2026-08-09 03:55,ECONOMICA,AVION,"2 escala (GRU, LIM) - 35:40",True,2,21052.0,21052.0,21052.0
2026-08-05 12:01:16,VUELO,2026-08-07,MDZ,Mendoza,LPB,La Paz,LATAM AIRLINES GROUP,LA,8169 / 8152 / 890,2026-08-07 17:15,2026-08-08 08:31,ECONOMICA,AVION,"2 escala (GRU, SCL) - 16:16",True,2,22067.0,22067.0,22067.0
2026-08-05 12:01:16,VUELO,2026-08-07,MDZ,Mendoza,CBB,Cochabamba,LATAM AIRLINES GROUP,LA,437 / 890 / 613,2026-08-07 19:50,2026-08-08 13:10,ECONOMICA,AVION,"2 escala (SCL, LPB) - 18:20",True,2,17449.0,17449.0,17449.0
2026-08-05 12:01:16,VUELO,2026-08-07,MDZ,Mendoza,CBB,Cochabamba,LATAM AIRLINES GROUP,LA,437 / 890 / 651,2026-08-07 19:50,2026-08-08 19:05,ECONOMICA,AVION,"2 escala (SCL, VVI) - 24:15",True,2,17449.0,17449.0,17449.0
2026-08-05 12:01:16,VUELO,2026-08-07,MDZ,Mendoza,CBB,Cochabamba,LATAM AIRLINES GROUP,LA,437 / 890 / 619,2026-08-07 19:50,2026-08-08 18:45,ECONOMICA,AVION,"2 escala (SCL, LPB) - 23:55",True,2,17464.0,17464.0,17464.0
2026-08-05 12:01:16,VUELO,2026-08-07,MDZ,Mendoza,CBB,Cochabamba,LATAM AIRLINES GROUP,LA,437 / 890 / 921,2026-08-07 19:50,2026-08-08 19:50,ECONOMICA,AVION,"2 escala (SCL, LPB) - 25:00",True,2,17464.0,17464.0,17464.0
2026-08-05 12:01:16,VUELO,2026-08-07,MDZ,Mendoza,CGB,Cuiaba,LATAM AIRLINES GROUP,LA,437 / 790 / 3390,2026-08-07 19:50,2026-08-08 09:25,ECONOMICA,AVION,"2 escala (SCL, BSB) - 14:35",True,2,11342.0,11342.0,11342.0
2026-08-05 12:01:16,VUELO,2026-08-07,MDZ,Mendoza,CGB,Cuiaba,LATAM AIRLINES GROUP,LA,437 / 8153 / 3566,2026-08-07 19:50,2026-08-09 01:05,ECONOMICA,AVION,"2 escala (SCL, GRU) - 30:15",True,2,11344.0,11344.0,11344.0
2026-08-05 12:01:16,VUELO,2026-08-07,MDZ,Mendoza,CGB,Cuiaba,LATAM AIRLINES GROUP,LA,437 / 8055 / 3270,2026-08-07 19:50,2026-08-08 12:15,ECONOMICA,AVION,"2 escala (SCL, GRU) - 17:25",True,2,15550.0,15550.0,15550.0
2026-08-05 12:01:16,VUELO,2026-08-07,MDZ,Mendoza,CGB,Cuiaba,LATAM AIRLINES GROUP,LA,437 / 8055 / 3620,2026-08-07 19:50,2026-08-08 15:30,ECONOMICA,AVION,"2 escala (SCL, GRU) - 20:40",True,2,15550.0,15550.0,15550.0
2026-08-05 12:01:16,VUELO,2026-08-07,MDZ,Mendoza,CGB,Cuiaba,LATAM AIRLINES GROUP,LA,437 / 8153 / 3620,2026-08-07 19:50,2026-08-08 15:30,ECONOMICA,AVION,"2 escala (SCL, GRU) - 20:40",True,2,15550.0,15550.0,15550.0
2026-08-05 12:01:16,VUELO,2026-08-07,MDZ,Mendoza,CGB,Cuiaba,LATAM AIRLINES GROUP,LA,437 / 8055 / 3566,2026-08-07 19:50,2026-08-09 01:05,ECONOMICA,AVION,"2 escala (SCL, GRU) - 30:15",True,2,15550.0,15550.0,15550.0
2026-08-05 12:01:16,VUELO,2026-08-07,MDZ,Mendoza,CGB,Cuiaba,LATAM AIRLINES GROUP,LA,437 / 8055 / 4655,2026-08-07 19:50,2026-08-08 19:00,ECONOMICA,AVION,"2 escala (SCL, GRU) - 24:10",True,2,15617.0,15617.0,15617.0
2026-08-05 12:01:16,VUELO,2026-08-07,MDZ,Mendoza,CGB,Cuiaba,LATAM AIRLINES GROUP,LA,437 / 8153 / 4655,2026-08-07 19:50,2026-08-08 19:00,ECONOMICA,AVION,"2 escala (SCL, GRU) - 24:10",True,2,15617.0,15617.0,15617.0
2026-08-05 12:01:16,VUELO,2026-08-07,MDZ,Mendoza,CGB,Cuiaba,LATAM AIRLINES GROUP,LA,437 / 790 / 3112,2026-08-07 19:50,2026-08-08 16:15,ECONOMICA,AVION,"2 escala (SCL, BSB) - 21:25",True,2,19394.0,19394.0,19394.0
2026-08-05 12:01:16,VUELO,2026-08-07,MDZ,Mendoza,LPB,La Paz,LATAM AIRLINES GROUP,LA,437 / 890,2026-08-07 19:50,2026-08-08 08:31,ECONOMICA,AVION,1 escala (SCL) - 13:41,True,1,10671.0,10671.0,10671.0
2026-08-05 12:01:16,VUELO,2026-08-07,MDZ,Mendoza,LPB,La Paz,LATAM AIRLINES GROUP,LA,437 / 2370 / 2400,2026-08-07 19:50,2026-08-09 03:55,ECONOMICA,AVION,"2 escala (SCL, LIM) - 33:05",True,2,11675.0,11675.0,11675.0
2026-08-05 12:01:16,VUELO,2026-08-07,MDZ,Mendoza,LPB,La Paz,LATAM AIRLINES GROUP,LA,437 / 2378 / 2400,2026-08-07 19:50,2026-08-09 03:55,ECONOMICA,AVION,"2 escala (SCL, LIM) - 33:05",True,2,11675.0,11675.0,11675.0
2026-08-05 12:01:16,VUELO,2026-08-07,MDZ,Mendoza,LPB,La Paz,LATAM AIRLINES GROUP,LA,437 / 520 / 2400,2026-08-07 19:50,2026-08-09 03:55,ECONOMICA,AVION,"2 escala (SCL, LIM) - 33:05",True,2,11976.0,11976.0,11976.0
2026-08-05 12:01:16,VUELO,2026-08-07,MDZ,Mendoza,LPB,La Paz,LATAM AIRLINES GROUP,LA,437 / 640 / 2400,2026-08-07 19:50,2026-08-09 03:55,ECONOMICA,AVION,"2 escala (SCL, LIM) - 33:05",True,2,11976.0,11976.0,11976.0
2026-08-05 12:01:16,VUELO,2026-08-07,MDZ,Mendoza,LPB,La Paz,LATAM AIRLINES GROUP,LA,437 / 644 / 2400,2026-08-07 19:50,2026-08-09 03:55,ECONOMICA,AVION,"2 escala (SCL, LIM) - 33:05",True,2,11976.0,11976.0,11976.0
2026-08-05 12:01:16,VUELO,2026-08-07,MDZ,Mendoza,LPB,La Paz,LATAM AIRLINES GROUP,LA,437 / 650 / 2400,2026-08-07 19:50,2026-08-09 03:55,ECONOMICA,AVION,"2 escala (SCL, LIM) - 33:05",True,2,13519.0,13519.0,13519.0
2026-08-05 12:01:16,VUELO,2026-08-07,MDZ,Mendoza,VVI,Santa Cruz,LATAM AIRLINES GROUP,LA,437 / 890,2026-08-07 19:50,2026-08-08 10:29,ECONOMICA,AVION,1 escala (SCL) - 15:39,True,1,11057.0,11057.0,11057.0
2026-08-05 12:01:16,VUELO,2026-08-07,MDZ,Mendoza,VVI,Santa Cruz,LATAM AIRLINES GROUP,LA,437 / 640 / 741,2026-08-07 19:50,2026-08-09 04:30,ECONOMICA,AVION,"2 escala (SCL, LIM) - 33:40",True,2,18946.0,18946.0,18946.0
2026-08-05 12:01:16,VUELO,2026-08-07,MDZ,Mendoza,VVI,Santa Cruz,LATAM AIRLINES GROUP,LA,437 / 644 / 741,2026-08-07 19:50,2026-08-09 04:30,ECONOMICA,AVION,"2 escala (SCL, LIM) - 33:40",True,2,18946.0,18946.0,18946.0
2026-08-05 12:01:16,VUELO,2026-08-07,MDZ,Mendoza,VVI,Santa Cruz,LATAM AIRLINES GROUP,LA,437 / 2412 / 741,2026-08-07 19:50,2026-08-09 04:30,ECONOMICA,AVION,"2 escala (SCL, LIM) - 33:40",True,2,18946.0,18946.0,18946.0
2026-08-05 12:01:16,VUELO,2026-08-07,MDZ,Mendoza,VVI,Santa Cruz,LATAM AIRLINES GROUP,LA,437 / 2696 / 741,2026-08-07 19:50,2026-08-09 04:30,ECONOMICA,AVION,"2 escala (SCL, LIM) - 33:40",True,2,18946.0,18946.0,18946.0
2026-08-05 12:01:16,VUELO,2026-08-07,ORU,Oruro,CBB,Cochabamba,BOLIVIANA DE AVIACION,OB,325,2026-08-07 15:10,2026-08-07 15:45,ECONOMICA,AVION,Directo (00:35),False,0,477.0,477.0,477.0
2026-08-05 12:01:16,VUELO,2026-08-07,ORU,Oruro,CIJ,Cobija,BOLIVIANA DE AVIACION,OB,325 / 618 / 400,2026-08-07 15:10,2026-08-08 09:40,ECONOMICA,AVION,"2 escala (CBB, LPB) - 18:30",True,2,1542.0,1542.0,1542.0
2026-08-05 12:01:16,VUELO,2026-08-07,ORU,Oruro,CIJ,Cobija,BOLIVIANA DE AVIACION,OB,325 / 924 / 400,2026-08-07 15:10,2026-08-08 09:40,ECONOMICA,AVION,"2 escala (CBB, LPB) - 18:30",True,2,1828.0,1828.0,1828.0
2026-08-05 12:01:16,VUELO,2026-08-07,ORU,Oruro,CIJ,Cobija,BOLIVIANA DE AVIACION,OB,325 / 600 / 400,2026-08-07 15:10,2026-08-08 09:40,ECONOMICA,AVION,"2 escala (CBB, LPB) - 18:30",True,2,1861.0,1861.0,1861.0
2026-08-05 12:01:16,VUELO,2026-08-07,ORU,Oruro,CIJ,Cobija,BOLIVIANA DE AVIACION,OB,325 / 624 / 400,2026-08-07 15:10,2026-08-08 09:40,ECONOMICA,AVION,"2 escala (CBB, LPB) - 18:30",True,2,1876.0,1876.0,1876.0
2026-08-05 12:01:16,VUELO,2026-08-07,ORU,Oruro,CIJ,Cobija,BOLIVIANA DE AVIACION,OB,325 / 610 / 400,2026-08-07 15:10,2026-08-09 09:40,ECONOMICA,AVION,"2 escala (CBB, LPB) - 42:30",True,2,1876.0,1876.0,1876.0
2026-08-05 12:01:16,VUELO,2026-08-07,ORU,Oruro,LPB,La Paz,BOLIVIANA DE AVIACION,OB,325 / 618,2026-08-07 15:10,2026-08-07 17:20,ECONOMICA,AVION,1 escala (CBB) - 02:10,True,1,696.0,696.0,696.0
2026-08-05 12:01:16,VUELO,2026-08-07,ORU,Oruro,LPB,La Paz,BOLIVIANA DE AVIACION,OB,325 / 924,2026-08-07 15:10,2026-08-07 23:20,ECONOMICA,AVION,1 escala (CBB) - 08:10,True,1,982.0,982.0,982.0
2026-08-05 12:01:16,VUELO,2026-08-07,ORU,Oruro,LPB,La Paz,BOLIVIANA DE AVIACION,OB,325 / 624,2026-08-07 15:10,2026-08-07 23:05,ECONOMICA,AVION,1 escala (CBB) - 07:55,True,1,1030.0,1030.0,1030.0
2026-08-05 12:01:16,VUELO,2026-08-07,ORU,Oruro,SRE,Sucre,BOLIVIANA DE AVIACION,OB,325 / 578,2026-08-07 15:10,2026-08-07 20:30,ECONOMICA,AVION,1 escala (CBB) - 05:20,True,1,859.0,859.0,859.0
2026-08-05 12:01:16,VUELO,2026-08-07,ORU,Oruro,SRE,Sucre,BOLIVIANA DE AVIACION,OB,325 / 572,2026-08-07 15:10,2026-08-08 09:00,ECONOMICA,AVION,1 escala (CBB) - 17:50,True,1,921.0,921.0,921.0
2026-08-05 12:01:16,VUELO,2026-08-07,ORU,Oruro,TDD,Trinidad,BOLIVIANA DE AVIACION,OB,325 / 446,2026-08-07 15:10,2026-08-08 14:45,ECONOMICA,AVION,1 escala (CBB) - 23:35,True,1,958.0,958.0,958.0
2026-08-05 12:01:16,VUELO,2026-08-07,ORU,Oruro,TJA,Tarija,BOLIVIANA DE AVIACION,OB,325 / 524,2026-08-07 15:10,2026-08-08 09:00,ECONOMICA,AVION,1 escala (CBB) - 17:50,True,1,1121.0,1121.0,1121.0
2026-08-05 12:01:16,VUELO,2026-08-07,ORU,Oruro,VVI,Santa Cruz,BOLIVIANA DE AVIACION,OB,325 / 618 / 684,2026-08-07 15:10,2026-08-07 22:45,ECONOMICA,AVION,"2 escala (CBB, LPB) - 07:35",True,2,1274.0,1274.0,1274.0
2026-08-05 12:01:16,VUELO,2026-08-07,ORU,Oruro,VVI,Santa Cruz,BOLIVIANA DE AVIACION,OB,325 / 618 / 688,2026-08-07 15:10,2026-08-07 23:40,ECONOMICA,AVION,"2 escala (CBB, LPB) - 08:30",True,2,1274.0,1274.0,1274.0
2026-08-05 12:01:16,VUELO,2026-08-07,ORU,Oruro,VVI,Santa Cruz,BOLIVIANA DE AVIACION,OB,325 / 618 / 682,2026-08-07 15:10,2026-08-07 20:15,ECONOMICA,AVION,"2 escala (CBB, LPB) - 05:05",True,2,1464.0,1464.0,1464.0
2026-08-05 12:01:16,VUELO,2026-08-07,TDD,Trinidad,CBB,Cochabamba,BOLIVIANA DE AVIACION,OB,447,2026-08-07 15:15,2026-08-07 16:05,ECONOMICA,AVION,Directo (00:50),False,0,596.0,596.0,596.0
2026-08-05 12:01:16,VUELO,2026-08-07,TDD,Trinidad,CIJ,Cobija,BOLIVIANA DE AVIACION,OB,447 / 618 / 400,2026-08-07 15:15,2026-08-08 09:40,ECONOMICA,AVION,"2 escala (CBB, LPB) - 18:25",True,2,1751.0,1751.0,1751.0
2026-08-05 12:01:16,VUELO,2026-08-07,TDD,Trinidad,CIJ,Cobija,BOLIVIANA DE AVIACION,OB,447 / 924 / 400,2026-08-07 15:15,2026-08-08 09:40,ECONOMICA,AVION,"2 escala (CBB, LPB) - 18:25",True,2,1947.0,1947.0,1947.0
2026-08-05 12:01:16,VUELO,2026-08-07,TDD,Trinidad,CIJ,Cobija,BOLIVIANA DE AVIACION,OB,447 / 600 / 400,2026-08-07 15:15,2026-08-08 09:40,ECONOMICA,AVION,"2 escala (CBB, LPB) - 18:25",True,2,1980.0,1980.0,1980.0
2026-08-05 12:01:16,VUELO,2026-08-07,TDD,Trinidad,CIJ,Cobija,BOLIVIANA DE AVIACION,OB,447 / 624 / 400,2026-08-07 15:15,2026-08-08 09:40,ECONOMICA,AVION,"2 escala (CBB, LPB) - 18:25",True,2,1995.0,1995.0,1995.0
2026-08-05 12:01:16,VUELO,2026-08-07,TDD,Trinidad,CIJ,Cobija,BOLIVIANA DE AVIACION,OB,447 / 610 / 400,2026-08-07 15:15,2026-08-09 09:40,ECONOMICA,AVION,"2 escala (CBB, LPB) - 42:25",True,2,1995.0,1995.0,1995.0
2026-08-05 12:01:16,VUELO,2026-08-07,TDD,Trinidad,LPB,La Paz,BOLIVIANA DE AVIACION,OB,447 / 618,2026-08-07 15:15,2026-08-07 17:20,ECONOMICA,AVION,1 escala (CBB) - 02:05,True,1,905.0,905.0,905.0
2026-08-05 12:01:16,VUELO,2026-08-07,TDD,Trinidad,LPB,La Paz,BOLIVIANA DE AVIACION,OB,447 / 924,2026-08-07 15:15,2026-08-07 23:20,ECONOMICA,AVION,1 escala (CBB) - 08:05,True,1,1100.0,1100.0,1100.0
2026-08-05 12:01:16,VUELO,2026-08-07,TDD,Trinidad,LPB,La Paz,BOLIVIANA DE AVIACION,OB,447 / 624,2026-08-07 15:15,2026-08-07 23:05,ECONOMICA,AVION,1 escala (CBB) - 07:50,True,1,1149.0,1149.0,1149.0
2026-08-05 12:01:16,VUELO,2026-08-07,TDD,Trinidad,ORU,Oruro,BOLIVIANA DE AVIACION,OB,447 / 324,2026-08-07 15:15,2026-08-08 14:40,ECONOMICA,AVION,1 escala (CBB) - 23:25,True,1,921.0,921.0,921.0
2026-08-05 12:01:16,VUELO,2026-08-07,TDD,Trinidad,SRE,Sucre,BOLIVIANA DE AVIACION,OB,447 / 578,2026-08-07 15:15,2026-08-07 20:30,ECONOMICA,AVION,1 escala (CBB) - 05:15,True,1,977.0,977.0,977.0
2026-08-05 12:01:16,VUELO,2026-08-07,TDD,Trinidad,SRE,Sucre,BOLIVIANA DE AVIACION,OB,447 / 572,2026-08-07 15:15,2026-08-08 09:00,ECONOMICA,AVION,1 escala (CBB) - 17:45,True,1,1040.0,1040.0,1040.0
2026-08-05 12:01:16,VUELO,2026-08-07,TDD,Trinidad,TJA,Tarija,BOLIVIANA DE AVIACION,OB,447 / 524,2026-08-07 15:15,2026-08-08 09:00,ECONOMICA,AVION,1 escala (CBB) - 17:45,True,1,1240.0,1240.0,1240.0
2026-08-05 12:01:16,VUELO,2026-08-07,TDD,Trinidad,VVI,Santa Cruz,BOLIVIANA DE AVIACION,OB,447 / 618 / 684,2026-08-07 15:15,2026-08-07 22:45,ECONOMICA,AVION,"2 escala (CBB, LPB) - 07:30",True,2,1483.0,1483.0,1483.0
2026-08-05 12:01:16,VUELO,2026-08-07,TDD,Trinidad,VVI,Santa Cruz,BOLIVIANA DE AVIACION,OB,447 / 618 / 688,2026-08-07 15:15,2026-08-07 23:40,ECONOMICA,AVION,"2 escala (CBB, LPB) - 08:25",True,2,1483.0,1483.0,1483.0
2026-08-05 12:01:16,VUELO,2026-08-07,TDD,Trinidad,VVI,Santa Cruz,BOLIVIANA DE AVIACION,OB,447 / 618 / 682,2026-08-07 15:15,2026-08-07 20:15,ECONOMICA,AVION,"2 escala (CBB, LPB) - 05:00",True,2,1673.0,1673.0,1673.0
2026-08-05 12:01:16,VUELO,2026-08-07,TJA,Tarija,CBB,Cochabamba,BOLIVIANA DE AVIACION,OB,525,2026-08-07 09:30,2026-08-07 10:30,ECONOMICA,AVION,Directo (01:00),False,0,876.0,876.0,876.0
2026-08-05 12:01:16,VUELO,2026-08-07,TJA,Tarija,CIJ,Cobija,BOLIVIANA DE AVIACION,OB,525 / 610 / 400,2026-08-07 09:30,2026-08-08 09:40,ECONOMICA,AVION,"2 escala (CBB, LPB) - 24:10",True,2,2004.0,2004.0,2004.0
2026-08-05 12:01:16,VUELO,2026-08-07,TJA,Tarija,CIJ,Cobija,BOLIVIANA DE AVIACION,OB,525 / 618 / 400,2026-08-07 09:30,2026-08-08 09:40,ECONOMICA,AVION,"2 escala (CBB, LPB) - 24:10",True,2,2227.0,2227.0,2227.0
2026-08-05 12:01:16,VUELO,2026-08-07,TJA,Tarija,CIJ,Cobija,BOLIVIANA DE AVIACION,OB,525 / 924 / 400,2026-08-07 09:30,2026-08-08 09:40,ECONOMICA,AVION,"2 escala (CBB, LPB) - 24:10",True,2,2227.0,2227.0,2227.0
2026-08-05 12:01:16,VUELO,2026-08-07,TJA,Tarija,CIJ,Cobija,BOLIVIANA DE AVIACION,OB,525 / 600 / 400,2026-08-07 09:30,2026-08-08 09:40,ECONOMICA,AVION,"2 escala (CBB, LPB) - 24:10",True,2,2260.0,2260.0,2260.0
2026-08-05 12:01:16,VUELO,2026-08-07,TJA,Tarija,CIJ,Cobija,BOLIVIANA DE AVIACION,OB,525 / 624 / 400,2026-08-07 09:30,2026-08-08 09:40,ECONOMICA,AVION,"2 escala (CBB, LPB) - 24:10",True,2,2275.0,2275.0,2275.0
2026-08-05 12:01:16,VUELO,2026-08-07,TJA,Tarija,EZE,Buenos Aires,BOLIVIANA DE AVIACION,OB,525 / 634 / 708,2026-08-07 09:30,2026-08-08 13:55,ECONOMICA,AVION,"2 escala (CBB, VVI) - 27:25",True,2,6611.0,6611.0,6611.0
2026-08-05 12:01:16,VUELO,2026-08-07,TJA,Tarija,LPB,La Paz,BOLIVIANA DE AVIACION,OB,525 / 610,2026-08-07 09:30,2026-08-07 11:45,ECONOMICA,AVION,1 escala (CBB) - 02:15,True,1,1158.0,1158.0,1158.0
2026-08-05 12:01:16,VUELO,2026-08-07,TJA,Tarija,LPB,La Paz,BOLIVIANA DE AVIACION,OB,525 / 618,2026-08-07 09:30,2026-08-07 17:20,ECONOMICA,AVION,1 escala (CBB) - 07:50,True,1,1381.0,1381.0,1381.0
2026-08-05 12:01:16,VUELO,2026-08-07,TJA,Tarija,ORU,Oruro,BOLIVIANA DE AVIACION,OB,525 / 324,2026-08-07 09:30,2026-08-07 14:40,ECONOMICA,AVION,1 escala (CBB) - 05:10,True,1,1187.0,1187.0,1187.0
2026-08-05 12:01:16,VUELO,2026-08-07,TJA,Tarija,SRE,Sucre,BOLIVIANA DE AVIACION,OB,525 / 578,2026-08-07 09:30,2026-08-07 20:30,ECONOMICA,AVION,1 escala (CBB) - 11:00,True,1,1273.0,1273.0,1273.0
2026-08-05 12:01:16,VUELO,2026-08-07,TJA,Tarija,SRE,Sucre,BOLIVIANA DE AVIACION,OB,525 / 572,2026-08-07 09:30,2026-08-08 09:00,ECONOMICA,AVION,1 escala (CBB) - 23:30,True,1,1320.0,1320.0,1320.0
2026-08-05 12:01:16,VUELO,2026-08-07,TJA,Tarija,TDD,Trinidad,BOLIVIANA DE AVIACION,OB,525 / 446,2026-08-07 09:30,2026-08-07 14:45,ECONOMICA,AVION,1 escala (CBB) - 05:15,True,1,1337.0,1337.0,1337.0
2026-08-05 12:01:16,VUELO,2026-08-07,TJA,Tarija,VVI,Santa Cruz,BOLIVIANA DE AVIACION,OB,525 / 610 / 682,2026-08-07 09:30,2026-08-07 20:15,ECONOMICA,AVION,"2 escala (CBB, LPB) - 10:45",True,2,1941.0,1941.0,1941.0
2026-08-05 12:01:16,VUELO,2026-08-07,TJA,Tarija,VVI,Santa Cruz,BOLIVIANA DE AVIACION,OB,525 / 610 / 680,2026-08-07 09:30,2026-08-07 16:45,ECONOMICA,AVION,"2 escala (CBB, LPB) - 07:15",True,2,2115.0,2115.0,2115.0
2026-08-05 12:01:16,VUELO,2026-08-07,TJA,Tarija,VVI,Santa Cruz,BOLIVIANA DE AVIACION,OB,525 / 618 / 682,2026-08-07 09:30,2026-08-07 20:15,ECONOMICA,AVION,"2 escala (CBB, LPB) - 10:45",True,2,2149.0,2149.0,2149.0
2026-08-05 10:06:04,VUELO,2026-08-07,TJA,Tarija,LPB,La Paz,BOLIVIANA DE AVIACION,OB,,2026-08-07 20:50,2026-08-08 07:55,ECONOMICA,AVION,0,,,2374.0,2374.0,2374.0
2026-08-05 12:01:16,VUELO,2026-08-07,TJA,Tarija,CBB,Cochabamba,BOLIVIANA DE AVIACION,OB,533,2026-08-07 20:50,2026-08-07 21:50,ECONOMICA,AVION,Directo (01:00),False,0,799.0,799.0,799.0
2026-08-05 12:01:16,VUELO,2026-08-07,TJA,Tarija,CIJ,Cobija,BOLIVIANA DE AVIACION,OB,533 / 924 / 400,2026-08-07 20:50,2026-08-08 09:40,ECONOMICA,AVION,"2 escala (CBB, LPB) - 12:50",True,2,1902.0,1902.0,1902.0
2026-08-05 12:01:16,VUELO,2026-08-07,TJA,Tarija,CIJ,Cobija,BOLIVIANA DE AVIACION,OB,533 / 624 / 400,2026-08-07 20:50,2026-08-08 09:40,ECONOMICA,AVION,"2 escala (CBB, LPB) - 12:50",True,2,2004.0,2004.0,2004.0
2026-08-05 12:01:16,VUELO,2026-08-07,TJA,Tarija,CIJ,Cobija,BOLIVIANA DE AVIACION,OB,533 / 600 / 400,2026-08-07 20:50,2026-08-08 09:40,ECONOMICA,AVION,"2 escala (CBB, LPB) - 12:50",True,2,2183.0,2183.0,2183.0
2026-08-05 12:01:16,VUELO,2026-08-07,TJA,Tarija,CIJ,Cobija,BOLIVIANA DE AVIACION,OB,533 / 610 / 400,2026-08-07 20:50,2026-08-09 09:40,ECONOMICA,AVION,"2 escala (CBB, LPB) - 36:50",True,2,2198.0,2198.0,2198.0
2026-08-05 12:01:16,VUELO,2026-08-07,TJA,Tarija,CIJ,Cobija,BOLIVIANA DE AVIACION,OB,533 / 618 / 400,2026-08-07 20:50,2026-08-09 09:40,ECONOMICA,AVION,"2 escala (CBB, LPB) - 36:50",True,2,2198.0,2198.0,2198.0
2026-08-05 12:01:16,VUELO,2026-08-07,TJA,Tarija,CIJ,Cobija,BOLIVIANA DE AVIACION,OB,533 / 620 / 400,2026-08-07 20:50,2026-08-09 09:40,ECONOMICA,AVION,"2 escala (CBB, LPB) - 36:50",True,2,2198.0,2198.0,2198.0
2026-08-05 12:01:16,VUELO,2026-08-07,TJA,Tarija,CIJ,Cobija,BOLIVIANA DE AVIACION,OB,533 / 922 / 400,2026-08-07 20:50,2026-08-09 09:40,ECONOMICA,AVION,"2 escala (CBB, LPB) - 36:50",True,2,2198.0,2198.0,2198.0
2026-08-05 12:01:16,VUELO,2026-08-07,TJA,Tarija,EZE,Buenos Aires,BOLIVIANA DE AVIACION,OB,533 / 634 / 708,2026-08-07 20:50,2026-08-08 13:55,ECONOMICA,AVION,"2 escala (CBB, VVI) - 16:05",True,2,6611.0,6611.0,6611.0
2026-08-05 12:01:16,VUELO,2026-08-07,TJA,Tarija,LPB,La Paz,BOLIVIANA DE AVIACION,OB,533 / 924,2026-08-07 20:50,2026-08-07 23:20,ECONOMICA,AVION,1 escala (CBB) - 02:30,True,1,1056.0,1056.0,1056.0
2026-08-05 12:01:16,VUELO,2026-08-07,TJA,Tarija,LPB,La Paz,BOLIVIANA DE AVIACION,OB,533 / 624,2026-08-07 20:50,2026-08-07 23:05,ECONOMICA,AVION,1 escala (CBB) - 02:15,True,1,1158.0,1158.0,1158.0
2026-08-05 12:01:16,VUELO,2026-08-07,TJA,Tarija,LPB,La Paz,BOLIVIANA DE AVIACION,OB,533 / 600,2026-08-07 20:50,2026-08-08 06:00,ECONOMICA,AVION,1 escala (CBB) - 09:10,True,1,1352.0,1352.0,1352.0
2026-08-05 12:01:16,VUELO,2026-08-07,TJA,Tarija,ORU,Oruro,BOLIVIANA DE AVIACION,OB,533 / 324,2026-08-07 20:50,2026-08-08 14:40,ECONOMICA,AVION,1 escala (CBB) - 17:50,True,1,1125.0,1125.0,1125.0
2026-08-05 12:01:16,VUELO,2026-08-07,TJA,Tarija,SRE,Sucre,BOLIVIANA DE AVIACION,OB,533 / 572,2026-08-07 20:50,2026-08-08 09:00,ECONOMICA,AVION,1 escala (CBB) - 12:10,True,1,1243.0,1243.0,1243.0
2026-08-05 12:01:16,VUELO,2026-08-07,TJA,Tarija,TDD,Trinidad,BOLIVIANA DE AVIACION,OB,533 / 446,2026-08-07 20:50,2026-08-08 14:45,ECONOMICA,AVION,1 escala (CBB) - 17:55,True,1,1280.0,1280.0,1280.0
2026-08-05 12:01:16,VUELO,2026-08-07,TJA,Tarija,VVI,Santa Cruz,BOLIVIANA DE AVIACION,OB,533 / 634,2026-08-07 20:50,2026-08-08 07:50,ECONOMICA,AVION,1 escala (CBB) - 11:00,True,1,1512.0,1512.0,1512.0
2026-08-05 12:01:16,VUELO,2026-08-07,TJA,Tarija,VVI,Santa Cruz,BOLIVIANA DE AVIACION,OB,533 / 924 / 660,2026-08-07 20:50,2026-08-08 06:15,ECONOMICA,AVION,"2 escala (CBB, LPB) - 09:25",True,2,1729.0,1729.0,1729.0
2026-08-05 12:01:16,VUELO,2026-08-07,TJA,Tarija,VVI,Santa Cruz,BOLIVIANA DE AVIACION,OB,533 / 624 / 660,2026-08-07 20:50,2026-08-08 06:15,ECONOMICA,AVION,"2 escala (CBB, LPB) - 09:25",True,2,1846.0,1846.0,1846.0
2026-08-05 12:01:16,VUELO,2026-08-07,TJA,Tarija,VVI,Santa Cruz,BOLIVIANA DE AVIACION,OB,533 / 924 / 662,2026-08-07 20:50,2026-08-08 08:35,ECONOMICA,AVION,"2 escala (CBB, LPB) - 11:45",True,2,1933.0,1933.0,1933.0
2026-08-05 12:01:16,VUELO,2026-08-07,TJA,Tarija,VVI,Santa Cruz,BOLIVIANA DE AVIACION,OB,533 / 624 / 662,2026-08-07 20:50,2026-08-08 08:35,ECONOMICA,AVION,"2 escala (CBB, LPB) - 11:45",True,2,2035.0,2035.0,2035.0
2026-08-05 12:01:16,VUELO,2026-08-07,TJA,Tarija,VVI,Santa Cruz,BOLIVIANA DE AVIACION,OB,533 / 600 / 662,2026-08-07 20:50,2026-08-08 08:35,ECONOMICA,AVION,"2 escala (CBB, LPB) - 11:45",True,2,2214.0,2214.0,2214.0
2026-08-05 12:01:16,VUELO,2026-08-07,VVI,Santa Cruz,COR,Cordoba,AVIANCA,AV,166 / 139,2026-08-07 03:35,2026-08-08 06:20,ECONOMICA,AVION,1 escala (BOG) - 25:45,True,1,4123.0,4123.0,4123.0
2026-08-05 10:06:04,VUELO,2026-08-07,VVI,Santa Cruz,LPB,La Paz,BOLIVIANA DE AVIACION,OB,,2026-08-07 05:20,2026-08-07 06:25,ECONOMICA,AVION,0,,,783.0,783.0,783.0
2026-08-05 12:01:16,VUELO,2026-08-07,VVI,Santa Cruz,CIJ,Cobija,BOLIVIANA DE AVIACION,OB,961 / 400,2026-08-07 05:20,2026-08-07 09:40,ECONOMICA,AVION,1 escala (LPB) - 04:20,True,1,1630.0,1630.0,1630.0
2026-08-05 12:01:16,VUELO,2026-08-07,VVI,Santa Cruz,LPB,La Paz,BOLIVIANA DE AVIACION,OB,961,2026-08-07 05:20,2026-08-07 06:25,ECONOMICA,AVION,Directo (01:05),False,0,594.0,594.0,594.0
2026-08-05 12:01:16,VUELO,2026-08-07,VVI,Santa Cruz,ORU,Oruro,BOLIVIANA DE AVIACION,OB,961 / 613 / 324,2026-08-07 05:20,2026-08-07 14:40,ECONOMICA,AVION,"2 escala (LPB, CBB) - 09:20",True,2,1341.0,1341.0,1341.0
2026-08-05 12:01:16,VUELO,2026-08-07,VVI,Santa Cruz,TDD,Trinidad,BOLIVIANA DE AVIACION,OB,961 / 613 / 446,2026-08-07 05:20,2026-08-07 14:45,ECONOMICA,AVION,"2 escala (LPB, CBB) - 09:25",True,2,1571.0,1571.0,1571.0
2026-08-05 12:01:16,VUELO,2026-08-07,VVI,Santa Cruz,UYU,Uyuni,BOLIVIANA DE AVIACION,OB,961 / 304,2026-08-07 05:20,2026-08-07 08:10,ECONOMICA,AVION,1 escala (LPB) - 02:50,True,1,1682.0,1682.0,1682.0
2026-08-05 12:01:16,VUELO,2026-08-07,VVI,Santa Cruz,CGB,Cuiaba,LATAM AIRLINES GROUP,LA,2407 / 2402 / 3390,2026-08-07 05:25,2026-08-08 09:25,ECONOMICA,AVION,"2 escala (LIM, BSB) - 28:00",True,2,29128.0,29128.0,29128.0
2026-08-05 12:01:16,VUELO,2026-08-07,VVI,Santa Cruz,CGB,Cuiaba,LATAM AIRLINES GROUP,LA,2407 / 2402 / 3112,2026-08-07 05:25,2026-08-08 16:15,ECONOMICA,AVION,"2 escala (LIM, BSB) - 34:50",True,2,29128.0,29128.0,29128.0
2026-08-05 12:01:16,VUELO,2026-08-07,VVI,Santa Cruz,CGB,Cuiaba,LATAM AIRLINES GROUP,LA,2407 / 2424 / 3566,2026-08-07 05:25,2026-08-08 01:05,ECONOMICA,AVION,"2 escala (LIM, GRU) - 19:40",True,2,31907.0,31907.0,31907.0
2026-08-05 12:01:16,VUELO,2026-08-07,VVI,Santa Cruz,CGB,Cuiaba,LATAM AIRLINES GROUP,LA,2407 / 2935 / 3566,2026-08-07 05:25,2026-08-08 01:05,ECONOMICA,AVION,"2 escala (LIM, GRU) - 19:40",True,2,31907.0,31907.0,31907.0
2026-08-05 12:01:16,VUELO,2026-08-07,VVI,Santa Cruz,CGB,Cuiaba,LATAM AIRLINES GROUP,LA,2407 / 2394 / 3270,2026-08-07 05:25,2026-08-08 12:15,ECONOMICA,AVION,"2 escala (LIM, GRU) - 30:50",True,2,31907.0,31907.0,31907.0
2026-08-05 12:01:16,VUELO,2026-08-07,VVI,Santa Cruz,CGB,Cuiaba,LATAM AIRLINES GROUP,LA,2407 / 2394 / 3030,2026-08-07 05:25,2026-08-08 10:15,ECONOMICA,AVION,"2 escala (LIM, GRU) - 28:50",True,2,31974.0,31974.0,31974.0
2026-08-05 12:01:16,VUELO,2026-08-07,VVI,Santa Cruz,CGB,Cuiaba,LATAM AIRLINES GROUP,LA,2407 / 2394 / 4655,2026-08-07 05:25,2026-08-08 19:00,ECONOMICA,AVION,"2 escala (LIM, GRU) - 37:35",True,2,31974.0,31974.0,31974.0
2026-08-05 12:01:16,VUELO,2026-08-07,VVI,Santa Cruz,CGB,Cuiaba,LATAM AIRLINES GROUP,LA,2407 / 2424 / 3801,2026-08-07 05:25,2026-08-07 21:55,ECONOMICA,AVION,"2 escala (LIM, GRU) - 16:30",True,2,32695.0,32695.0,32695.0
2026-08-05 12:01:16,VUELO,2026-08-07,VVI,Santa Cruz,CGB,Cuiaba,LATAM AIRLINES GROUP,LA,2407 / 2394 / 3638,2026-08-07 05:25,2026-08-08 08:25,ECONOMICA,AVION,"2 escala (LIM, GRU) - 27:00",True,2,32695.0,32695.0,32695.0
2026-08-05 12:01:16,VUELO,2026-08-07,VVI,Santa Cruz,CGB,Cuiaba,LATAM AIRLINES GROUP,LA,2407 / 2428 / 3270,2026-08-07 05:25,2026-08-08 12:15,ECONOMICA,AVION,"2 escala (LIM, GRU) - 30:50",True,2,32695.0,32695.0,32695.0
2026-08-05 12:01:16,VUELO,2026-08-07,VVI,Santa Cruz,CGB,Cuiaba,LATAM AIRLINES GROUP,LA,2407 / 8123 / 3270,2026-08-07 05:25,2026-08-08 12:15,ECONOMICA,AVION,"2 escala (LIM, GRU) - 30:50",True,2,32695.0,32695.0,32695.0
2026-08-05 12:01:16,VUELO,2026-08-07,VVI,Santa Cruz,CGB,Cuiaba,LATAM AIRLINES GROUP,LA,2407 / 2394 / 3620,2026-08-07 05:25,2026-08-08 15:30,ECONOMICA,AVION,"2 escala (LIM, GRU) - 34:05",True,2,32695.0,32695.0,32695.0
2026-08-05 12:01:16,VUELO,2026-08-07,VVI,Santa Cruz,CGB,Cuiaba,LATAM AIRLINES GROUP,LA,2407 / 2428 / 3620,2026-08-07 05:25,2026-08-08 15:30,ECONOMICA,AVION,"2 escala (LIM, GRU) - 34:05",True,2,32695.0,32695.0,32695.0
2026-08-05 12:01:16,VUELO,2026-08-07,VVI,Santa Cruz,CGB,Cuiaba,LATAM AIRLINES GROUP,LA,2407 / 8123 / 3620,2026-08-07 05:25,2026-08-08 15:30,ECONOMICA,AVION,"2 escala (LIM, GRU) - 34:05",True,2,32695.0,32695.0,32695.0
2026-08-05 12:01:16,VUELO,2026-08-07,VVI,Santa Cruz,CGB,Cuiaba,LATAM AIRLINES GROUP,LA,2407 / 2424 / 3868,2026-08-07 05:25,2026-08-07 23:05,ECONOMICA,AVION,"2 escala (LIM, GRU) - 17:40",True,2,32762.0,32762.0,32762.0
2026-08-05 12:01:16,VUELO,2026-08-07,VVI,Santa Cruz,CGB,Cuiaba,LATAM AIRLINES GROUP,LA,2407 / 2428 / 4655,2026-08-07 05:25,2026-08-08 19:00,ECONOMICA,AVION,"2 escala (LIM, GRU) - 37:35",True,2,32762.0,32762.0,32762.0
2026-08-05 12:01:16,VUELO,2026-08-07,VVI,Santa Cruz,CGB,Cuiaba,LATAM AIRLINES GROUP,LA,2407 / 8123 / 4655,2026-08-07 05:25,2026-08-08 19:00,ECONOMICA,AVION,"2 escala (LIM, GRU) - 37:35",True,2,32762.0,32762.0,32762.0
2026-08-05 12:01:16,VUELO,2026-08-07,VVI,Santa Cruz,COR,Cordoba,LATAM AIRLINES GROUP,LA,2407 / 2697 / 486,2026-08-07 05:25,2026-08-07 20:21,ECONOMICA,AVION,"2 escala (LIM, SCL) - 13:56",True,2,19516.0,19516.0,19516.0
2026-08-05 12:01:16,VUELO,2026-08-07,VVI,Santa Cruz,COR,Cordoba,LATAM AIRLINES GROUP,LA,2407 / 523 / 492,2026-08-07 05:25,2026-08-08 12:34,ECONOMICA,AVION,"2 escala (LIM, SCL) - 30:09",True,2,19516.0,19516.0,19516.0
2026-08-05 12:01:16,VUELO,2026-08-07,VVI,Santa Cruz,COR,Cordoba,LATAM AIRLINES GROUP,LA,2407 / 2371 / 492,2026-08-07 05:25,2026-08-08 12:34,ECONOMICA,AVION,"2 escala (LIM, SCL) - 30:09",True,2,19516.0,19516.0,19516.0
2026-08-05 12:01:16,VUELO,2026-08-07,VVI,Santa Cruz,COR,Cordoba,LATAM AIRLINES GROUP,LA,2407 / 2377 / 492,2026-08-07 05:25,2026-08-08 12:34,ECONOMICA,AVION,"2 escala (LIM, SCL) - 30:09",True,2,19516.0,19516.0,19516.0
2026-08-05 12:01:16,VUELO,2026-08-07,VVI,Santa Cruz,COR,Cordoba,LATAM AIRLINES GROUP,LA,2407 / 2431 / 492,2026-08-07 05:25,2026-08-08 12:34,ECONOMICA,AVION,"2 escala (LIM, SCL) - 30:09",True,2,19516.0,19516.0,19516.0
2026-08-05 12:01:16,VUELO,2026-08-07,VVI,Santa Cruz,COR,Cordoba,LATAM AIRLINES GROUP,LA,2407 / 2384,2026-08-07 05:25,2026-08-08 04:10,ECONOMICA,AVION,1 escala (LIM) - 21:45,True,1,21587.0,21587.0,21587.0
2026-08-05 12:01:16,VUELO,2026-08-07,VVI,Santa Cruz,COR,Cordoba,LATAM AIRLINES GROUP,LA,2407 / 2364,2026-08-07 05:25,2026-08-08 05:55,ECONOMICA,AVION,1 escala (LIM) - 23:30,True,1,21587.0,21587.0,21587.0
2026-08-05 12:01:16,VUELO,2026-08-07,VVI,Santa Cruz,COR,Cordoba,LATAM AIRLINES GROUP,LA,2407 / 2375 / 1522,2026-08-07 05:25,2026-08-08 08:10,ECONOMICA,AVION,"2 escala (LIM, EZE) - 25:45",True,2,24822.0,24822.0,24822.0
2026-08-05 12:01:16,VUELO,2026-08-07,VVI,Santa Cruz,COR,Cordoba,LATAM AIRLINES GROUP,LA,2407 / 2465 / 1528,2026-08-07 05:25,2026-08-08 12:25,ECONOMICA,AVION,"2 escala (LIM, AEP) - 30:00",True,2,24822.0,24822.0,24822.0
2026-08-05 12:01:16,VUELO,2026-08-07,VVI,Santa Cruz,COR,Cordoba,LATAM AIRLINES GROUP,LA,2407 / 2375 / 8349,2026-08-07 05:25,2026-08-08 08:10,ECONOMICA,AVION,"2 escala (LIM, EZE) - 25:45",True,2,24905.0,24905.0,24905.0
2026-08-05 12:01:16,VUELO,2026-08-07,VVI,Santa Cruz,EZE,Buenos Aires,LATAM AIRLINES GROUP,LA,2407 / 2697 / 477,2026-08-07 05:25,2026-08-07 18:21,ECONOMICA,AVION,"2 escala (LIM, SCL) - 11:56",True,2,21589.0,21589.0,21589.0
2026-08-05 12:01:16,VUELO,2026-08-07,VVI,Santa Cruz,MDZ,Mendoza,LATAM AIRLINES GROUP,LA,2407 / 2697 / 436,2026-08-07 05:25,2026-08-07 19:03,ECONOMICA,AVION,"2 escala (LIM, SCL) - 12:38",True,2,19917.0,19917.0,19917.0
2026-08-05 12:01:16,VUELO,2026-08-07,VVI,Santa Cruz,MDZ,Mendoza,LATAM AIRLINES GROUP,LA,2407 / 645 / 434,2026-08-07 05:25,2026-08-08 11:06,ECONOMICA,AVION,"2 escala (LIM, SCL) - 28:41",True,2,19917.0,19917.0,19917.0
2026-08-05 12:01:16,VUELO,2026-08-07,VVI,Santa Cruz,MDZ,Mendoza,LATAM AIRLINES GROUP,LA,2407 / 523 / 434,2026-08-07 05:25,2026-08-08 11:06,ECONOMICA,AVION,"2 escala (LIM, SCL) - 28:41",True,2,19917.0,19917.0,19917.0
2026-08-05 12:01:16,VUELO,2026-08-07,VVI,Santa Cruz,MDZ,Mendoza,LATAM AIRLINES GROUP,LA,2407 / 2371 / 434,2026-08-07 05:25,2026-08-08 11:06,ECONOMICA,AVION,"2 escala (LIM, SCL) - 28:41",True,2,19917.0,19917.0,19917.0
2026-08-05 12:01:16,VUELO,2026-08-07,VVI,Santa Cruz,MDZ,Mendoza,LATAM AIRLINES GROUP,LA,2407 / 2377 / 434,2026-08-07 05:25,2026-08-08 11:06,ECONOMICA,AVION,"2 escala (LIM, SCL) - 28:41",True,2,19917.0,19917.0,19917.0
2026-08-05 12:01:16,VUELO,2026-08-07,VVI,Santa Cruz,MDZ,Mendoza,LATAM AIRLINES GROUP,LA,2407 / 2431 / 434,2026-08-07 05:25,2026-08-08 11:06,ECONOMICA,AVION,"2 escala (LIM, SCL) - 28:41",True,2,19917.0,19917.0,19917.0
2026-08-05 12:01:16,VUELO,2026-08-07,VVI,Santa Cruz,MDZ,Mendoza,LATAM AIRLINES GROUP,LA,2407 / 2413 / 434,2026-08-07 05:25,2026-08-08 11:06,ECONOMICA,AVION,"2 escala (LIM, SCL) - 28:41",True,2,20022.0,20022.0,20022.0
2026-08-05 12:01:16,VUELO,2026-08-07,VVI,Santa Cruz,MDZ,Mendoza,LATAM AIRLINES GROUP,LA,2407 / 2697 / 434,2026-08-07 05:25,2026-08-08 11:06,ECONOMICA,AVION,"2 escala (LIM, SCL) - 28:41",True,2,20022.0,20022.0,20022.0
2026-08-05 12:01:16,VUELO,2026-08-07,VVI,Santa Cruz,MDZ,Mendoza,LATAM AIRLINES GROUP,LA,2407 / 641 / 434,2026-08-07 05:25,2026-08-08 11:06,ECONOMICA,AVION,"2 escala (LIM, SCL) - 28:41",True,2,20022.0,20022.0,20022.0
2026-08-05 12:01:16,VUELO,2026-08-07,VVI,Santa Cruz,MDZ,Mendoza,LATAM AIRLINES GROUP,LA,2407 / 651 / 434,2026-08-07 05:25,2026-08-08 11:06,ECONOMICA,AVION,"2 escala (LIM, SCL) - 28:41",True,2,20022.0,20022.0,20022.0
2026-08-05 12:01:16,VUELO,2026-08-07,VVI,Santa Cruz,MDZ,Mendoza,LATAM AIRLINES GROUP,LA,2407 / 2435,2026-08-07 05:25,2026-08-08 06:25,ECONOMICA,AVION,1 escala (LIM) - 24:00,True,1,21989.0,21989.0,21989.0
2026-08-05 12:01:16,VUELO,2026-08-07,VVI,Santa Cruz,MDZ,Mendoza,LATAM AIRLINES GROUP,LA,2407 / 2380 / 1424,2026-08-07 05:25,2026-08-07 20:20,ECONOMICA,AVION,"2 escala (LIM, AEP) - 13:55",True,2,25292.0,25292.0,25292.0
2026-08-05 12:01:16,VUELO,2026-08-07,VVI,Santa Cruz,MDZ,Mendoza,LATAM AIRLINES GROUP,LA,2407 / 2380 / 1400,2026-08-07 05:25,2026-08-07 21:30,ECONOMICA,AVION,"2 escala (LIM, AEP) - 15:05",True,2,25292.0,25292.0,25292.0
2026-08-05 12:01:16,VUELO,2026-08-07,VVI,Santa Cruz,MDZ,Mendoza,LATAM AIRLINES GROUP,LA,2407 / 2375 / 1404,2026-08-07 05:25,2026-08-08 09:15,ECONOMICA,AVION,"2 escala (LIM, EZE) - 26:50",True,2,25292.0,25292.0,25292.0
2026-08-05 12:01:16,VUELO,2026-08-07,VVI,Santa Cruz,MDZ,Mendoza,LATAM AIRLINES GROUP,LA,2407 / 2465 / 1418,2026-08-07 05:25,2026-08-08 12:10,ECONOMICA,AVION,"2 escala (LIM, AEP) - 29:45",True,2,25292.0,25292.0,25292.0
2026-08-05 12:01:16,VUELO,2026-08-07,VVI,Santa Cruz,MDZ,Mendoza,LATAM AIRLINES GROUP,LA,2407 / 2465 / 1414,2026-08-07 05:25,2026-08-08 13:10,ECONOMICA,AVION,"2 escala (LIM, AEP) - 30:45",True,2,25292.0,25292.0,25292.0
2026-08-05 12:01:16,VUELO,2026-08-07,VVI,Santa Cruz,MDZ,Mendoza,LATAM AIRLINES GROUP,LA,2407 / 2380 / 8332,2026-08-07 05:25,2026-08-07 20:20,ECONOMICA,AVION,"2 escala (LIM, AEP) - 13:55",True,2,25375.0,25375.0,25375.0
2026-08-05 12:01:16,VUELO,2026-08-07,VVI,Santa Cruz,MDZ,Mendoza,LATAM AIRLINES GROUP,LA,2407 / 2465 / 5239,2026-08-07 05:25,2026-08-08 14:15,ECONOMICA,AVION,"2 escala (LIM, AEP) - 31:50",True,2,26162.0,26162.0,26162.0
2026-08-05 12:01:16,VUELO,2026-08-07,VVI,Santa Cruz,MDZ,Mendoza,LATAM AIRLINES GROUP,LA,2407 / 2465 / 5253,2026-08-07 05:25,2026-08-08 21:30,ECONOMICA,AVION,"2 escala (LIM, AEP) - 39:05",True,2,26162.0,26162.0,26162.0
2026-08-05 10:06:04,VUELO,2026-08-07,VVI,Santa Cruz,LPB,La Paz,BOLIVIANA DE AVIACION,OB,,2026-08-07 05:35,2026-08-07 06:40,ECONOMICA,AVION,0,,,783.0,783.0,783.0
2026-08-05 12:01:16,VUELO,2026-08-07,VVI,Santa Cruz,CIJ,Cobija,BOLIVIANA DE AVIACION,OB,661 / 400,2026-08-07 05:35,2026-08-07 09:40,ECONOMICA,AVION,1 escala (LPB) - 04:05,True,1,1630.0,1630.0,1630.0
2026-08-05 12:01:16,VUELO,2026-08-07,VVI,Santa Cruz,LPB,La Paz,BOLIVIANA DE AVIACION,OB,661,2026-08-07 05:35,2026-08-07 06:40,ECONOMICA,AVION,Directo (01:05),False,0,594.0,594.0,594.0
2026-08-05 12:01:16,VUELO,2026-08-07,VVI,Santa Cruz,ORU,Oruro,BOLIVIANA DE AVIACION,OB,661 / 613 / 324,2026-08-07 05:35,2026-08-07 14:40,ECONOMICA,AVION,"2 escala (LPB, CBB) - 09:05",True,2,1341.0,1341.0,1341.0
2026-08-05 12:01:16,VUELO,2026-08-07,VVI,Santa Cruz,TDD,Trinidad,BOLIVIANA DE AVIACION,OB,661 / 613 / 446,2026-08-07 05:35,2026-08-07 14:45,ECONOMICA,AVION,"2 escala (LPB, CBB) - 09:10",True,2,1571.0,1571.0,1571.0
2026-08-05 12:01:16,VUELO,2026-08-07,VVI,Santa Cruz,UYU,Uyuni,BOLIVIANA DE AVIACION,OB,661 / 304,2026-08-07 05:35,2026-08-07 08:10,ECONOMICA,AVION,1 escala (LPB) - 02:35,True,1,1682.0,1682.0,1682.0
2026-08-05 10:06:04,VUELO,2026-08-07,VVI,SANTA CRUZ,LPB,LA PAZ,TAMep,2E,,2026-08-07 06:10,2026-08-07 07:20,ECONOMICA,AVION,0,,,733.0,733.0,733.0
2026-08-05 12:01:16,VUELO,2026-08-07,VVI,SANTA CRUZ,LPB,LA PAZ,TAMep,2E,702,2026-08-07 06:10,2026-08-07 07:20,ECONOMICA,AVION,Directo (01:10),False,0,458.0,458.0,458.0
2026-08-05 10:06:04,VUELO,2026-08-07,VVI,Santa Cruz,LPB,La Paz,BOLIVIANA DE AVIACION,OB,,2026-08-07 06:50,2026-08-07 07:55,ECONOMICA,AVION,0,,,877.0,877.0,877.0
2026-08-05 12:01:16,VUELO,2026-08-07,VVI,Santa Cruz,CIJ,Cobija,BOLIVIANA DE AVIACION,OB,663 / 400,2026-08-07 06:50,2026-08-07 09:40,ECONOMICA,AVION,1 escala (LPB) - 02:50,True,1,1631.0,1631.0,1631.0
2026-08-05 12:01:16,VUELO,2026-08-07,VVI,Santa Cruz,LPB,La Paz,BOLIVIANA DE AVIACION,OB,663,2026-08-07 06:50,2026-08-07 07:55,ECONOMICA,AVION,Directo (01:05),False,0,877.0,877.0,877.0
2026-08-05 12:01:16,VUELO,2026-08-07,VVI,Santa Cruz,ORU,Oruro,BOLIVIANA DE AVIACION,OB,663 / 613 / 324,2026-08-07 06:50,2026-08-07 14:40,ECONOMICA,AVION,"2 escala (LPB, CBB) - 07:50",True,2,1625.0,1625.0,1625.0
2026-08-05 12:01:16,VUELO,2026-08-07,VVI,Santa Cruz,TDD,Trinidad,BOLIVIANA DE AVIACION,OB,663 / 613 / 446,2026-08-07 06:50,2026-08-07 14:45,ECONOMICA,AVION,"2 escala (LPB, CBB) - 07:55",True,2,1854.0,1854.0,1854.0
2026-08-05 12:01:16,VUELO,2026-08-07,VVI,Santa Cruz,CGB,Cuiaba,GOL LINHAS AEREAS S/A,G3,7639 / 1468,2026-08-07 12:15,2026-08-08 01:20,ECONOMICA,AVION,1 escala (GRU) - 13:05,True,1,5006.0,5006.0,5006.0
2026-08-05 12:01:16,VUELO,2026-08-07,VVI,Santa Cruz,CGB,Cuiaba,GOL LINHAS AEREAS S/A,G3,7639 / 1466,2026-08-07 12:15,2026-08-08 10:00,ECONOMICA,AVION,1 escala (GRU) - 21:45,True,1,5337.0,5337.0,5337.0
2026-08-05 12:01:16,VUELO,2026-08-07,VVI,Santa Cruz,CGB,Cuiaba,GOL LINHAS AEREAS S/A,G3,7639 / 1454 / 1712,2026-08-07 12:15,2026-08-08 09:35,ECONOMICA,AVION,"2 escala (GRU, BSB) - 21:20",True,2,5862.0,5862.0,5862.0
2026-08-05 12:01:16,VUELO,2026-08-07,VVI,Santa Cruz,CGB,Cuiaba,GOL LINHAS AEREAS S/A,G3,7639 / 1374 / 1674,2026-08-07 12:15,2026-08-08 16:40,ECONOMICA,AVION,"2 escala (GRU, GIG) - 28:25",True,2,8031.0,8031.0,8031.0
2026-08-05 12:01:16,VUELO,2026-08-07,VVI,Santa Cruz,CGB,Cuiaba,GOL LINHAS AEREAS S/A,G3,7639 / 1376 / 1674,2026-08-07 12:15,2026-08-08 16:40,ECONOMICA,AVION,"2 escala (GRU, GIG) - 28:25",True,2,8031.0,8031.0,8031.0
2026-08-05 12:01:16,VUELO,2026-08-07,VVI,Santa Cruz,COR,Cordoba,GOL LINHAS AEREAS S/A,G3,7639 / 1584 / 7618,2026-08-07 12:15,2026-08-08 23:40,ECONOMICA,AVION,"2 escala (GRU, REC) - 34:25",True,2,5287.0,5287.0,5287.0
2026-08-05 12:01:16,VUELO,2026-08-07,VVI,Santa Cruz,COR,Cordoba,GOL LINHAS AEREAS S/A,G3,7639 / 1588 / 7618,2026-08-07 12:15,2026-08-08 23:40,ECONOMICA,AVION,"2 escala (GRU, REC) - 34:25",True,2,5287.0,5287.0,5287.0
2026-08-05 12:01:16,VUELO,2026-08-07,VVI,Santa Cruz,COR,Cordoba,GOL LINHAS AEREAS S/A,G3,7639 / 1560 / 7618,2026-08-07 12:15,2026-08-08 23:40,ECONOMICA,AVION,"2 escala (GRU, REC) - 34:25",True,2,5287.0,5287.0,5287.0
2026-08-05 12:01:16,VUELO,2026-08-07,VVI,Santa Cruz,COR,Cordoba,GOL LINHAS AEREAS S/A,G3,7639 / 2172 / 7616,2026-08-07 12:15,2026-08-08 01:05,ECONOMICA,AVION,"2 escala (GRU, GIG) - 11:50",True,2,8390.0,8390.0,8390.0
2026-08-05 10:06:04,VUELO,2026-08-07,VVI,Santa Cruz,LPB,La Paz,BOLIVIANA DE AVIACION,OB,,2026-08-07 13:50,2026-08-07 14:55,ECONOMICA,AVION,0,,,973.0,973.0,973.0
2026-08-05 12:01:16,VUELO,2026-08-07,VVI,Santa Cruz,LPB,La Paz,BOLIVIANA DE AVIACION,OB,673,2026-08-07 13:50,2026-08-07 14:55,ECONOMICA,AVION,Directo (01:05),False,0,877.0,877.0,877.0
2026-08-05 10:06:04,VUELO,2026-08-07,VVI,Santa Cruz,LPB,La Paz,BOLIVIANA DE AVIACION,OB,,2026-08-07 17:20,2026-08-07 18:25,ECONOMICA,AVION,0,,,973.0,973.0,973.0
2026-08-05 10:06:04,VUELO,2026-08-07,VVI,Santa Cruz,SRE,Sucre,BOLIVIANA DE AVIACION,OB,,2026-08-07 17:20,2026-08-07 18:05,ECONOMICA,AVION,0,,,581.0,581.0,581.0
2026-08-05 12:01:16,VUELO,2026-08-07,VVI,Santa Cruz,LPB,La Paz,BOLIVIANA DE AVIACION,OB,677,2026-08-07 17:20,2026-08-07 18:25,ECONOMICA,AVION,Directo (01:05),False,0,877.0,877.0,877.0
2026-08-05 10:06:04,VUELO,2026-08-07,VVI,Santa Cruz,LPB,La Paz,BOLIVIANA DE AVIACION,OB,,2026-08-07 18:05,2026-08-07 23:20,ECONOMICA,AVION,0,,,1067.0,1067.0,1067.0
2026-08-05 10:06:04,VUELO,2026-08-07,VVI,Santa Cruz,CBB,Cochabamba,BOLIVIANA DE AVIACION,OB,,2026-08-07 18:05,2026-08-07 18:50,ECONOMICA,AVION,0,,,713.0,713.0,713.0
2026-08-05 10:06:04,VUELO,2026-08-07,VVI,SANTA CRUZ,LPB,LA PAZ,TAMep,2E,,2026-08-07 18:30,2026-08-07 20:30,ECONOMICA,AVION,0,,,733.0,733.0,733.0
2026-08-05 10:06:04,VUELO,2026-08-07,VVI,SANTA CRUZ,CBB,COCHABAMBA,TAMep,2E,,2026-08-07 18:30,2026-08-07 19:20,ECONOMICA,AVION,0,,,469.0,469.0,469.0
2026-08-05 12:01:16,VUELO,2026-08-07,VVI,SANTA CRUZ,CBB,COCHABAMBA,TAMep,2E,715,2026-08-07 18:30,2026-08-07 19:20,ECONOMICA,AVION,Directo (00:50),False,0,294.0,294.0,294.0
2026-08-05 12:01:16,VUELO,2026-08-07,VVI,SANTA CRUZ,LPB,LA PAZ,TAMep,2E,715 / 715,2026-08-07 18:30,2026-08-07 20:30,ECONOMICA,AVION,1 escala (CBB) - 02:00,True,1,733.0,733.0,733.0
2026-08-05 10:06:04,VUELO,2026-08-07,VVI,Santa Cruz,LPB,La Paz,BOLIVIANA DE AVIACION,OB,,2026-08-07 19:55,2026-08-07 21:00,ECONOMICA,AVION,0,,,783.0,783.0,783.0
2026-08-05 12:01:16,VUELO,2026-08-07,VVI,Santa Cruz,CIJ,Cobija,BOLIVIANA DE AVIACION,OB,681 / 400,2026-08-07 19:55,2026-08-08 09:40,ECONOMICA,AVION,1 escala (LPB) - 13:45,True,1,1440.0,1440.0,1440.0
2026-08-05 12:01:16,VUELO,2026-08-07,VVI,Santa Cruz,LPB,La Paz,BOLIVIANA DE AVIACION,OB,681,2026-08-07 19:55,2026-08-07 21:00,ECONOMICA,AVION,Directo (01:05),False,0,594.0,594.0,594.0
2026-08-05 12:01:16,VUELO,2026-08-07,VVI,Santa Cruz,COR,Cordoba,LATAM AIRLINES GROUP,LA,748 / 2371 / 492,2026-08-07 20:00,2026-08-08 12:34,ECONOMICA,AVION,"2 escala (LIM, SCL) - 15:34",True,2,20414.0,20414.0,20414.0
2026-08-05 12:01:16,VUELO,2026-08-07,VVI,Santa Cruz,COR,Cordoba,LATAM AIRLINES GROUP,LA,748 / 2431 / 492,2026-08-07 20:00,2026-08-08 12:34,ECONOMICA,AVION,"2 escala (LIM, SCL) - 15:34",True,2,20414.0,20414.0,20414.0
2026-08-05 12:01:16,VUELO,2026-08-07,VVI,Santa Cruz,COR,Cordoba,LATAM AIRLINES GROUP,LA,748 / 523 / 492,2026-08-07 20:00,2026-08-08 12:34,ECONOMICA,AVION,"2 escala (LIM, SCL) - 15:34",True,2,21256.0,21256.0,21256.0
2026-08-05 12:01:16,VUELO,2026-08-07,VVI,Santa Cruz,COR,Cordoba,LATAM AIRLINES GROUP,LA,748 / 2377 / 492,2026-08-07 20:00,2026-08-08 12:34,ECONOMICA,AVION,"2 escala (LIM, SCL) - 15:34",True,2,21256.0,21256.0,21256.0
2026-08-05 12:01:16,VUELO,2026-08-07,VVI,Santa Cruz,EZE,Buenos Aires,LATAM AIRLINES GROUP,LA,748 / 2371 / 542,2026-08-07 20:00,2026-08-08 11:30,ECONOMICA,AVION,"2 escala (LIM, SCL) - 14:30",True,2,24407.0,24407.0,24407.0
2026-08-05 12:01:16,VUELO,2026-08-07,VVI,Santa Cruz,EZE,Buenos Aires,LATAM AIRLINES GROUP,LA,748 / 2431 / 542,2026-08-07 20:00,2026-08-08 11:30,ECONOMICA,AVION,"2 escala (LIM, SCL) - 14:30",True,2,24407.0,24407.0,24407.0
2026-08-05 12:01:16,VUELO,2026-08-07,VVI,Santa Cruz,EZE,Buenos Aires,LATAM AIRLINES GROUP,LA,748 / 523 / 542,2026-08-07 20:00,2026-08-08 11:30,ECONOMICA,AVION,"2 escala (LIM, SCL) - 14:30",True,2,25249.0,25249.0,25249.0
2026-08-05 12:01:16,VUELO,2026-08-07,VVI,Santa Cruz,EZE,Buenos Aires,LATAM AIRLINES GROUP,LA,748 / 2377 / 542,2026-08-07 20:00,2026-08-08 11:30,ECONOMICA,AVION,"2 escala (LIM, SCL) - 14:30",True,2,25249.0,25249.0,25249.0
2026-08-05 12:01:16,VUELO,2026-08-07,VVI,Santa Cruz,MDZ,Mendoza,LATAM AIRLINES GROUP,LA,748 / 523 / 434,2026-08-07 20:00,2026-08-08 11:06,ECONOMICA,AVION,"2 escala (LIM, SCL) - 14:06",True,2,20814.0,20814.0,20814.0
2026-08-05 12:01:16,VUELO,2026-08-07,VVI,Santa Cruz,MDZ,Mendoza,LATAM AIRLINES GROUP,LA,748 / 2371 / 434,2026-08-07 20:00,2026-08-08 11:06,ECONOMICA,AVION,"2 escala (LIM, SCL) - 14:06",True,2,20814.0,20814.0,20814.0
2026-08-05 12:01:16,VUELO,2026-08-07,VVI,Santa Cruz,MDZ,Mendoza,LATAM AIRLINES GROUP,LA,748 / 2431 / 434,2026-08-07 20:00,2026-08-08 11:06,ECONOMICA,AVION,"2 escala (LIM, SCL) - 14:06",True,2,20814.0,20814.0,20814.0
2026-08-05 12:01:16,VUELO,2026-08-07,VVI,Santa Cruz,MDZ,Mendoza,LATAM AIRLINES GROUP,LA,748 / 2377 / 434,2026-08-07 20:00,2026-08-08 11:06,ECONOMICA,AVION,"2 escala (LIM, SCL) - 14:06",True,2,21658.0,21658.0,21658.0
2026-08-05 10:06:04,VUELO,2026-08-07,VVI,Santa Cruz,LPB,La Paz,BOLIVIANA DE AVIACION,OB,,2026-08-07 20:50,2026-08-07 21:55,ECONOMICA,AVION,0,,,783.0,783.0,783.0
2026-08-05 10:06:04,VUELO,2026-08-07,VVI,Santa Cruz,CBB,Cochabamba,BOLIVIANA DE AVIACION,OB,,2026-08-07 20:50,2026-08-08 00:40,ECONOMICA,AVION,0,,,1128.0,1128.0,1128.0
2026-08-05 12:01:16,VUELO,2026-08-07,VVI,Santa Cruz,CBB,Cochabamba,BOLIVIANA DE AVIACION,OB,683 / 929,2026-08-07 20:50,2026-08-08 00:40,ECONOMICA,AVION,1 escala (LPB) - 03:50,True,1,1079.0,1079.0,1079.0
2026-08-05 12:01:16,VUELO,2026-08-07,VVI,Santa Cruz,CBB,Cochabamba,BOLIVIANA DE AVIACION,OB,683 / 629,2026-08-07 20:50,2026-08-08 00:20,ECONOMICA,AVION,1 escala (LPB) - 03:30,True,1,1128.0,1128.0,1128.0
2026-08-05 12:01:16,VUELO,2026-08-07,VVI,Santa Cruz,CIJ,Cobija,BOLIVIANA DE AVIACION,OB,683 / 400,2026-08-07 20:50,2026-08-08 09:40,ECONOMICA,AVION,1 escala (LPB) - 12:50,True,1,1629.0,1629.0,1629.0
2026-08-05 12:01:16,VUELO,2026-08-07,VVI,Santa Cruz,LPB,La Paz,BOLIVIANA DE AVIACION,OB,683,2026-08-07 20:50,2026-08-07 21:55,ECONOMICA,AVION,Directo (01:05),False,0,783.0,783.0,783.0
2026-08-05 10:06:04,VUELO,2026-08-07,VVI,Santa Cruz,LPB,La Paz,BOLIVIANA DE AVIACION,OB,,2026-08-07 21:15,2026-08-07 23:20,ECONOMICA,AVION,0,,,1067.0,1067.0,1067.0
2026-08-05 10:06:04,VUELO,2026-08-07,VVI,Santa Cruz,CBB,Cochabamba,BOLIVIANA DE AVIACION,OB,,2026-08-07 21:15,2026-08-07 22:00,ECONOMICA,AVION,0,,,713.0,713.0,713.0
2026-08-05 12:01:16,VUELO,2026-08-07,VVI,Santa Cruz,CBB,Cochabamba,BOLIVIANA DE AVIACION,OB,653,2026-08-07 21:15,2026-08-07 22:00,ECONOMICA,AVION,Directo (00:45),False,0,713.0,713.0,713.0
2026-08-05 12:01:16,VUELO,2026-08-07,VVI,Santa Cruz,CIJ,Cobija,BOLIVIANA DE AVIACION,OB,653 / 924 / 400,2026-08-07 21:15,2026-08-08 09:40,ECONOMICA,AVION,"2 escala (CBB, LPB) - 12:25",True,2,1913.0,1913.0,1913.0
2026-08-05 12:01:16,VUELO,2026-08-07,VVI,Santa Cruz,CIJ,Cobija,BOLIVIANA DE AVIACION,OB,653 / 600 / 400,2026-08-07 21:15,2026-08-08 09:40,ECONOMICA,AVION,"2 escala (CBB, LPB) - 12:25",True,2,2097.0,2097.0,2097.0
2026-08-05 12:01:16,VUELO,2026-08-07,VVI,Santa Cruz,LPB,La Paz,BOLIVIANA DE AVIACION,OB,653 / 924,2026-08-07 21:15,2026-08-07 23:20,ECONOMICA,AVION,1 escala (CBB) - 02:05,True,1,1067.0,1067.0,1067.0
2026-08-05 12:01:16,VUELO,2026-08-07,VVI,Santa Cruz,TJA,Tarija,BOLIVIANA DE AVIACION,OB,653 / 524,2026-08-07 21:15,2026-08-08 09:00,ECONOMICA,AVION,1 escala (CBB) - 11:45,True,1,1357.0,1357.0,1357.0
2026-08-05 12:01:16,VUELO,2026-08-07,VVI,Santa Cruz,EZE,Buenos Aires,BOLIVIANA DE AVIACION,OB,700,2026-08-07 21:55,2026-08-08 01:50,ECONOMICA,AVION,Directo (02:55),False,0,5242.0,5242.0,5242.0
2026-08-05 10:06:04,VUELO,2026-08-07,VVI,Santa Cruz,LPB,La Paz,BOLIVIANA DE AVIACION,OB,,2026-08-07 23:20,2026-08-08 00:25,ECONOMICA,AVION,0,,,877.0,877.0,877.0
2026-08-05 12:01:16,VUELO,2026-08-07,VVI,Santa Cruz,CIJ,Cobija,BOLIVIANA DE AVIACION,OB,689 / 400,2026-08-07 23:20,2026-08-08 09:40,ECONOMICA,AVION,1 escala (LPB) - 10:20,True,1,1723.0,1723.0,1723.0
2026-08-05 12:01:16,VUELO,2026-08-07,VVI,Santa Cruz,LPB,La Paz,BOLIVIANA DE AVIACION,OB,689,2026-08-07 23:20,2026-08-08 00:25,ECONOMICA,AVION,Directo (01:05),False,0,877.0,877.0,877.0
2026-08-05 12:01:16,VUELO,2026-08-07,VVI,Santa Cruz,TJA,Tarija,BOLIVIANA DE AVIACION,OB,689 / 603 / 524,2026-08-07 23:20,2026-08-08 09:00,ECONOMICA,AVION,"2 escala (LPB, CBB) - 09:40",True,2,2035.0,2035.0,2035.0
2026-08-05 10:06:04,VUELO,2026-08-07,VVI,Santa Cruz,CBB,Cochabamba,BOLIVIANA DE AVIACION,OB,,2026-08-07 23:45,2026-08-08 00:30,ECONOMICA,AVION,0,,,713.0,713.0,713.0
2026-08-05 12:01:16,VUELO,2026-08-07,VVI,Santa Cruz,CBB,Cochabamba,BOLIVIANA DE AVIACION,OB,659,2026-08-07 23:45,2026-08-08 00:30,ECONOMICA,AVION,Directo (00:45),False,0,713.0,713.0,713.0
2026-08-05 12:01:16,VUELO,2026-08-07,VVI,Santa Cruz,CIJ,Cobija,BOLIVIANA DE AVIACION,OB,659 / 600 / 400,2026-08-07 23:45,2026-08-08 09:40,ECONOMICA,AVION,"2 escala (CBB, LPB) - 09:55",True,2,1898.0,1898.0,1898.0
2026-08-05 12:01:16,VUELO,2026-08-07,VVI,Santa Cruz,TJA,Tarija,BOLIVIANA DE AVIACION,OB,659 / 524,2026-08-07 23:45,2026-08-08 09:00,ECONOMICA,AVION,1 escala (CBB) - 09:15,True,1,1357.0,1357.0,1357.0
