fecha_consulta,tipo_transporte,fecha_salida,origen_codigo,origen_nombre,destino_codigo,destino_nombre,empresa_aerolinea,codigo_empresa,numero_vuelo_bus,fecha_hora_salida,fecha_hora_llegada,categoria_cabina,detalles_vehiculo,escalas_duracion,es_escala,numero_escalas,precio_bob,precio_max_bob,precio_minimo_bob
2026-10-07 00:42:52,BUS,2026-10-07,COCHABAMBA,COCHABAMBA,ORURO,ORURO,NASER,183,3817 TIL,2026-10-07 04:30,2026-10-07 09:30,SEMI CAMA,SEMI CAMA LEITO 60,Directo (5h 0m),False,0,0.0,0.0,0.0
2026-10-07 00:42:52,BUS,2026-10-07,COCHABAMBA,COCHABAMBA,ORURO,ORURO,NASER,183,3817 TEX,2026-10-07 05:00,2026-10-07 10:00,SEMI CAMA,SEMI CAMA LEITO 60,Directo (5h 0m),False,0,0.0,0.0,0.0
2026-10-07 00:42:52,BUS,2026-10-07,COCHABAMBA,COCHABAMBA,LA PAZ,LA PAZ,EL DORADO,103,000,2026-10-07 07:30,2026-10-07 14:30,CAMA,CAMA 3 FILAS 40,Directo (7h 0m),False,0,0.0,0.0,0.0
2026-10-07 00:42:52,BUS,2026-10-07,COCHABAMBA,COCHABAMBA,LA PAZ,LA PAZ,EL DORADO,103,000,2026-10-07 09:30,2026-10-07 16:30,CAMA,CAMA 3 FILAS 40,Directo (7h 0m),False,0,0.0,0.0,0.0
2026-10-07 00:42:52,BUS,2026-10-07,COCHABAMBA,COCHABAMBA,LA PAZ,LA PAZ,EL DORADO,103,000,2026-10-07 10:30,2026-10-07 17:30,CAMA,CAMA 3 FILAS 40,Directo (7h 0m),False,0,0.0,0.0,0.0
2026-10-07 00:42:52,BUS,2026-10-07,COCHABAMBA,COCHABAMBA,LA PAZ,LA PAZ,EL DORADO,103,000,2026-10-07 12:00,2026-10-07 19:00,CAMA,CAMA 3 FILAS 40,Directo (7h 0m),False,0,0.0,0.0,0.0
2026-10-07 00:42:52,BUS,2026-10-07,COCHABAMBA,COCHABAMBA,LA PAZ,LA PAZ,EL DORADO,103,000,2026-10-07 15:00,2026-10-07 22:00,CAMA,CAMA 3 FILAS 40,Directo (7h 0m),False,0,0.0,0.0,0.0
2026-10-07 00:42:52,BUS,2026-10-07,COCHABAMBA,COCHABAMBA,LA PAZ,LA PAZ,EL DORADO,103,000,2026-10-07 17:00,2026-10-08 00:00,CAMA,CAMA 3 FILAS 40,Directo (7h 0m),False,0,0.0,0.0,0.0
2026-10-07 00:42:52,BUS,2026-10-07,COCHABAMBA,COCHABAMBA,SANTA CRUZ,SANTA CRUZ,TRANS COPACABANA S.A.,110,127,2026-10-07 19:00,2026-10-08 05:00,CAMA,CAMA D - PISO 43,Directo (10h 0m),False,0,0.0,0.0,0.0
2026-10-07 00:42:52,BUS,2026-10-07,COCHABAMBA,COCHABAMBA,SANTA CRUZ,SANTA CRUZ,TRANS COPACABANA S.A.,110,152,2026-10-07 20:00,2026-10-08 06:00,CAMA,CAMA TV 43,Directo (10h 0m),False,0,0.0,0.0,0.0
2026-10-07 00:42:52,BUS,2026-10-07,COCHABAMBA,COCHABAMBA,SANTA CRUZ,SANTA CRUZ,EL DORADO,103,000,2026-10-07 20:00,2026-10-08 08:00,CAMA,CAMA 3 FILAS 40,Directo (12h 0m),False,0,0.0,0.0,0.0
2026-10-07 00:42:52,BUS,2026-10-07,COCHABAMBA,COCHABAMBA,LA PAZ,LA PAZ,EL DORADO,103,000,2026-10-07 20:30,2026-10-08 03:30,CAMA,CAMA 3 FILAS 40,Directo (7h 0m),False,0,0.0,0.0,0.0
2026-10-07 00:42:52,BUS,2026-10-07,COCHABAMBA,COCHABAMBA,POTOSI,POTOSI,EL DORADO,103,000,2026-10-07 21:00,2026-10-08 09:30,CAMA,CAMA 3 FILAS 40,Directo (12h 30m),False,0,0.0,0.0,0.0
2026-10-07 00:42:52,BUS,2026-10-07,COCHABAMBA,COCHABAMBA,POTOSI,POTOSI,FLOTA COPACABANA,167,4756 SIX,2026-10-07 21:00,2026-10-08 06:00,CAMA,CAMA 41 2P,Directo (9h 0m),False,0,0.0,0.0,0.0
2026-10-07 00:42:52,BUS,2026-10-07,COCHABAMBA,COCHABAMBA,POTOSI,POTOSI,TRANS COPACABANA S.A.,110,133,2026-10-07 21:00,2026-10-08 07:00,CAMA,CAMA DD 43,Directo (10h 0m),False,0,0.0,0.0,0.0
2026-10-07 00:42:52,BUS,2026-10-07,COCHABAMBA,COCHABAMBA,SANTA CRUZ,SANTA CRUZ,TRANS COPACABANA S.A.,110,142,2026-10-07 21:00,2026-10-08 07:00,CAMA,CAMA TV 43,Directo (10h 0m),False,0,0.0,0.0,0.0
2026-10-07 00:42:52,BUS,2026-10-07,COCHABAMBA,COCHABAMBA,SUCRE,SUCRE,EL DORADO,103,000,2026-10-07 21:00,2026-10-08 07:00,CAMA,CAMA 3 FILAS 40,Directo (10h 0m),False,0,0.0,0.0,0.0
2026-10-07 00:42:52,BUS,2026-10-07,COCHABAMBA,COCHABAMBA,LA PAZ,LA PAZ,EL DORADO,103,000,2026-10-07 21:30,2026-10-08 04:30,CAMA,CAMA 3 FILAS 40,Directo (7h 0m),False,0,0.0,0.0,0.0
2026-10-07 00:42:52,BUS,2026-10-07,COCHABAMBA,COCHABAMBA,LA PAZ,LA PAZ,TRANS COPACABANA S.A.,110,132,2026-10-07 21:30,2026-10-08 05:30,CAMA,CAMA D - PISO 43,Directo (8h 0m),False,0,0.0,0.0,0.0
2026-10-07 00:42:52,BUS,2026-10-07,COCHABAMBA,COCHABAMBA,SUCRE,SUCRE,TRANS COPACABANA S.A.,110,160,2026-10-07 21:30,2026-10-08 04:30,CAMA,CAMA TV 43,Directo (7h 0m),False,0,0.0,0.0,0.0
2026-10-07 00:42:52,BUS,2026-10-07,COCHABAMBA,COCHABAMBA,LA PAZ,LA PAZ,EL DORADO,103,000,2026-10-07 22:00,2026-10-08 05:00,CAMA,CAMA 3 FILAS 40,Directo (7h 0m),False,0,0.0,0.0,0.0
2026-10-07 00:42:52,BUS,2026-10-07,COCHABAMBA,COCHABAMBA,LA PAZ,LA PAZ,TRANS COPACABANA S.A.,110,132,2026-10-07 22:00,2026-10-08 06:00,CAMA,CAMA D - PISO 43,Directo (8h 0m),False,0,0.0,0.0,0.0
2026-10-07 00:42:52,BUS,2026-10-07,COCHABAMBA,COCHABAMBA,LA PAZ,LA PAZ,EL DORADO,103,000,2026-10-07 22:30,2026-10-08 05:30,CAMA,CAMA 3 FILAS 40,Directo (7h 0m),False,0,0.0,0.0,0.0
2026-10-07 00:42:52,BUS,2026-10-07,COCHABAMBA,COCHABAMBA,LA PAZ,LA PAZ,EL DORADO,103,NSH,2026-10-07 22:45,2026-10-08 05:45,SUITE,SUITE Y CAMA 30,Directo (7h 0m),False,0,0.0,0.0,0.0
2026-10-07 00:42:52,BUS,2026-10-07,COCHABAMBA,COCHABAMBA,LA PAZ,LA PAZ,EL DORADO,103,000,2026-10-07 23:00,2026-10-08 06:00,CAMA,CAMA 3 FILAS 40,Directo (7h 0m),False,0,0.0,0.0,0.0
2026-10-07 00:42:52,BUS,2026-10-07,COCHABAMBA,COCHABAMBA,SANTA CRUZ,SANTA CRUZ,RENACER,105,79,2026-10-07 06:30,2026-10-07 16:30,CAMA,CAMA 3 FILAS 1,Directo (10h 0m),False,0,150.0,150.0,130.0
2026-10-07 00:42:52,BUS,2026-10-07,COCHABAMBA,COCHABAMBA,LA PAZ,LA PAZ,TRANS COPACABANA S.A.,110,132,2026-10-07 22:30,2026-10-08 06:30,CAMA,CAMA D - PISO 43,Directo (8h 0m),False,0,157.0,200.0,150.0
2026-10-07 00:42:52,BUS,2026-10-07,COCHABAMBA,COCHABAMBA,TARIJA,TARIJA,TRANS COPACABANA S.A.,110,152,2026-10-07 17:00,2026-10-08 08:00,CAMA,CAMA TV 43,Directo (15h 0m),False,0,358.0,358.0,358.0
2026-10-07 00:42:52,BUS,2026-10-07,LA PAZ,LA PAZ,ORURO,ORURO,NASER,183,6022 PZP,2026-10-07 04:30,2026-10-07 08:00,CAMA,CAMA LEITO 46,Directo (3h 30m),False,0,0.0,0.0,0.0
2026-10-07 00:42:52,BUS,2026-10-07,LA PAZ,LA PAZ,ORURO,ORURO,NASER,183,2432 LSP,2026-10-07 05:30,2026-10-07 09:00,SEMI CAMA,SEMI CAMA 62,Directo (3h 30m),False,0,0.0,0.0,0.0
2026-10-07 00:42:52,BUS,2026-10-07,LA PAZ,LA PAZ,ORURO,ORURO,NASER,183,2432 LYF,2026-10-07 06:00,2026-10-07 09:30,SEMI CAMA,SEMI CAMA 62,Directo (3h 30m),False,0,0.0,0.0,0.0
2026-10-07 00:42:52,BUS,2026-10-07,LA PAZ,LA PAZ,COCHABAMBA,COCHABAMBA,TRANS COPACABANA S.A.,110,133,2026-10-07 07:30,2026-10-07 15:30,CAMA,CAMA DD 43,Directo (8h 0m),False,0,0.0,0.0,0.0
2026-10-07 00:42:52,BUS,2026-10-07,LA PAZ,LA PAZ,ORURO,ORURO,NASER,183,3076-PLX,2026-10-07 07:30,2026-10-07 11:00,SEMI CAMA,SEMI CAMA60,Directo (3h 30m),False,0,0.0,0.0,0.0
2026-10-07 00:42:52,BUS,2026-10-07,LA PAZ,LA PAZ,COCHABAMBA,COCHABAMBA,EL DORADO,103,000,2026-10-07 08:00,2026-10-07 15:00,CAMA,CAMA 3 FILAS 40,Directo (7h 0m),False,0,0.0,0.0,0.0
2026-10-07 00:42:52,BUS,2026-10-07,LA PAZ,LA PAZ,COCHABAMBA,COCHABAMBA,EL DORADO,103,000,2026-10-07 09:00,2026-10-07 16:00,CAMA,CAMA 3 FILAS 40,Directo (7h 0m),False,0,0.0,0.0,0.0
2026-10-07 00:42:52,BUS,2026-10-07,LA PAZ,LA PAZ,COCHABAMBA,COCHABAMBA,BOLIVIA,113,3333,2026-10-07 10:00,2026-10-07 17:30,CAMA,CAMA  43,Directo (7h 30m),False,0,0.0,0.0,0.0
2026-10-07 00:42:52,BUS,2026-10-07,LA PAZ,LA PAZ,COCHABAMBA,COCHABAMBA,EL DORADO,103,000,2026-10-07 10:30,2026-10-07 17:30,CAMA,CAMA 3 FILAS 40,Directo (7h 0m),False,0,0.0,0.0,0.0
2026-10-07 00:42:52,BUS,2026-10-07,LA PAZ,LA PAZ,COCHABAMBA,COCHABAMBA,EL DORADO,103,000,2026-10-07 11:00,2026-10-07 18:00,CAMA,CAMA 3 FILAS 40,Directo (7h 0m),False,0,0.0,0.0,0.0
2026-10-07 00:42:52,BUS,2026-10-07,LA PAZ,LA PAZ,COCHABAMBA,COCHABAMBA,TRANS COPACABANA S.A.,110,131,2026-10-07 11:30,2026-10-07 19:30,CAMA,CAMA D - PISO 43,Directo (8h 0m),False,0,0.0,0.0,0.0
2026-10-07 00:42:52,BUS,2026-10-07,LA PAZ,LA PAZ,COCHABAMBA,COCHABAMBA,BOLIVIA,113,3333,2026-10-07 12:30,2026-10-07 20:00,CAMA,CAMA  43,Directo (7h 30m),False,0,0.0,0.0,0.0
2026-10-07 00:42:52,BUS,2026-10-07,LA PAZ,LA PAZ,COCHABAMBA,COCHABAMBA,EL DORADO,103,000,2026-10-07 12:30,2026-10-07 19:30,CAMA,CAMA 3 FILAS 40,Directo (7h 0m),False,0,0.0,0.0,0.0
2026-10-07 00:42:52,BUS,2026-10-07,LA PAZ,LA PAZ,COCHABAMBA,COCHABAMBA,EL DORADO,103,000,2026-10-07 13:00,2026-10-07 20:00,CAMA,CAMA 3 FILAS 40,Directo (7h 0m),False,0,0.0,0.0,0.0
2026-10-07 00:42:52,BUS,2026-10-07,LA PAZ,LA PAZ,COCHABAMBA,COCHABAMBA,EL DORADO,103,000,2026-10-07 14:00,2026-10-07 21:00,CAMA,CAMA 3 FILAS 40,Directo (7h 0m),False,0,0.0,0.0,0.0
2026-10-07 00:42:52,BUS,2026-10-07,LA PAZ,LA PAZ,COCHABAMBA,COCHABAMBA,BOLIVIA,113,3333,2026-10-07 14:30,2026-10-07 22:00,CAMA,CAMA  43,Directo (7h 30m),False,0,0.0,0.0,0.0
2026-10-07 00:42:52,BUS,2026-10-07,LA PAZ,LA PAZ,COCHABAMBA,COCHABAMBA,EL DORADO,103,000,2026-10-07 15:30,2026-10-07 22:30,CAMA,CAMA 3 FILAS 40,Directo (7h 0m),False,0,0.0,0.0,0.0
2026-10-07 00:42:52,BUS,2026-10-07,LA PAZ,LA PAZ,COCHABAMBA,COCHABAMBA,TRANS COPACABANA S.A.,110,118,2026-10-07 16:00,2026-10-08 00:00,CAMA,CAMA DD - PISO  43,Directo (8h 0m),False,0,0.0,0.0,0.0
2026-10-07 00:42:52,BUS,2026-10-07,LA PAZ,LA PAZ,VILLAZON,VILLAZON,ILLIMANI,179,2031 AZX CAMA3F,2026-10-07 16:00,2026-10-08 03:25,CAMA,CAMA 3 FILAS AZX,Directo (11h 25m),False,0,0.0,0.0,0.0
2026-10-07 00:42:52,BUS,2026-10-07,LA PAZ,LA PAZ,COCHABAMBA,COCHABAMBA,BOLIVIA,113,3333,2026-10-07 16:30,2026-10-08 00:00,CAMA,CAMA  43,Directo (7h 30m),False,0,0.0,0.0,0.0
2026-10-07 00:42:52,BUS,2026-10-07,LA PAZ,LA PAZ,SANTA CRUZ,SANTA CRUZ,TRANS COPACABANA S.A.,110,148,2026-10-07 16:30,2026-10-08 09:30,CAMA,CAMA TV 43,Directo (17h 0m),False,0,0.0,0.0,0.0
2026-10-07 00:42:52,BUS,2026-10-07,LA PAZ,LA PAZ,COCHABAMBA,COCHABAMBA,EL DORADO,103,000,2026-10-07 17:00,2026-10-08 00:00,CAMA,CAMA 3 FILAS 40,Directo (7h 0m),False,0,0.0,0.0,0.0
2026-10-07 00:42:52,BUS,2026-10-07,LA PAZ,LA PAZ,SANTA CRUZ,SANTA CRUZ,EL DORADO,103,000,2026-10-07 17:00,2026-10-08 10:00,CAMA,CAMA 3 FILAS 40,Directo (17h 0m),False,0,0.0,0.0,0.0
2026-10-07 00:42:52,BUS,2026-10-07,LA PAZ,LA PAZ,SANTA CRUZ,SANTA CRUZ,TRANS COPACABANA S.A.,110,155,2026-10-07 17:30,2026-10-08 10:30,CAMA,CAMA TV 43,Directo (17h 0m),False,0,0.0,0.0,0.0
2026-10-07 00:42:52,BUS,2026-10-07,LA PAZ,LA PAZ,COCHABAMBA,COCHABAMBA,BOLIVIA,113,3333,2026-10-07 18:30,2026-10-08 02:00,CAMA,CAMA  43,Directo (7h 30m),False,0,0.0,0.0,0.0
2026-10-07 00:42:52,BUS,2026-10-07,LA PAZ,LA PAZ,SUCRE,SUCRE,ILLIMANI,179,1627YAK,2026-10-07 18:30,2026-10-08 03:52,CAMA,CAMA 32 3F,Directo (9h 22m),False,0,0.0,0.0,0.0
2026-10-07 00:42:52,BUS,2026-10-07,LA PAZ,LA PAZ,COCHABAMBA,COCHABAMBA,EL DORADO,103,000,2026-10-07 19:00,2026-10-08 02:00,CAMA,CAMA 3 FILAS 40,Directo (7h 0m),False,0,0.0,0.0,0.0
2026-10-07 00:42:52,BUS,2026-10-07,LA PAZ,LA PAZ,SANTA CRUZ,SANTA CRUZ,TRANS COPACABANA S.A.,110,155,2026-10-07 19:00,2026-10-08 12:00,CAMA,CAMA TV 43,Directo (17h 0m),False,0,0.0,0.0,0.0
2026-10-07 00:42:52,BUS,2026-10-07,LA PAZ,LA PAZ,SANTA CRUZ,SANTA CRUZ,EL DORADO,103,000,2026-10-07 19:30,2026-10-08 12:30,CAMA,CAMA 3 FILAS 40,Directo (17h 0m),False,0,0.0,0.0,0.0
2026-10-07 00:42:52,BUS,2026-10-07,LA PAZ,LA PAZ,SUCRE,SUCRE,TRANS COPACABANA S.A.,110,129,2026-10-07 19:30,2026-10-08 07:30,CAMA,CAMA D - PISO 43,Directo (12h 0m),False,0,0.0,0.0,0.0
2026-10-07 00:42:52,BUS,2026-10-07,LA PAZ,LA PAZ,COCHABAMBA,COCHABAMBA,BOLIVIA,113,3333,2026-10-07 20:30,2026-10-08 04:00,CAMA,CAMA  43,Directo (7h 30m),False,0,0.0,0.0,0.0
2026-10-07 00:42:52,BUS,2026-10-07,LA PAZ,LA PAZ,COCHABAMBA,COCHABAMBA,TRANS COPACABANA S.A.,110,124,2026-10-07 20:30,2026-10-08 04:30,CAMA,CAMA DD - PISO  43,Directo (8h 0m),False,0,0.0,0.0,0.0
2026-10-07 00:42:52,BUS,2026-10-07,LA PAZ,LA PAZ,COCHABAMBA,COCHABAMBA,EL DORADO,103,000,2026-10-07 20:30,2026-10-08 03:30,CAMA,CAMA 3 FILAS 40,Directo (7h 0m),False,0,0.0,0.0,0.0
2026-10-07 00:42:52,BUS,2026-10-07,LA PAZ,LA PAZ,COCHABAMBA,COCHABAMBA,EL DORADO,103,000,2026-10-07 21:00,2026-10-08 04:00,CAMA,CAMA 3 FILAS 40,Directo (7h 0m),False,0,0.0,0.0,0.0
2026-10-07 00:42:52,BUS,2026-10-07,LA PAZ,LA PAZ,POTOSI,POTOSI,FLOTA COPACABANA,167,5316 FHT,2026-10-07 21:00,2026-10-08 05:30,CAMA,CAMA 41 2P,Directo (8h 30m),False,0,0.0,0.0,0.0
2026-10-07 00:42:52,BUS,2026-10-07,LA PAZ,LA PAZ,COCHABAMBA,COCHABAMBA,BOLIVIA,113,3333,2026-10-07 21:15,2026-10-08 04:45,CAMA,CAMA  43,Directo (7h 30m),False,0,0.0,0.0,0.0
2026-10-07 00:42:52,BUS,2026-10-07,LA PAZ,LA PAZ,COCHABAMBA,COCHABAMBA,EL DORADO,103,000,2026-10-07 21:30,2026-10-08 04:30,CAMA,CAMA 3 FILAS 40,Directo (7h 0m),False,0,0.0,0.0,0.0
2026-10-07 00:42:52,BUS,2026-10-07,LA PAZ,LA PAZ,COCHABAMBA,COCHABAMBA,TRANS COPACABANA S.A.,110,125,2026-10-07 21:30,2026-10-08 05:30,CAMA,CAMA DD - PISO  43,Directo (8h 0m),False,0,0.0,0.0,0.0
2026-10-07 00:42:52,BUS,2026-10-07,LA PAZ,LA PAZ,POTOSI,POTOSI,EL DORADO,103,000,2026-10-07 21:30,2026-10-08 06:30,CAMA,CAMA 3 FILAS 40,Directo (9h 0m),False,0,0.0,0.0,0.0
2026-10-07 00:42:52,BUS,2026-10-07,LA PAZ,LA PAZ,COCHABAMBA,COCHABAMBA,EL DORADO,103,000,2026-10-07 22:00,2026-10-08 05:00,CAMA,CAMA 3 FILAS 40,Directo (7h 0m),False,0,0.0,0.0,0.0
2026-10-07 00:42:52,BUS,2026-10-07,LA PAZ,LA PAZ,COCHABAMBA,COCHABAMBA,TRANS COPACABANA S.A.,110,128,2026-10-07 22:00,2026-10-08 06:00,CAMA,CAMA D - PISO 43,Directo (8h 0m),False,0,0.0,0.0,0.0
2026-10-07 00:42:52,BUS,2026-10-07,LA PAZ,LA PAZ,COCHABAMBA,COCHABAMBA,BOLIVIA,113,3333,2026-10-07 22:00,2026-10-08 05:30,CAMA,CAMA  43,Directo (7h 30m),False,0,0.0,0.0,0.0
2026-10-07 00:42:52,BUS,2026-10-07,LA PAZ,LA PAZ,COCHABAMBA,COCHABAMBA,TRANS COPACABANA S.A.,110,170,2026-10-07 22:30,2026-10-08 06:30,CAMA,CAMA TV 46,Directo (8h 0m),False,0,0.0,0.0,0.0
2026-10-07 00:42:52,BUS,2026-10-07,LA PAZ,LA PAZ,COCHABAMBA,COCHABAMBA,EL DORADO,103,000,2026-10-07 22:30,2026-10-08 05:30,CAMA,CAMA 3 FILAS 40,Directo (7h 0m),False,0,0.0,0.0,0.0
2026-10-07 00:42:52,BUS,2026-10-07,LA PAZ,LA PAZ,COCHABAMBA,COCHABAMBA,BOLIVIA,113,3333,2026-10-07 22:45,2026-10-08 06:15,CAMA,CAMA  43,Directo (7h 30m),False,0,0.0,0.0,0.0
2026-10-07 00:42:52,BUS,2026-10-07,LA PAZ,LA PAZ,COCHABAMBA,COCHABAMBA,EL DORADO,103,000,2026-10-07 23:00,2026-10-08 06:00,CAMA,CAMA 3 FILAS 40,Directo (7h 0m),False,0,0.0,0.0,0.0
2026-10-07 00:42:52,BUS,2026-10-07,LA PAZ,LA PAZ,COCHABAMBA,COCHABAMBA,TRANS COPACABANA S.A.,110,136,2026-10-07 23:00,2026-10-08 07:00,CAMA,CAMA DD 43,Directo (8h 0m),False,0,0.0,0.0,0.0
2026-10-07 00:42:52,BUS,2026-10-07,LA PAZ,LA PAZ,SUCRE,SUCRE,EL MEXICANO,206,3435 PGP,2026-10-07 19:00,2026-10-08 07:00,CAMA,CAMA LEITO 43,Directo (12h 0m),False,0,150.0,200.0,130.0
2026-10-07 00:42:52,BUS,2026-10-07,LA PAZ,LA PAZ,POTOSI,POTOSI,TRANS COPACABANA S.A.,110,130,2026-10-07 21:00,2026-10-08 06:00,CAMA,CAMA D - PISO 43,Directo (9h 0m),False,0,181.0,181.0,181.0
2026-10-07 00:42:52,BUS,2026-10-07,LA PAZ,LA PAZ,SUCRE,SUCRE,EL DORADO,103,NSH,2026-10-07 19:30,2026-10-08 07:30,SUITE,SUITE Y CAMA 30,Directo (12h 0m),False,0,252.0,252.0,252.0
2026-10-07 00:42:52,BUS,2026-10-07,LA PAZ,LA PAZ,SANTA CRUZ,SANTA CRUZ,EL DORADO,103,000,2026-10-07 12:30,2026-10-08 05:30,CAMA,CAMA 3 FILAS 40,Directo (17h 0m),False,0,310.0,310.0,300.0
2026-10-07 00:42:52,BUS,2026-10-07,LA PAZ,LA PAZ,TARIJA,TARIJA,ROYAL CLASS,144,5310ULP,2026-10-07 19:00,2026-10-08 10:00,CAMA,SUITE - CAMA,Directo (15h 0m),False,0,350.0,450.0,300.0
2026-10-07 00:42:52,BUS,2026-10-07,LA PAZ,LA PAZ,TARIJA,TARIJA,TRANS COPACABANA S.A.,110,174,2026-10-07 18:30,2026-10-08 11:30,CAMA,CAMA TV 43,Directo (17h 0m),False,0,365.0,400.0,350.0
2026-10-07 00:42:52,BUS,2026-10-07,LA PAZ,LA PAZ,SANTA CRUZ,SANTA CRUZ,TRANS COPACABANA S.A.,110,142,2026-10-07 14:00,2026-10-08 07:00,CAMA,CAMA TV 43,Directo (17h 0m),False,0,400.0,400.0,300.0
2026-10-07 00:42:52,BUS,2026-10-07,ORURO,ORURO,COCHABAMBA,COCHABAMBA,NASER,183,4760 TRA,2026-10-07 03:30,2026-10-07 08:30,CAMA,CAMA LEITO 43,Directo (5h 0m),False,0,0.0,0.0,0.0
2026-10-07 00:42:52,BUS,2026-10-07,ORURO,ORURO,LA PAZ,LA PAZ,NASER,183,5318 ARE,2026-10-07 03:30,2026-10-07 07:00,SEMI CAMA,SEMI CAMA LEITO 60 II,Directo (3h 30m),False,0,0.0,0.0,0.0
2026-10-07 00:42:52,BUS,2026-10-07,ORURO,ORURO,COCHABAMBA,COCHABAMBA,NASER,183,2432 LUY,2026-10-07 04:00,2026-10-07 09:00,NORMAL,NORMAL 59,Directo (5h 0m),False,0,0.0,0.0,0.0
2026-10-07 00:42:52,BUS,2026-10-07,ORURO,ORURO,LA PAZ,LA PAZ,NASER,183,3076 PIN,2026-10-07 04:30,2026-10-07 08:00,SEMI CAMA,SEMI CAMA LEITO 61,Directo (3h 30m),False,0,0.0,0.0,0.0
2026-10-07 00:42:52,BUS,2026-10-07,ORURO,ORURO,LA PAZ,LA PAZ,NASER,183,3817-TDS,2026-10-07 06:00,2026-10-07 09:30,SEMI CAMA,SEMI CAMA LEITO 60,Directo (3h 30m),False,0,0.0,0.0,0.0
2026-10-07 00:42:52,BUS,2026-10-07,ORURO,ORURO,LA PAZ,LA PAZ,NASER,183,4546 DAF,2026-10-07 08:00,2026-10-07 11:30,CAMA,CAMA LEITO 43,Directo (3h 30m),False,0,0.0,0.0,0.0
2026-10-07 00:42:52,BUS,2026-10-07,ORURO,ORURO,COCHABAMBA,COCHABAMBA,TRANS COPACABANA S.A.,110,112,2026-10-07 08:30,2026-10-07 13:30,CAMA,CAMA DD - PISO  43,Directo (5h 0m),False,0,0.0,0.0,0.0
2026-10-07 00:42:52,BUS,2026-10-07,ORURO,ORURO,COCHABAMBA,COCHABAMBA,TRANS COPACABANA S.A.,110,146,2026-10-07 10:00,2026-10-07 15:00,CAMA,CAMA TV 43,Directo (5h 0m),False,0,0.0,0.0,0.0
2026-10-07 00:42:52,BUS,2026-10-07,ORURO,ORURO,COCHABAMBA,COCHABAMBA,TRANS COPACABANA S.A.,110,114,2026-10-07 16:00,2026-10-07 21:00,CAMA,CAMA DD - PISO  43,Directo (5h 0m),False,0,0.0,0.0,0.0
2026-10-07 00:42:52,BUS,2026-10-07,ORURO,ORURO,COCHABAMBA,COCHABAMBA,TRANS COPACABANA S.A.,110,112,2026-10-07 16:00,2026-10-07 21:00,CAMA,CAMA DD - PISO  43,Directo (5h 0m),False,0,0.0,0.0,0.0
2026-10-07 00:42:52,BUS,2026-10-07,ORURO,ORURO,COCHABAMBA,COCHABAMBA,TRANS COPACABANA S.A.,110,114,2026-10-07 19:00,2026-10-08 00:00,CAMA,CAMA DD - PISO  43,Directo (5h 0m),False,0,0.0,0.0,0.0
2026-10-07 00:42:52,BUS,2026-10-07,ORURO,ORURO,SUCRE,SUCRE,BUSTILLO,127,2978BAU,2026-10-07 20:00,2026-10-08 06:08,CAMA,LEITO  43 OZ,Directo (10h 8m),False,0,0.0,0.0,0.0
2026-10-07 00:42:52,BUS,2026-10-07,ORURO,ORURO,SUCRE,SUCRE,ANDES BUS,117,NPC,2026-10-07 21:30,2026-10-08 06:00,CAMA,4480NPC,Directo (8h 30m),False,0,0.0,0.0,0.0
2026-10-07 00:42:52,BUS,2026-10-07,ORURO,ORURO,SUCRE,SUCRE,SAN MIGUEL,124,3115UXD,2026-10-07 22:30,2026-10-08 07:30,CAMA,3115 UXD,Directo (9h 0m),False,0,0.0,0.0,0.0
2026-10-07 00:42:52,BUS,2026-10-07,POTOSI,POTOSI,COCHABAMBA,COCHABAMBA,FLOTA COPACABANA,167,4727ZHY,2026-10-07 21:00,2026-10-08 06:00,CAMA,CAMA 41 2P,Directo (9h 0m),False,0,0.0,0.0,0.0
2026-10-07 00:42:52,BUS,2026-10-07,POTOSI,POTOSI,LA PAZ,LA PAZ,FLOTA COPACABANA,167,4273 PTY,2026-10-07 21:00,2026-10-08 05:30,CAMA,CAMA 41,Directo (8h 30m),False,0,0.0,0.0,0.0
2026-10-07 00:42:52,BUS,2026-10-07,SANTA CRUZ,SANTA CRUZ,COCHABAMBA,COCHABAMBA,RENACER,105,81,2026-10-07 06:30,2026-10-07 16:30,CAMA,CAMA 3 FILAS 1,Directo (10h 0m),False,0,0.0,0.0,0.0
2026-10-07 00:42:52,BUS,2026-10-07,SANTA CRUZ,SANTA CRUZ,COCHABAMBA,COCHABAMBA,RENACER,105,106,2026-10-07 07:30,2026-10-07 17:30,CAMA,CAMA LEITO 43,Directo (10h 0m),False,0,0.0,0.0,0.0
2026-10-07 00:42:52,BUS,2026-10-07,SANTA CRUZ,SANTA CRUZ,COCHABAMBA,COCHABAMBA,TRANS COPACABANA S.A.,110,145,2026-10-07 08:30,2026-10-07 18:30,CAMA,CAMA TV 43,Directo (10h 0m),False,0,0.0,0.0,0.0
2026-10-07 00:42:52,BUS,2026-10-07,SANTA CRUZ,SANTA CRUZ,LA PAZ,LA PAZ,EL DORADO,103,ABU,2026-10-07 11:30,2026-10-08 04:30,CAMA,CAMA 3F 43 VOLVO 2018,Directo (17h 0m),False,0,0.0,0.0,0.0
2026-10-07 00:42:52,BUS,2026-10-07,SANTA CRUZ,SANTA CRUZ,LA PAZ,LA PAZ,TRANS COPACABANA S.A.,110,155,2026-10-07 14:00,2026-10-08 07:00,CAMA,CAMA TV 43,Directo (17h 0m),False,0,0.0,0.0,0.0
2026-10-07 00:42:52,BUS,2026-10-07,SANTA CRUZ,SANTA CRUZ,LA PAZ,LA PAZ,TRANS COPACABANA S.A.,110,155,2026-10-07 16:30,2026-10-08 09:30,CAMA,CAMA TV 43,Directo (17h 0m),False,0,0.0,0.0,0.0
2026-10-07 00:42:52,BUS,2026-10-07,SANTA CRUZ,SANTA CRUZ,LA PAZ,LA PAZ,TRANS COPACABANA S.A.,110,155,2026-10-07 17:30,2026-10-08 10:30,CAMA,CAMA TV 43,Directo (17h 0m),False,0,0.0,0.0,0.0
2026-10-07 00:42:52,BUS,2026-10-07,SANTA CRUZ,SANTA CRUZ,COCHABAMBA,COCHABAMBA,TRANS COPACABANA S.A.,110,127,2026-10-07 19:00,2026-10-08 05:00,CAMA,CAMA D - PISO 43,Directo (10h 0m),False,0,0.0,0.0,0.0
2026-10-07 00:42:52,BUS,2026-10-07,SANTA CRUZ,SANTA CRUZ,LA PAZ,LA PAZ,EL DORADO,103,EYB,2026-10-07 19:30,2026-10-08 12:30,CAMA,CAMPREM3F46VOLVO2025,Directo (17h 0m),False,0,0.0,0.0,0.0
2026-10-07 00:42:52,BUS,2026-10-07,SANTA CRUZ,SANTA CRUZ,LA PAZ,LA PAZ,TRANS COPACABANA S.A.,110,155,2026-10-07 19:30,2026-10-08 12:30,CAMA,CAMA TV 43,Directo (17h 0m),False,0,0.0,0.0,0.0
2026-10-07 00:42:52,BUS,2026-10-07,SANTA CRUZ,SANTA CRUZ,COCHABAMBA,COCHABAMBA,TRANS COPACABANA S.A.,110,142,2026-10-07 20:00,2026-10-08 06:00,CAMA,CAMA TV 43,Directo (10h 0m),False,0,0.0,0.0,0.0
2026-10-07 00:42:52,BUS,2026-10-07,SANTA CRUZ,SANTA CRUZ,TRINIDAD,TRINIDAD,TRANS COPACABANA S.A.,110,131,2026-10-07 20:30,2026-10-08 05:30,CAMA,CAMA D - PISO 43,Directo (9h 0m),False,0,0.0,0.0,0.0
2026-10-07 00:42:52,BUS,2026-10-07,SANTA CRUZ,SANTA CRUZ,COCHABAMBA,COCHABAMBA,TRANS COPACABANA S.A.,110,151,2026-10-07 21:00,2026-10-08 07:00,CAMA,CAMA TV 43,Directo (10h 0m),False,0,0.0,0.0,0.0
2026-10-07 00:42:52,BUS,2026-10-07,SANTA CRUZ,SANTA CRUZ,YACUIBA,YACUIBA,TRANS COPACABANA S.A.,110,129,2026-10-07 21:00,2026-10-08 06:00,CAMA,CAMA D - PISO 43,Directo (9h 0m),False,0,0.0,0.0,0.0
2026-10-07 00:42:52,BUS,2026-10-07,SANTA CRUZ,SANTA CRUZ,YACUIBA,YACUIBA,LA QUERIDA,142,5597NSR,2026-10-07 21:15,2026-10-08 06:15,CAMA,CAMA LEITO,Directo (9h 0m),False,0,0.0,0.0,0.0
2026-10-07 00:42:52,BUS,2026-10-07,SANTA CRUZ,SANTA CRUZ,COCHABAMBA,COCHABAMBA,TRANS COPACABANA S.A.,110,140,2026-10-07 21:30,2026-10-08 07:30,CAMA,CAMA TV 43,Directo (10h 0m),False,0,0.0,0.0,0.0
2026-10-07 00:42:52,BUS,2026-10-07,SANTA CRUZ,SANTA CRUZ,COCHABAMBA,COCHABAMBA,EL DORADO,103,XAF,2026-10-07 21:30,2026-10-08 09:30,CAMA,CAMPREM3F46VOLVO2025,Directo (12h 0m),False,0,0.0,0.0,0.0
2026-10-07 00:42:52,BUS,2026-10-07,SANTA CRUZ,SANTA CRUZ,TRINIDAD,TRINIDAD,LA QUERIDA,142,6431 LLU,2026-10-07 21:30,2026-10-08 07:30,CAMA,CAMA LEITO,Directo (10h 0m),False,0,0.0,0.0,0.0
2026-10-07 00:42:52,BUS,2026-10-07,SANTA CRUZ,SANTA CRUZ,TRINIDAD,TRINIDAD,TRANS COPACABANA S.A.,110,154,2026-10-07 21:30,2026-10-08 06:30,CAMA,CAMA TV 43,Directo (9h 0m),False,0,0.0,0.0,0.0
2026-10-07 00:42:52,BUS,2026-10-07,SANTA CRUZ,SANTA CRUZ,YACUIBA,YACUIBA,LA QUERIDA,142,4564 FFH,2026-10-07 20:15,2026-10-08 05:15,CAMA,CAMA LEITO,Directo (9h 0m),False,0,209.0,250.0,100.0
2026-10-07 00:42:52,BUS,2026-10-07,SANTA CRUZ,SANTA CRUZ,SUCRE,SUCRE,EL MEXICANO,206,6477 GSH,2026-10-07 19:00,2026-10-08 07:00,SUITE,SUITE CAMA 32,Directo (12h 0m),False,0,300.0,350.0,200.0
2026-10-07 00:42:52,BUS,2026-10-07,SANTA CRUZ,SANTA CRUZ,TARIJA,TARIJA,TRANS COPACABANA S.A.,110,163,2026-10-07 19:00,2026-10-08 07:00,CAMA,CAMA TV 43,Directo (12h 0m),False,0,313.0,400.0,300.0
2026-10-07 00:42:52,BUS,2026-10-07,SANTA CRUZ,SANTA CRUZ,TARIJA,TARIJA,EL MEXICANO,206,5023 RKI,2026-10-07 18:15,2026-10-08 08:15,SUITE,SUITE CAMA 32,Directo (14h 0m),False,0,350.0,350.0,200.0
2026-10-07 00:42:52,BUS,2026-10-07,SUCRE,SUCRE,LA PAZ,LA PAZ,TRANS COPACABANA S.A.,110,151,2026-10-07 19:30,2026-10-08 07:30,CAMA,CAMA TV 43,Directo (12h 0m),False,0,0.0,0.0,0.0
2026-10-07 00:42:52,BUS,2026-10-07,SUCRE,SUCRE,COCHABAMBA,COCHABAMBA,TRANS COPACABANA S.A.,110,140,2026-10-07 21:00,2026-10-08 04:00,CAMA,CAMA TV 43,Directo (7h 0m),False,0,0.0,0.0,0.0
2026-10-07 00:42:52,BUS,2026-10-07,SUCRE,SUCRE,ORURO,ORURO,BUSTILLO,127,3471ADY,2026-10-07 21:00,2026-10-08 07:08,CAMA,LEITO 43 AMT,Directo (10h 8m),False,0,0.0,0.0,0.0
2026-10-07 00:42:52,BUS,2026-10-07,SUCRE,SUCRE,ORURO,ORURO,SAN MIGUEL,124,455IYA,2026-10-07 21:30,2026-10-08 06:30,CAMA,4551 IYA,Directo (9h 0m),False,0,0.0,0.0,0.0
2026-10-07 00:42:52,BUS,2026-10-07,SUCRE,SUCRE,TARIJA,TARIJA,EL MEXICANO,206,CAMA,2026-10-07 19:30,2026-10-08 05:30,CAMA,CAMA LEITO 38,Directo (10h 0m),False,0,150.0,180.0,150.0
2026-10-07 00:42:52,BUS,2026-10-07,SUCRE,SUCRE,LA PAZ,LA PAZ,EL MEXICANO,206,2804 ZLI,2026-10-07 20:00,2026-10-08 08:00,CAMA,CAMA 40 ASIENTOS,Directo (12h 0m),False,0,150.0,200.0,150.0
2026-10-07 00:42:52,BUS,2026-10-07,SUCRE,SUCRE,TARIJA,TARIJA,ANDES BUS,117,KSN,2026-10-07 20:00,2026-10-08 08:00,CAMA,5215KSN,Directo (12h 0m),False,0,150.0,330.0,100.0
2026-10-07 00:42:52,BUS,2026-10-07,SUCRE,SUCRE,SANTA CRUZ,SANTA CRUZ,EL MEXICANO,206,4766 YTR,2026-10-07 19:00,2026-10-08 07:00,SUITE,SUITE CAMA 32,Directo (12h 0m),False,0,250.0,300.0,250.0
2026-10-07 00:42:52,BUS,2026-10-07,SUCRE,SUCRE,LA PAZ,LA PAZ,EL DORADO,103,NSH,2026-10-07 20:00,2026-10-08 08:00,SUITE,SUITE Y CAMA 30,Directo (12h 0m),False,0,250.0,250.0,180.0
2026-10-07 00:42:52,BUS,2026-10-07,TARIJA,TARIJA,SANTA CRUZ,SANTA CRUZ,TRANS COPACABANA S.A.,110,160,2026-10-07 19:00,2026-10-08 07:30,CAMA,CAMA TV 43,Directo (12h 30m),False,0,0.0,0.0,0.0
2026-10-07 00:42:52,BUS,2026-10-07,TARIJA,TARIJA,SUCRE,SUCRE,ANDES BUS,117,1198GDE,2026-10-07 20:00,2026-10-08 08:00,CAMA,1198GDE,Directo (12h 0m),False,0,0.0,0.0,0.0
2026-10-07 00:42:52,BUS,2026-10-07,TARIJA,TARIJA,SUCRE,SUCRE,EL MEXICANO,206,2307 CRG,2026-10-07 19:30,2026-10-08 06:30,CAMA,CAMA LEITO 37,Directo (11h 0m),False,0,150.0,250.0,150.0
2026-10-07 00:42:52,BUS,2026-10-07,TARIJA,TARIJA,SANTA CRUZ,SANTA CRUZ,EL MEXICANO,206,5023 RKI,2026-10-07 18:30,2026-10-08 08:30,SUITE,SUITE CAMA 32,Directo (14h 0m),False,0,300.0,350.0,300.0
2026-10-07 00:42:52,BUS,2026-10-07,TARIJA,TARIJA,LA PAZ,LA PAZ,TRANS COPACABANA S.A.,110,150,2026-10-07 19:30,2026-10-08 12:30,CAMA,CAMA TV 43,Directo (17h 0m),False,0,313.0,400.0,300.0
2026-10-07 00:42:52,BUS,2026-10-07,TARIJA,TARIJA,COCHABAMBA,COCHABAMBA,TRANS COPACABANA S.A.,110,150,2026-10-07 18:00,2026-10-08 09:00,CAMA,CAMA TV 43,Directo (15h 0m),False,0,358.0,358.0,358.0
2026-10-07 00:42:52,BUS,2026-10-07,TARIJA,TARIJA,LA PAZ,LA PAZ,ROYAL CLASS,144,5310UIG,2026-10-07 18:30,2026-10-08 09:30,CAMA,SUITE - CAMA,Directo (15h 0m),False,0,450.0,450.0,300.0
2026-10-07 00:42:52,BUS,2026-10-07,TRINIDAD,TRINIDAD,SANTA CRUZ,SANTA CRUZ,RENACER,105,110,2026-10-07 21:30,2026-10-08 09:30,CAMA,CAMA LEITO 43,Directo (12h 0m),False,0,0.0,0.0,0.0
2026-10-07 00:42:52,BUS,2026-10-07,TRINIDAD,TRINIDAD,SANTA CRUZ,SANTA CRUZ,TRANS COPACABANA S.A.,110,145,2026-10-07 21:30,2026-10-08 06:30,CAMA,CAMA TV 43,Directo (9h 0m),False,0,0.0,0.0,0.0
2026-10-07 00:42:52,BUS,2026-10-07,VILLAZON,VILLAZON,LA PAZ,LA PAZ,ILLIMANI,179,2752UXU,2026-10-07 19:30,2026-10-08 06:55,CAMA,CAMA 44 3F 2P,Directo (11h 25m),False,0,0.0,0.0,0.0
2026-10-07 00:42:52,BUS,2026-10-07,YACUIBA,YACUIBA,SANTA CRUZ,SANTA CRUZ,RENACER,105,102,2026-10-07 21:00,2026-10-08 09:00,CAMA,CAMA LEITO 43,Directo (12h 0m),False,0,0.0,0.0,0.0
2026-10-07 00:42:52,BUS,2026-10-07,YACUIBA,YACUIBA,SANTA CRUZ,SANTA CRUZ,TRANS COPACABANA S.A.,110,156,2026-10-07 21:00,2026-10-08 06:00,CAMA,CAMA TV 43,Directo (9h 0m),False,0,0.0,0.0,0.0
2026-10-07 00:42:52,BUS,2026-10-07,YACUIBA,YACUIBA,SANTA CRUZ,SANTA CRUZ,LA QUERIDA,142,4564 FFH,2026-10-07 20:30,2026-10-08 05:30,CAMA,CAMA LEITO,Directo (9h 0m),False,0,157.0,250.0,120.0
2026-10-07 00:42:52,VUELO,2026-10-07,CBB,COCHABAMBA,VVI,SANTA CRUZ,TAMep,2E,710,2026-10-07 06:00,2026-10-07 06:50,ECONOMICA,AVION,Directo (00:50),False,0,539.0,539.0,539.0
2026-10-07 00:42:52,VUELO,2026-10-07,CBB,COCHABAMBA,VVI,SANTA CRUZ,TAMep,2E,707,2026-10-07 17:00,2026-10-07 17:50,ECONOMICA,AVION,Directo (00:50),False,0,608.0,608.0,608.0
2026-10-07 00:42:52,VUELO,2026-10-07,CIJ,Cobija,LPB,La Paz,BOLIVIANA DE AVIACION,OB,401,2026-10-07 10:00,2026-10-07 11:10,ECONOMICA,AVION,Directo (01:10),False,0,846.0,846.0,846.0
2026-10-07 00:42:52,VUELO,2026-10-07,CBB,Cochabamba,ORU,Oruro,BOLIVIANA DE AVIACION,OB,324,2026-10-07 13:50,2026-10-07 14:25,ECONOMICA,AVION,Directo (00:35),False,0,376.0,376.0,376.0
2026-10-07 00:42:52,VUELO,2026-10-07,CBB,Cochabamba,SRE,Sucre,BOLIVIANA DE AVIACION,OB,578,2026-10-07 19:30,2026-10-07 20:10,ECONOMICA,AVION,Directo (00:40),False,0,444.0,444.0,444.0
2026-10-07 00:42:52,VUELO,2026-10-07,CBB,Cochabamba,SRE,Sucre,BOLIVIANA DE AVIACION,OB,572,2026-10-07 07:50,2026-10-07 08:30,ECONOMICA,AVION,Directo (00:40),False,0,538.0,538.0,538.0
2026-10-07 00:42:52,VUELO,2026-10-07,CBB,Cochabamba,LPB,La Paz,BOLIVIANA DE AVIACION,OB,600,2026-10-07 04:40,2026-10-07 05:25,ECONOMICA,AVION,Directo (00:45),False,0,553.0,553.0,553.0
2026-10-07 00:42:52,VUELO,2026-10-07,CBB,Cochabamba,LPB,La Paz,BOLIVIANA DE AVIACION,OB,618,2026-10-07 16:25,2026-10-07 17:10,ECONOMICA,AVION,Directo (00:45),False,0,553.0,553.0,553.0
2026-10-07 00:42:52,VUELO,2026-10-07,CBB,Cochabamba,VVI,Santa Cruz,BOLIVIANA DE AVIACION,OB,656,2026-10-07 22:25,2026-10-07 23:15,ECONOMICA,AVION,Directo (00:50),False,0,713.0,713.0,713.0
2026-10-07 00:42:52,VUELO,2026-10-07,CBB,Cochabamba,VVI,Santa Cruz,BOLIVIANA DE AVIACION,OB,600 / 662,2026-10-07 04:40,2026-10-07 08:35,ECONOMICA,AVION,1 escala (LPB) - 03:55,True,1,1605.0,1605.0,1605.0
2026-10-07 00:42:52,VUELO,2026-10-07,LPB,La Paz,CIJ,Cobija,BOLIVIANA DE AVIACION,OB,400,2026-10-07 08:25,2026-10-07 09:30,ECONOMICA,AVION,Directo (01:05),False,0,1052.0,1052.0,1052.0
2026-10-07 00:42:52,VUELO,2026-10-07,LPB,La Paz,VVI,Santa Cruz,BOLIVIANA DE AVIACION,OB,662,2026-10-07 07:30,2026-10-07 08:35,ECONOMICA,AVION,Directo (01:05),False,0,1067.0,1067.0,1067.0
2026-10-07 00:42:52,VUELO,2026-10-07,LPB,La Paz,SRE,Sucre,BOLIVIANA DE AVIACION,OB,662 / 584,2026-10-07 07:30,2026-10-07 17:30,ECONOMICA,AVION,1 escala (VVI) - 10:00,True,1,1648.0,1648.0,1648.0
2026-10-07 00:42:52,VUELO,2026-10-07,ORU,Oruro,CBB,Cochabamba,BOLIVIANA DE AVIACION,OB,325,2026-10-07 15:00,2026-10-07 15:35,ECONOMICA,AVION,Directo (00:35),False,0,427.0,427.0,427.0
2026-10-07 00:42:52,VUELO,2026-10-07,ORU,Oruro,VVI,Santa Cruz,BOLIVIANA DE AVIACION,OB,325 / 656,2026-10-07 15:00,2026-10-07 23:15,ECONOMICA,AVION,1 escala (CBB) - 08:15,True,1,1140.0,1140.0,1140.0
2026-10-07 00:42:52,VUELO,2026-10-07,VVI,SANTA CRUZ,CBB,COCHABAMBA,TAMep,2E,726,2026-10-07 18:20,2026-10-07 19:10,ECONOMICA,AVION,Directo (00:50),False,0,503.0,503.0,503.0
2026-10-07 00:42:52,VUELO,2026-10-07,VVI,SANTA CRUZ,CBB,COCHABAMBA,TAMep,2E,706,2026-10-07 15:40,2026-10-07 16:30,ECONOMICA,AVION,Directo (00:50),False,0,539.0,539.0,539.0
2026-10-07 00:42:52,VUELO,2026-10-07,VVI,SANTA CRUZ,LPB,LA PAZ,TAMep,2E,723,2026-10-07 07:30,2026-10-07 08:40,ECONOMICA,AVION,Directo (01:10),False,0,677.0,677.0,677.0
2026-10-07 00:42:52,VUELO,2026-10-07,VVI,Santa Cruz,SRE,Sucre,BOLIVIANA DE AVIACION,OB,584,2026-10-07 16:45,2026-10-07 17:30,ECONOMICA,AVION,Directo (00:45),False,0,581.0,581.0,581.0
2026-10-07 00:42:52,VUELO,2026-10-07,VVI,Santa Cruz,LPB,La Paz,BOLIVIANA DE AVIACION,OB,961,2026-10-07 05:15,2026-10-07 06:20,ECONOMICA,AVION,Directo (01:05),False,0,594.0,594.0,594.0
2026-10-07 00:42:52,VUELO,2026-10-07,VVI,Santa Cruz,CBB,Cochabamba,BOLIVIANA DE AVIACION,OB,151,2026-10-07 19:20,2026-10-07 20:05,ECONOMICA,AVION,Directo (00:45),False,0,713.0,713.0,713.0
2026-10-07 00:42:52,VUELO,2026-10-07,VVI,Santa Cruz,LPB,La Paz,BOLIVIANA DE AVIACION,OB,661,2026-10-07 05:35,2026-10-07 06:40,ECONOMICA,AVION,Directo (01:05),False,0,783.0,783.0,783.0
2026-10-07 00:42:52,VUELO,2026-10-07,VVI,Santa Cruz,LPB,La Paz,BOLIVIANA DE AVIACION,OB,685,2026-10-07 21:50,2026-10-07 22:55,ECONOMICA,AVION,Directo (01:05),False,0,877.0,877.0,877.0
2026-10-07 00:42:52,VUELO,2026-10-07,VVI,Santa Cruz,LPB,La Paz,BOLIVIANA DE AVIACION,OB,683,2026-10-07 21:05,2026-10-07 22:10,ECONOMICA,AVION,Directo (01:05),False,0,973.0,973.0,973.0
2026-10-07 00:42:52,VUELO,2026-10-07,VVI,Santa Cruz,LPB,La Paz,BOLIVIANA DE AVIACION,OB,983,2026-10-07 21:10,2026-10-07 22:15,ECONOMICA,AVION,Directo (01:05),False,0,1067.0,1067.0,1067.0
2026-10-07 00:42:52,VUELO,2026-10-07,SRE,Sucre,CBB,Cochabamba,BOLIVIANA DE AVIACION,OB,579,2026-10-07 20:45,2026-10-07 21:25,ECONOMICA,AVION,Directo (00:40),False,0,538.0,538.0,538.0
2026-10-07 00:42:52,VUELO,2026-10-07,SRE,Sucre,VVI,Santa Cruz,BOLIVIANA DE AVIACION,OB,579 / 656,2026-10-07 20:45,2026-10-07 23:15,ECONOMICA,AVION,1 escala (CBB) - 02:30,True,1,713.0,713.0,713.0
2026-10-07 00:42:52,VUELO,2026-10-07,SRE,Sucre,LPB,La Paz,BOLIVIANA DE AVIACION,OB,579 / 600,2026-10-07 20:45,2026-10-08 05:25,ECONOMICA,AVION,1 escala (CBB) - 08:40,True,1,1091.0,1091.0,1091.0
2026-10-07 00:42:52,VUELO,2026-10-07,SRE,Sucre,LPB,La Paz,BOLIVIANA DE AVIACION,OB,579 / 656 / 961,2026-10-07 20:45,2026-10-08 06:20,ECONOMICA,AVION,"2 escala (CBB, VVI) - 09:35",True,2,1387.0,1387.0,1387.0
2026-10-07 00:42:52,VUELO,2026-10-07,SRE,Sucre,TJA,Tarija,BOLIVIANA DE AVIACION,OB,579 / 532,2026-10-07 20:45,2026-10-08 20:15,ECONOMICA,AVION,1 escala (CBB) - 23:30,True,1,1414.0,1414.0,1414.0
2026-10-07 00:42:52,VUELO,2026-10-07,SRE,Sucre,LPB,La Paz,BOLIVIANA DE AVIACION,OB,579 / 656 / 661,2026-10-07 20:45,2026-10-08 06:40,ECONOMICA,AVION,"2 escala (CBB, VVI) - 09:55",True,2,1590.0,1590.0,1590.0
2026-10-07 00:42:52,BUS,2026-10-08,COCHABAMBA,COCHABAMBA,LA PAZ,LA PAZ,EL DORADO,103,000,2026-10-08 07:30,2026-10-08 14:30,CAMA,CAMA 3 FILAS 40,Directo (7h 0m),False,0,0.0,0.0,0.0
2026-10-07 00:42:52,BUS,2026-10-08,COCHABAMBA,COCHABAMBA,LA PAZ,LA PAZ,EL DORADO,103,000,2026-10-08 09:30,2026-10-08 16:30,CAMA,CAMA 3 FILAS 40,Directo (7h 0m),False,0,0.0,0.0,0.0
2026-10-07 00:42:52,BUS,2026-10-08,COCHABAMBA,COCHABAMBA,LA PAZ,LA PAZ,EL DORADO,103,000,2026-10-08 10:30,2026-10-08 17:30,CAMA,CAMA 3 FILAS 40,Directo (7h 0m),False,0,0.0,0.0,0.0
2026-10-07 00:42:52,BUS,2026-10-08,COCHABAMBA,COCHABAMBA,LA PAZ,LA PAZ,EL DORADO,103,000,2026-10-08 12:00,2026-10-08 19:00,CAMA,CAMA 3 FILAS 40,Directo (7h 0m),False,0,0.0,0.0,0.0
2026-10-07 00:42:52,BUS,2026-10-08,COCHABAMBA,COCHABAMBA,LA PAZ,LA PAZ,EL DORADO,103,000,2026-10-08 15:00,2026-10-08 22:00,CAMA,CAMA 3 FILAS 40,Directo (7h 0m),False,0,0.0,0.0,0.0
2026-10-07 00:42:52,BUS,2026-10-08,COCHABAMBA,COCHABAMBA,LA PAZ,LA PAZ,EL DORADO,103,000,2026-10-08 17:00,2026-10-09 00:00,CAMA,CAMA 3 FILAS 40,Directo (7h 0m),False,0,0.0,0.0,0.0
2026-10-07 00:42:52,BUS,2026-10-08,COCHABAMBA,COCHABAMBA,TARIJA,TARIJA,TRANS COPACABANA S.A.,110,160,2026-10-08 17:00,2026-10-09 08:00,CAMA,CAMA TV 43,Directo (15h 0m),False,0,0.0,0.0,0.0
2026-10-07 00:42:52,BUS,2026-10-08,COCHABAMBA,COCHABAMBA,SANTA CRUZ,SANTA CRUZ,TRANS COPACABANA S.A.,110,151,2026-10-08 19:00,2026-10-09 05:00,CAMA,CAMA TV 43,Directo (10h 0m),False,0,0.0,0.0,0.0
2026-10-07 00:42:52,BUS,2026-10-08,COCHABAMBA,COCHABAMBA,SANTA CRUZ,SANTA CRUZ,TRANS COPACABANA S.A.,110,144,2026-10-08 20:00,2026-10-09 06:00,CAMA,CAMA TV 43,Directo (10h 0m),False,0,0.0,0.0,0.0
2026-10-07 00:42:52,BUS,2026-10-08,COCHABAMBA,COCHABAMBA,SANTA CRUZ,SANTA CRUZ,EL DORADO,103,000,2026-10-08 20:00,2026-10-09 08:00,CAMA,CAMA 3 FILAS 40,Directo (12h 0m),False,0,0.0,0.0,0.0
2026-10-07 00:42:52,BUS,2026-10-08,COCHABAMBA,COCHABAMBA,LA PAZ,LA PAZ,EL DORADO,103,000,2026-10-08 20:30,2026-10-09 03:30,CAMA,CAMA 3 FILAS 40,Directo (7h 0m),False,0,0.0,0.0,0.0
2026-10-07 00:42:52,BUS,2026-10-08,COCHABAMBA,COCHABAMBA,POTOSI,POTOSI,EL DORADO,103,000,2026-10-08 21:00,2026-10-09 09:30,CAMA,CAMA 3 FILAS 40,Directo (12h 30m),False,0,0.0,0.0,0.0
2026-10-07 00:42:52,BUS,2026-10-08,COCHABAMBA,COCHABAMBA,POTOSI,POTOSI,TRANS COPACABANA S.A.,110,133,2026-10-08 21:00,2026-10-09 07:00,CAMA,CAMA DD 43,Directo (10h 0m),False,0,0.0,0.0,0.0
2026-10-07 00:42:52,BUS,2026-10-08,COCHABAMBA,COCHABAMBA,SANTA CRUZ,SANTA CRUZ,TRANS COPACABANA S.A.,110,152,2026-10-08 21:00,2026-10-09 07:00,CAMA,CAMA TV 43,Directo (10h 0m),False,0,0.0,0.0,0.0
2026-10-07 00:42:52,BUS,2026-10-08,COCHABAMBA,COCHABAMBA,SUCRE,SUCRE,EL DORADO,103,000,2026-10-08 21:00,2026-10-09 07:00,CAMA,CAMA 3 FILAS 40,Directo (10h 0m),False,0,0.0,0.0,0.0
2026-10-07 00:42:52,BUS,2026-10-08,COCHABAMBA,COCHABAMBA,LA PAZ,LA PAZ,EL DORADO,103,000,2026-10-08 21:30,2026-10-09 04:30,CAMA,CAMA 3 FILAS 40,Directo (7h 0m),False,0,0.0,0.0,0.0
2026-10-07 00:42:52,BUS,2026-10-08,COCHABAMBA,COCHABAMBA,LA PAZ,LA PAZ,TRANS COPACABANA S.A.,110,132,2026-10-08 21:30,2026-10-09 05:30,CAMA,CAMA D - PISO 43,Directo (8h 0m),False,0,0.0,0.0,0.0
2026-10-07 00:42:52,BUS,2026-10-08,COCHABAMBA,COCHABAMBA,SUCRE,SUCRE,TRANS COPACABANA S.A.,110,160,2026-10-08 21:30,2026-10-09 04:30,CAMA,CAMA TV 43,Directo (7h 0m),False,0,0.0,0.0,0.0
2026-10-07 00:42:52,BUS,2026-10-08,COCHABAMBA,COCHABAMBA,LA PAZ,LA PAZ,TRANS COPACABANA S.A.,110,132,2026-10-08 22:00,2026-10-09 06:00,CAMA,CAMA D - PISO 43,Directo (8h 0m),False,0,0.0,0.0,0.0
2026-10-07 00:42:52,BUS,2026-10-08,COCHABAMBA,COCHABAMBA,LA PAZ,LA PAZ,EL DORADO,103,000,2026-10-08 22:00,2026-10-09 05:00,CAMA,CAMA 3 FILAS 40,Directo (7h 0m),False,0,0.0,0.0,0.0
2026-10-07 00:42:52,BUS,2026-10-08,COCHABAMBA,COCHABAMBA,LA PAZ,LA PAZ,TRANS COPACABANA S.A.,110,132,2026-10-08 22:30,2026-10-09 06:30,CAMA,CAMA D - PISO 43,Directo (8h 0m),False,0,0.0,0.0,0.0
2026-10-07 00:42:52,BUS,2026-10-08,COCHABAMBA,COCHABAMBA,LA PAZ,LA PAZ,EL DORADO,103,000,2026-10-08 22:30,2026-10-09 05:30,CAMA,CAMA 3 FILAS 40,Directo (7h 0m),False,0,0.0,0.0,0.0
2026-10-07 00:42:52,BUS,2026-10-08,COCHABAMBA,COCHABAMBA,LA PAZ,LA PAZ,EL DORADO,103,NSH,2026-10-08 22:45,2026-10-09 05:45,SUITE,SUITE Y CAMA 30,Directo (7h 0m),False,0,0.0,0.0,0.0
2026-10-07 00:42:52,BUS,2026-10-08,COCHABAMBA,COCHABAMBA,LA PAZ,LA PAZ,EL DORADO,103,000,2026-10-08 23:00,2026-10-09 06:00,CAMA,CAMA 3 FILAS 40,Directo (7h 0m),False,0,0.0,0.0,0.0
2026-10-07 00:42:52,BUS,2026-10-08,LA PAZ,LA PAZ,COCHABAMBA,COCHABAMBA,TRANS COPACABANA S.A.,110,125,2026-10-08 07:30,2026-10-08 15:30,CAMA,CAMA DD - PISO  43,Directo (8h 0m),False,0,0.0,0.0,0.0
2026-10-07 00:42:52,BUS,2026-10-08,LA PAZ,LA PAZ,COCHABAMBA,COCHABAMBA,EL DORADO,103,000,2026-10-08 08:00,2026-10-08 15:00,CAMA,CAMA 3 FILAS 40,Directo (7h 0m),False,0,0.0,0.0,0.0
2026-10-07 00:42:52,BUS,2026-10-08,LA PAZ,LA PAZ,COCHABAMBA,COCHABAMBA,EL DORADO,103,000,2026-10-08 09:00,2026-10-08 16:00,CAMA,CAMA 3 FILAS 40,Directo (7h 0m),False,0,0.0,0.0,0.0
2026-10-07 00:42:52,BUS,2026-10-08,LA PAZ,LA PAZ,COCHABAMBA,COCHABAMBA,BOLIVIA,113,3333,2026-10-08 10:00,2026-10-08 17:30,CAMA,CAMA  43,Directo (7h 30m),False,0,0.0,0.0,0.0
2026-10-07 00:42:52,BUS,2026-10-08,LA PAZ,LA PAZ,COCHABAMBA,COCHABAMBA,EL DORADO,103,000,2026-10-08 10:30,2026-10-08 17:30,CAMA,CAMA 3 FILAS 40,Directo (7h 0m),False,0,0.0,0.0,0.0
2026-10-07 00:42:52,BUS,2026-10-08,LA PAZ,LA PAZ,COCHABAMBA,COCHABAMBA,EL DORADO,103,000,2026-10-08 11:00,2026-10-08 18:00,CAMA,CAMA 3 FILAS 40,Directo (7h 0m),False,0,0.0,0.0,0.0
2026-10-07 00:42:52,BUS,2026-10-08,LA PAZ,LA PAZ,COCHABAMBA,COCHABAMBA,TRANS COPACABANA S.A.,110,128,2026-10-08 11:30,2026-10-08 19:30,CAMA,CAMA D - PISO 43,Directo (8h 0m),False,0,0.0,0.0,0.0
2026-10-07 00:42:52,BUS,2026-10-08,LA PAZ,LA PAZ,COCHABAMBA,COCHABAMBA,BOLIVIA,113,3333,2026-10-08 12:30,2026-10-08 20:00,CAMA,CAMA  43,Directo (7h 30m),False,0,0.0,0.0,0.0
2026-10-07 00:42:52,BUS,2026-10-08,LA PAZ,LA PAZ,COCHABAMBA,COCHABAMBA,EL DORADO,103,000,2026-10-08 12:30,2026-10-08 19:30,CAMA,CAMA 3 FILAS 40,Directo (7h 0m),False,0,0.0,0.0,0.0
2026-10-07 00:42:52,BUS,2026-10-08,LA PAZ,LA PAZ,SANTA CRUZ,SANTA CRUZ,EL DORADO,103,000,2026-10-08 12:30,2026-10-09 05:30,CAMA,CAMA 3 FILAS 40,Directo (17h 0m),False,0,0.0,0.0,0.0
2026-10-07 00:42:52,BUS,2026-10-08,LA PAZ,LA PAZ,COCHABAMBA,COCHABAMBA,EL DORADO,103,000,2026-10-08 13:00,2026-10-08 20:00,CAMA,CAMA 3 FILAS 40,Directo (7h 0m),False,0,0.0,0.0,0.0
2026-10-07 00:42:52,BUS,2026-10-08,LA PAZ,LA PAZ,COCHABAMBA,COCHABAMBA,EL DORADO,103,000,2026-10-08 14:00,2026-10-08 21:00,CAMA,CAMA 3 FILAS 40,Directo (7h 0m),False,0,0.0,0.0,0.0
2026-10-07 00:42:52,BUS,2026-10-08,LA PAZ,LA PAZ,SANTA CRUZ,SANTA CRUZ,TRANS COPACABANA S.A.,110,145,2026-10-08 14:00,2026-10-09 07:00,CAMA,CAMA TV 43,Directo (17h 0m),False,0,0.0,0.0,0.0
2026-10-07 00:42:52,BUS,2026-10-08,LA PAZ,LA PAZ,COCHABAMBA,COCHABAMBA,BOLIVIA,113,3333,2026-10-08 14:30,2026-10-08 22:00,CAMA,CAMA  43,Directo (7h 30m),False,0,0.0,0.0,0.0
2026-10-07 00:42:52,BUS,2026-10-08,LA PAZ,LA PAZ,COCHABAMBA,COCHABAMBA,EL DORADO,103,000,2026-10-08 15:30,2026-10-08 22:30,CAMA,CAMA 3 FILAS 40,Directo (7h 0m),False,0,0.0,0.0,0.0
2026-10-07 00:42:52,BUS,2026-10-08,LA PAZ,LA PAZ,COCHABAMBA,COCHABAMBA,TRANS COPACABANA S.A.,110,134,2026-10-08 16:00,2026-10-09 00:00,CAMA,CAMA DD 43,Directo (8h 0m),False,0,0.0,0.0,0.0
2026-10-07 00:42:52,BUS,2026-10-08,LA PAZ,LA PAZ,COCHABAMBA,COCHABAMBA,BOLIVIA,113,3333,2026-10-08 16:30,2026-10-09 00:00,CAMA,CAMA  43,Directo (7h 30m),False,0,0.0,0.0,0.0
2026-10-07 00:42:52,BUS,2026-10-08,LA PAZ,LA PAZ,SANTA CRUZ,SANTA CRUZ,TRANS COPACABANA S.A.,110,156,2026-10-08 16:30,2026-10-09 09:30,CAMA,CAMA TV 43,Directo (17h 0m),False,0,0.0,0.0,0.0
2026-10-07 00:42:52,BUS,2026-10-08,LA PAZ,LA PAZ,COCHABAMBA,COCHABAMBA,EL DORADO,103,000,2026-10-08 17:00,2026-10-09 00:00,CAMA,CAMA 3 FILAS 40,Directo (7h 0m),False,0,0.0,0.0,0.0
2026-10-07 00:42:52,BUS,2026-10-08,LA PAZ,LA PAZ,SANTA CRUZ,SANTA CRUZ,EL DORADO,103,000,2026-10-08 17:00,2026-10-09 10:00,CAMA,CAMA 3 FILAS 40,Directo (17h 0m),False,0,0.0,0.0,0.0
2026-10-07 00:42:52,BUS,2026-10-08,LA PAZ,LA PAZ,SANTA CRUZ,SANTA CRUZ,TRANS COPACABANA S.A.,110,160,2026-10-08 17:30,2026-10-09 10:30,CAMA,CAMA TV 43,Directo (17h 0m),False,0,0.0,0.0,0.0
2026-10-07 00:42:52,BUS,2026-10-08,LA PAZ,LA PAZ,COCHABAMBA,COCHABAMBA,BOLIVIA,113,3333,2026-10-08 18:30,2026-10-09 02:00,CAMA,CAMA  43,Directo (7h 30m),False,0,0.0,0.0,0.0
2026-10-07 00:42:52,BUS,2026-10-08,LA PAZ,LA PAZ,SUCRE,SUCRE,ILLIMANI,179,1998ZBU,2026-10-08 18:30,2026-10-09 03:52,SEMI CAMA,CAMA 32 CM,Directo (9h 22m),False,0,0.0,0.0,0.0
2026-10-07 00:42:52,BUS,2026-10-08,LA PAZ,LA PAZ,TARIJA,TARIJA,TRANS COPACABANA S.A.,110,160,2026-10-08 18:30,2026-10-09 11:30,CAMA,CAMA TV 43,Directo (17h 0m),False,0,0.0,0.0,0.0
2026-10-07 00:42:52,BUS,2026-10-08,LA PAZ,LA PAZ,COCHABAMBA,COCHABAMBA,EL DORADO,103,000,2026-10-08 19:00,2026-10-09 02:00,CAMA,CAMA 3 FILAS 40,Directo (7h 0m),False,0,0.0,0.0,0.0
2026-10-07 00:42:52,BUS,2026-10-08,LA PAZ,LA PAZ,SANTA CRUZ,SANTA CRUZ,TRANS COPACABANA S.A.,110,150,2026-10-08 19:00,2026-10-09 12:00,CAMA,CAMA TV 43,Directo (17h 0m),False,0,0.0,0.0,0.0
2026-10-07 00:42:52,BUS,2026-10-08,LA PAZ,LA PAZ,SANTA CRUZ,SANTA CRUZ,EL DORADO,103,000,2026-10-08 19:30,2026-10-09 12:30,CAMA,CAMA 3 FILAS 40,Directo (17h 0m),False,0,0.0,0.0,0.0
2026-10-07 00:42:52,BUS,2026-10-08,LA PAZ,LA PAZ,SUCRE,SUCRE,TRANS COPACABANA S.A.,110,155,2026-10-08 19:30,2026-10-09 07:30,CAMA,CAMA TV 43,Directo (12h 0m),False,0,0.0,0.0,0.0
2026-10-07 00:42:52,BUS,2026-10-08,LA PAZ,LA PAZ,SUCRE,SUCRE,TRANS COPACABANA S.A.,110,153,2026-10-08 19:30,2026-10-09 07:30,CAMA,CAMA TV 43,Directo (12h 0m),False,0,0.0,0.0,0.0
2026-10-07 00:42:52,BUS,2026-10-08,LA PAZ,LA PAZ,SUCRE,SUCRE,EL DORADO,103,NSH,2026-10-08 19:30,2026-10-09 07:30,SUITE,SUITE Y CAMA 30,Directo (12h 0m),False,0,0.0,0.0,0.0
2026-10-07 00:42:52,BUS,2026-10-08,LA PAZ,LA PAZ,COCHABAMBA,COCHABAMBA,BOLIVIA,113,3333,2026-10-08 20:30,2026-10-09 04:00,CAMA,CAMA  43,Directo (7h 30m),False,0,0.0,0.0,0.0
2026-10-07 00:42:52,BUS,2026-10-08,LA PAZ,LA PAZ,COCHABAMBA,COCHABAMBA,TRANS COPACABANA S.A.,110,118,2026-10-08 20:30,2026-10-09 04:30,CAMA,CAMA DD - PISO  43,Directo (8h 0m),False,0,0.0,0.0,0.0
2026-10-07 00:42:52,BUS,2026-10-08,LA PAZ,LA PAZ,COCHABAMBA,COCHABAMBA,EL DORADO,103,000,2026-10-08 20:30,2026-10-09 03:30,CAMA,CAMA 3 FILAS 40,Directo (7h 0m),False,0,0.0,0.0,0.0
2026-10-07 00:42:52,BUS,2026-10-08,LA PAZ,LA PAZ,COCHABAMBA,COCHABAMBA,EL DORADO,103,000,2026-10-08 21:00,2026-10-09 04:00,CAMA,CAMA 3 FILAS 40,Directo (7h 0m),False,0,0.0,0.0,0.0
2026-10-07 00:42:52,BUS,2026-10-08,LA PAZ,LA PAZ,POTOSI,POTOSI,TRANS COPACABANA S.A.,110,165,2026-10-08 21:00,2026-10-09 06:00,CAMA,CAMA TV 46,Directo (9h 0m),False,0,0.0,0.0,0.0
2026-10-07 00:42:52,BUS,2026-10-08,LA PAZ,LA PAZ,COCHABAMBA,COCHABAMBA,BOLIVIA,113,3333,2026-10-08 21:15,2026-10-09 04:45,CAMA,CAMA  43,Directo (7h 30m),False,0,0.0,0.0,0.0
2026-10-07 00:42:52,BUS,2026-10-08,LA PAZ,LA PAZ,COCHABAMBA,COCHABAMBA,EL DORADO,103,000,2026-10-08 21:30,2026-10-09 04:30,CAMA,CAMA 3 FILAS 40,Directo (7h 0m),False,0,0.0,0.0,0.0
2026-10-07 00:42:52,BUS,2026-10-08,LA PAZ,LA PAZ,COCHABAMBA,COCHABAMBA,TRANS COPACABANA S.A.,110,130,2026-10-08 21:30,2026-10-09 05:30,CAMA,CAMA D - PISO 43,Directo (8h 0m),False,0,0.0,0.0,0.0
2026-10-07 00:42:52,BUS,2026-10-08,LA PAZ,LA PAZ,POTOSI,POTOSI,EL DORADO,103,000,2026-10-08 21:30,2026-10-09 06:30,CAMA,CAMA 3 FILAS 40,Directo (9h 0m),False,0,0.0,0.0,0.0
2026-10-07 00:42:52,BUS,2026-10-08,LA PAZ,LA PAZ,COCHABAMBA,COCHABAMBA,EL DORADO,103,000,2026-10-08 22:00,2026-10-09 05:00,CAMA,CAMA 3 FILAS 40,Directo (7h 0m),False,0,0.0,0.0,0.0
2026-10-07 00:42:52,BUS,2026-10-08,LA PAZ,LA PAZ,COCHABAMBA,COCHABAMBA,TRANS COPACABANA S.A.,110,136,2026-10-08 22:00,2026-10-09 06:00,CAMA,CAMA DD 43,Directo (8h 0m),False,0,0.0,0.0,0.0
2026-10-07 00:42:52,BUS,2026-10-08,LA PAZ,LA PAZ,COCHABAMBA,COCHABAMBA,BOLIVIA,113,3333,2026-10-08 22:00,2026-10-09 05:30,CAMA,CAMA  43,Directo (7h 30m),False,0,0.0,0.0,0.0
2026-10-07 00:42:52,BUS,2026-10-08,LA PAZ,LA PAZ,COCHABAMBA,COCHABAMBA,TRANS COPACABANA S.A.,110,150,2026-10-08 22:30,2026-10-09 06:30,CAMA,CAMA TV 43,Directo (8h 0m),False,0,0.0,0.0,0.0
2026-10-07 00:42:52,BUS,2026-10-08,LA PAZ,LA PAZ,COCHABAMBA,COCHABAMBA,EL DORADO,103,000,2026-10-08 22:30,2026-10-09 05:30,CAMA,CAMA 3 FILAS 40,Directo (7h 0m),False,0,0.0,0.0,0.0
2026-10-07 00:42:52,BUS,2026-10-08,LA PAZ,LA PAZ,COCHABAMBA,COCHABAMBA,BOLIVIA,113,3333,2026-10-08 22:45,2026-10-09 06:15,CAMA,CAMA  43,Directo (7h 30m),False,0,0.0,0.0,0.0
2026-10-07 00:42:52,BUS,2026-10-08,LA PAZ,LA PAZ,COCHABAMBA,COCHABAMBA,EL DORADO,103,000,2026-10-08 23:00,2026-10-09 06:00,CAMA,CAMA 3 FILAS 40,Directo (7h 0m),False,0,0.0,0.0,0.0
2026-10-07 00:42:52,BUS,2026-10-08,LA PAZ,LA PAZ,COCHABAMBA,COCHABAMBA,TRANS COPACABANA S.A.,110,144,2026-10-08 23:00,2026-10-09 07:00,CAMA,CAMA TV 43,Directo (8h 0m),False,0,0.0,0.0,0.0
2026-10-07 00:42:52,BUS,2026-10-08,LA PAZ,LA PAZ,TARIJA,TARIJA,ROYAL CLASS,144,5310UIG,2026-10-08 19:00,2026-10-09 10:00,CAMA,SUITE - CAMA,Directo (15h 0m),False,0,400.0,450.0,300.0
2026-10-07 00:42:52,BUS,2026-10-08,ORURO,ORURO,COCHABAMBA,COCHABAMBA,TRANS COPACABANA S.A.,110,114,2026-10-08 08:30,2026-10-08 13:30,CAMA,CAMA DD - PISO  43,Directo (5h 0m),False,0,0.0,0.0,0.0
2026-10-07 00:42:52,BUS,2026-10-08,ORURO,ORURO,COCHABAMBA,COCHABAMBA,TRANS COPACABANA S.A.,110,112,2026-10-08 10:00,2026-10-08 15:00,CAMA,CAMA DD - PISO  43,Directo (5h 0m),False,0,0.0,0.0,0.0
2026-10-07 00:42:52,BUS,2026-10-08,ORURO,ORURO,COCHABAMBA,COCHABAMBA,TRANS COPACABANA S.A.,110,112,2026-10-08 13:30,2026-10-08 18:30,CAMA,CAMA DD - PISO  43,Directo (5h 0m),False,0,0.0,0.0,0.0
2026-10-07 00:42:52,BUS,2026-10-08,ORURO,ORURO,COCHABAMBA,COCHABAMBA,TRANS COPACABANA S.A.,110,112,2026-10-08 16:00,2026-10-08 21:00,CAMA,CAMA DD - PISO  43,Directo (5h 0m),False,0,0.0,0.0,0.0
2026-10-07 00:42:52,BUS,2026-10-08,ORURO,ORURO,COCHABAMBA,COCHABAMBA,TRANS COPACABANA S.A.,110,113,2026-10-08 19:00,2026-10-09 00:00,CAMA,CAMA DD - PISO  43,Directo (5h 0m),False,0,0.0,0.0,0.0
2026-10-07 00:42:52,BUS,2026-10-08,POTOSI,POTOSI,COCHABAMBA,COCHABAMBA,TRANS COPACABANA S.A.,110,150,2026-10-08 21:30,2026-10-09 07:30,CAMA,CAMA TV 43,Directo (10h 0m),False,0,0.0,0.0,0.0
2026-10-07 00:42:52,BUS,2026-10-08,POTOSI,POTOSI,LA PAZ,LA PAZ,TRANS COPACABANA S.A.,110,145,2026-10-08 22:00,2026-10-09 07:00,CAMA,CAMA TV 43,Directo (9h 0m),False,0,0.0,0.0,0.0
2026-10-07 00:42:52,BUS,2026-10-08,SANTA CRUZ,SANTA CRUZ,COCHABAMBA,COCHABAMBA,TRANS COPACABANA S.A.,110,145,2026-10-08 08:30,2026-10-08 18:30,CAMA,CAMA TV 43,Directo (10h 0m),False,0,0.0,0.0,0.0
2026-10-07 00:42:52,BUS,2026-10-08,SANTA CRUZ,SANTA CRUZ,LA PAZ,LA PAZ,TRANS COPACABANA S.A.,110,155,2026-10-08 14:00,2026-10-09 07:00,CAMA,CAMA TV 43,Directo (17h 0m),False,0,0.0,0.0,0.0
2026-10-07 00:42:52,BUS,2026-10-08,SANTA CRUZ,SANTA CRUZ,LA PAZ,LA PAZ,TRANS COPACABANA S.A.,110,155,2026-10-08 16:30,2026-10-09 09:30,CAMA,CAMA TV 43,Directo (17h 0m),False,0,0.0,0.0,0.0
2026-10-07 00:42:52,BUS,2026-10-08,SANTA CRUZ,SANTA CRUZ,LA PAZ,LA PAZ,TRANS COPACABANA S.A.,110,155,2026-10-08 17:30,2026-10-09 10:30,CAMA,CAMA TV 43,Directo (17h 0m),False,0,0.0,0.0,0.0
2026-10-07 00:42:52,BUS,2026-10-08,SANTA CRUZ,SANTA CRUZ,COCHABAMBA,COCHABAMBA,TRANS COPACABANA S.A.,110,127,2026-10-08 19:00,2026-10-09 05:00,CAMA,CAMA D - PISO 43,Directo (10h 0m),False,0,0.0,0.0,0.0
2026-10-07 00:42:52,BUS,2026-10-08,SANTA CRUZ,SANTA CRUZ,TARIJA,TARIJA,TRANS COPACABANA S.A.,110,163,2026-10-08 19:00,2026-10-09 07:00,CAMA,CAMA TV 43,Directo (12h 0m),False,0,0.0,0.0,0.0
2026-10-07 00:42:52,BUS,2026-10-08,SANTA CRUZ,SANTA CRUZ,LA PAZ,LA PAZ,TRANS COPACABANA S.A.,110,155,2026-10-08 19:30,2026-10-09 12:30,CAMA,CAMA TV 43,Directo (17h 0m),False,0,0.0,0.0,0.0
2026-10-07 00:42:52,BUS,2026-10-08,SANTA CRUZ,SANTA CRUZ,COCHABAMBA,COCHABAMBA,TRANS COPACABANA S.A.,110,142,2026-10-08 20:00,2026-10-09 06:00,CAMA,CAMA TV 43,Directo (10h 0m),False,0,0.0,0.0,0.0
2026-10-07 00:42:52,BUS,2026-10-08,SANTA CRUZ,SANTA CRUZ,COCHABAMBA,COCHABAMBA,TRANS COPACABANA S.A.,110,151,2026-10-08 21:00,2026-10-09 07:00,CAMA,CAMA TV 43,Directo (10h 0m),False,0,0.0,0.0,0.0
2026-10-07 00:42:52,BUS,2026-10-08,SANTA CRUZ,SANTA CRUZ,YACUIBA,YACUIBA,TRANS COPACABANA S.A.,110,129,2026-10-08 21:00,2026-10-09 06:00,CAMA,CAMA D - PISO 43,Directo (9h 0m),False,0,0.0,0.0,0.0
2026-10-07 00:42:52,BUS,2026-10-08,SANTA CRUZ,SANTA CRUZ,COCHABAMBA,COCHABAMBA,TRANS COPACABANA S.A.,110,140,2026-10-08 21:30,2026-10-09 07:30,CAMA,CAMA TV 43,Directo (10h 0m),False,0,0.0,0.0,0.0
2026-10-07 00:42:52,BUS,2026-10-08,SANTA CRUZ,SANTA CRUZ,TRINIDAD,TRINIDAD,TRANS COPACABANA S.A.,110,131,2026-10-08 21:30,2026-10-09 06:30,CAMA,CAMA D - PISO 43,Directo (9h 0m),False,0,0.0,0.0,0.0
2026-10-07 00:42:52,BUS,2026-10-08,SANTA CRUZ,SANTA CRUZ,LA PAZ,LA PAZ,EL DORADO,103,000,2026-10-08 11:30,2026-10-09 04:30,CAMA,CAMA 3 FILAS 40,Directo (17h 0m),False,0,365.0,430.0,350.0
2026-10-07 00:42:52,BUS,2026-10-08,SUCRE,SUCRE,LA PAZ,LA PAZ,TRANS COPACABANA S.A.,110,151,2026-10-08 19:30,2026-10-09 07:30,CAMA,CAMA TV 43,Directo (12h 0m),False,0,0.0,0.0,0.0
2026-10-07 00:42:52,BUS,2026-10-08,SUCRE,SUCRE,COCHABAMBA,COCHABAMBA,TRANS COPACABANA S.A.,110,140,2026-10-08 21:00,2026-10-09 04:00,CAMA,CAMA TV 43,Directo (7h 0m),False,0,0.0,0.0,0.0
2026-10-07 00:42:52,BUS,2026-10-08,TARIJA,TARIJA,COCHABAMBA,COCHABAMBA,TRANS COPACABANA S.A.,110,150,2026-10-08 18:00,2026-10-09 09:00,CAMA,CAMA TV 43,Directo (15h 0m),False,0,0.0,0.0,0.0
2026-10-07 00:42:52,BUS,2026-10-08,TARIJA,TARIJA,LA PAZ,LA PAZ,TRANS COPACABANA S.A.,110,150,2026-10-08 19:30,2026-10-09 12:30,CAMA,CAMA TV 43,Directo (17h 0m),False,0,0.0,0.0,0.0
2026-10-07 00:42:52,BUS,2026-10-08,TARIJA,TARIJA,SUCRE,SUCRE,EL MEXICANO,206,CAMA,2026-10-08 19:30,2026-10-09 06:30,CAMA,CAMA LEITO 38,Directo (11h 0m),False,0,0.0,0.0,0.0
2026-10-07 00:42:52,BUS,2026-10-08,TARIJA,TARIJA,SUCRE,SUCRE,ANDES BUS,117,KSN,2026-10-08 20:00,2026-10-09 08:00,CAMA,5215KSN,Directo (12h 0m),False,0,0.0,0.0,0.0
2026-10-07 00:42:52,BUS,2026-10-08,TARIJA,TARIJA,SANTA CRUZ,SANTA CRUZ,EL MEXICANO,206,5215 AUI,2026-10-08 18:30,2026-10-09 08:30,SUITE,SUITE CAMA 32,Directo (14h 0m),False,0,300.0,350.0,300.0
2026-10-07 00:42:52,BUS,2026-10-08,TARIJA,TARIJA,SANTA CRUZ,SANTA CRUZ,TRANS COPACABANA S.A.,110,160,2026-10-08 19:00,2026-10-09 07:30,CAMA,CAMA TV 43,Directo (12h 30m),False,0,356.0,356.0,356.0
2026-10-07 00:42:52,BUS,2026-10-08,TARIJA,TARIJA,LA PAZ,LA PAZ,ROYAL CLASS,144,5310ULP,2026-10-08 18:30,2026-10-09 09:30,CAMA,SUITE - CAMA,Directo (15h 0m),False,0,450.0,450.0,300.0
2026-10-07 00:42:52,BUS,2026-10-08,TRINIDAD,TRINIDAD,SANTA CRUZ,SANTA CRUZ,TRANS COPACABANA S.A.,110,147,2026-10-08 21:30,2026-10-09 06:30,CAMA,CAMA TV 43,Directo (9h 0m),False,0,0.0,0.0,0.0
2026-10-07 00:42:52,BUS,2026-10-08,YACUIBA,YACUIBA,SANTA CRUZ,SANTA CRUZ,TRANS COPACABANA S.A.,110,150,2026-10-08 21:00,2026-10-09 06:00,CAMA,CAMA TV 43,Directo (9h 0m),False,0,0.0,0.0,0.0
2026-10-07 00:42:52,BUS,2026-10-08,YACUIBA,YACUIBA,SANTA CRUZ,SANTA CRUZ,LA QUERIDA,142,5597NSR,2026-10-08 21:00,2026-10-09 06:00,CAMA,CAMA LEITO,Directo (9h 0m),False,0,188.0,250.0,150.0
2026-10-07 00:42:52,BUS,2026-10-08,YACUIBA,YACUIBA,SANTA CRUZ,SANTA CRUZ,LA QUERIDA,142,6308XCY,2026-10-08 21:30,2026-10-09 06:30,CAMA,CAMA LEITO,Directo (9h 0m),False,0,188.0,250.0,180.0
2026-10-07 00:42:52,VUELO,2026-10-08,CIJ,COBIJA,LPB,LA PAZ,TAMep,2E,713,2026-10-08 10:50,2026-10-08 12:00,ECONOMICA,AVION,Directo (01:10),False,0,818.0,818.0,818.0
2026-10-07 00:42:52,VUELO,2026-10-08,CBB,COCHABAMBA,VVI,SANTA CRUZ,TAMep,2E,710,2026-10-08 06:00,2026-10-08 06:50,ECONOMICA,AVION,Directo (00:50),False,0,503.0,503.0,503.0
2026-10-07 00:42:52,VUELO,2026-10-08,CBB,COCHABAMBA,VVI,SANTA CRUZ,TAMep,2E,707,2026-10-08 17:00,2026-10-08 17:50,ECONOMICA,AVION,Directo (00:50),False,0,539.0,539.0,539.0
2026-10-07 00:42:52,VUELO,2026-10-08,CIJ,Cobija,LPB,La Paz,BOLIVIANA DE AVIACION,OB,401,2026-10-08 10:00,2026-10-08 11:10,ECONOMICA,AVION,Directo (01:10),False,0,846.0,846.0,846.0
2026-10-07 00:42:52,VUELO,2026-10-08,CBB,Cochabamba,ORU,Oruro,BOLIVIANA DE AVIACION,OB,324,2026-10-08 13:50,2026-10-08 14:25,ECONOMICA,AVION,Directo (00:35),False,0,376.0,376.0,376.0
2026-10-07 00:42:52,VUELO,2026-10-08,CBB,Cochabamba,LPB,La Paz,BOLIVIANA DE AVIACION,OB,626,2026-10-08 23:30,2026-10-09 00:15,ECONOMICA,AVION,Directo (00:45),False,0,408.0,408.0,408.0
2026-10-07 00:42:52,VUELO,2026-10-08,CBB,Cochabamba,LPB,La Paz,BOLIVIANA DE AVIACION,OB,922,2026-10-08 20:35,2026-10-08 21:20,ECONOMICA,AVION,Directo (00:45),False,0,505.0,505.0,505.0
2026-10-07 00:42:52,VUELO,2026-10-08,CBB,Cochabamba,SRE,Sucre,BOLIVIANA DE AVIACION,OB,572,2026-10-08 07:50,2026-10-08 08:30,ECONOMICA,AVION,Directo (00:40),False,0,538.0,538.0,538.0
2026-10-07 00:42:52,VUELO,2026-10-08,CBB,Cochabamba,TDD,Trinidad,BOLIVIANA DE AVIACION,OB,446,2026-10-08 13:30,2026-10-08 14:25,ECONOMICA,AVION,Directo (00:55),False,0,538.0,538.0,538.0
2026-10-07 00:42:52,VUELO,2026-10-08,CBB,Cochabamba,SRE,Sucre,BOLIVIANA DE AVIACION,OB,578,2026-10-08 19:30,2026-10-08 20:10,ECONOMICA,AVION,Directo (00:40),False,0,538.0,538.0,538.0
2026-10-07 00:42:52,VUELO,2026-10-08,CBB,Cochabamba,LPB,La Paz,BOLIVIANA DE AVIACION,OB,600,2026-10-08 04:40,2026-10-08 05:25,ECONOMICA,AVION,Directo (00:45),False,0,553.0,553.0,553.0
2026-10-07 00:42:52,VUELO,2026-10-08,CBB,Cochabamba,LPB,La Paz,BOLIVIANA DE AVIACION,OB,618,2026-10-08 16:25,2026-10-08 17:10,ECONOMICA,AVION,Directo (00:45),False,0,553.0,553.0,553.0
2026-10-07 00:42:52,VUELO,2026-10-08,CBB,Cochabamba,LPB,La Paz,BOLIVIANA DE AVIACION,OB,620,2026-10-08 17:40,2026-10-08 18:25,ECONOMICA,AVION,Directo (00:45),False,0,553.0,553.0,553.0
2026-10-07 00:42:52,VUELO,2026-10-08,CBB,Cochabamba,LPB,La Paz,BOLIVIANA DE AVIACION,OB,624,2026-10-08 22:20,2026-10-08 23:05,ECONOMICA,AVION,Directo (00:45),False,0,553.0,553.0,553.0
2026-10-07 00:42:52,VUELO,2026-10-08,CBB,Cochabamba,VVI,Santa Cruz,BOLIVIANA DE AVIACION,OB,630,2026-10-08 04:35,2026-10-08 05:25,ECONOMICA,AVION,Directo (00:50),False,0,713.0,713.0,713.0
2026-10-07 00:42:52,VUELO,2026-10-08,CBB,Cochabamba,VVI,Santa Cruz,BOLIVIANA DE AVIACION,OB,642,2026-10-08 11:35,2026-10-08 12:25,ECONOMICA,AVION,Directo (00:50),False,0,713.0,713.0,713.0
2026-10-07 00:42:52,VUELO,2026-10-08,CBB,Cochabamba,VVI,Santa Cruz,BOLIVIANA DE AVIACION,OB,646,2026-10-08 15:50,2026-10-08 16:40,ECONOMICA,AVION,Directo (00:50),False,0,713.0,713.0,713.0
2026-10-07 00:42:52,VUELO,2026-10-08,CBB,Cochabamba,VVI,Santa Cruz,BOLIVIANA DE AVIACION,OB,650,2026-10-08 16:20,2026-10-08 17:10,ECONOMICA,AVION,Directo (00:50),False,0,713.0,713.0,713.0
2026-10-07 00:42:52,VUELO,2026-10-08,CBB,Cochabamba,VVI,Santa Cruz,BOLIVIANA DE AVIACION,OB,652,2026-10-08 19:40,2026-10-08 20:30,ECONOMICA,AVION,Directo (00:50),False,0,713.0,713.0,713.0
2026-10-07 00:42:52,VUELO,2026-10-08,CBB,Cochabamba,TJA,Tarija,BOLIVIANA DE AVIACION,OB,532,2026-10-08 19:15,2026-10-08 20:15,ECONOMICA,AVION,Directo (01:00),False,0,876.0,876.0,876.0
2026-10-07 00:42:52,VUELO,2026-10-08,CBB,Cochabamba,VVI,Santa Cruz,BOLIVIANA DE AVIACION,OB,922 / 988,2026-10-08 20:35,2026-10-09 00:50,ECONOMICA,AVION,1 escala (LPB) - 04:15,True,1,1462.0,1462.0,1462.0
2026-10-07 00:42:52,VUELO,2026-10-08,CBB,Cochabamba,VVI,Santa Cruz,BOLIVIANA DE AVIACION,OB,624 / 988,2026-10-08 22:20,2026-10-09 00:50,ECONOMICA,AVION,1 escala (LPB) - 02:30,True,1,1511.0,1511.0,1511.0
2026-10-07 00:42:52,VUELO,2026-10-08,CBB,Cochabamba,VVI,Santa Cruz,BOLIVIANA DE AVIACION,OB,922 / 688,2026-10-08 20:35,2026-10-09 00:05,ECONOMICA,AVION,1 escala (LPB) - 03:30,True,1,1557.0,1557.0,1557.0
2026-10-07 00:42:52,VUELO,2026-10-08,CBB,Cochabamba,LPB,La Paz,BOLIVIANA DE AVIACION,OB,652 / 683,2026-10-08 19:40,2026-10-08 22:10,ECONOMICA,AVION,1 escala (VVI) - 02:30,True,1,1671.0,1671.0,1671.0
2026-10-07 00:42:52,VUELO,2026-10-08,CBB,Cochabamba,LPB,La Paz,BOLIVIANA DE AVIACION,OB,652 / 685,2026-10-08 19:40,2026-10-08 22:55,ECONOMICA,AVION,1 escala (VVI) - 03:15,True,1,1671.0,1671.0,1671.0
2026-10-07 00:42:52,VUELO,2026-10-08,CBB,Cochabamba,LPB,La Paz,BOLIVIANA DE AVIACION,OB,642 / 673,2026-10-08 11:35,2026-10-08 14:50,ECONOMICA,AVION,1 escala (VVI) - 03:15,True,1,1765.0,1765.0,1765.0
2026-10-07 00:42:52,VUELO,2026-10-08,CBB,Cochabamba,LPB,La Paz,BOLIVIANA DE AVIACION,OB,646 / 677,2026-10-08 15:50,2026-10-08 18:30,ECONOMICA,AVION,1 escala (VVI) - 02:40,True,1,1765.0,1765.0,1765.0
2026-10-07 00:42:52,VUELO,2026-10-08,LPB,LA PAZ,VVI,SANTA CRUZ,TAMep,2E,705,2026-10-08 12:30,2026-10-08 13:40,ECONOMICA,AVION,Directo (01:10),False,0,843.0,843.0,843.0
2026-10-07 00:42:52,VUELO,2026-10-08,LPB,LA PAZ,VVI,SANTA CRUZ,TAMep,2E,709,2026-10-08 21:00,2026-10-08 22:10,ECONOMICA,AVION,Directo (01:10),False,0,843.0,843.0,843.0
2026-10-07 00:42:52,VUELO,2026-10-08,LPB,LA PAZ,CIJ,COBIJA,TAMep,2E,712,2026-10-08 09:10,2026-10-08 10:20,ECONOMICA,AVION,Directo (01:10),False,0,1016.0,1016.0,1016.0
2026-10-07 00:42:52,VUELO,2026-10-08,LPB,La Paz,CBB,Cochabamba,BOLIVIANA DE AVIACION,OB,921,2026-10-08 19:10,2026-10-08 19:55,ECONOMICA,AVION,Directo (00:45),False,0,553.0,553.0,553.0
2026-10-07 00:42:52,VUELO,2026-10-08,LPB,La Paz,CBB,Cochabamba,BOLIVIANA DE AVIACION,OB,625,2026-10-08 22:05,2026-10-08 22:50,ECONOMICA,AVION,Directo (00:45),False,0,553.0,553.0,553.0
2026-10-07 00:42:52,VUELO,2026-10-08,LPB,La Paz,CBB,Cochabamba,BOLIVIANA DE AVIACION,OB,629,2026-10-08 23:50,2026-10-09 00:35,ECONOMICA,AVION,Directo (00:45),False,0,553.0,553.0,553.0
2026-10-07 00:42:52,VUELO,2026-10-08,LPB,La Paz,VVI,Santa Cruz,BOLIVIANA DE AVIACION,OB,988,2026-10-08 23:45,2026-10-09 00:50,ECONOMICA,AVION,Directo (01:05),False,0,973.0,973.0,973.0
2026-10-07 00:42:52,VUELO,2026-10-08,LPB,La Paz,VVI,Santa Cruz,BOLIVIANA DE AVIACION,OB,688,2026-10-08 23:00,2026-10-09 00:05,ECONOMICA,AVION,Directo (01:05),False,0,1067.0,1067.0,1067.0
2026-10-07 00:42:52,VUELO,2026-10-08,LPB,La Paz,VVI,Santa Cruz,BOLIVIANA DE AVIACION,OB,629 / 630,2026-10-08 23:50,2026-10-09 05:25,ECONOMICA,AVION,1 escala (CBB) - 05:35,True,1,1067.0,1067.0,1067.0
2026-10-07 00:42:52,VUELO,2026-10-08,LPB,La Paz,SRE,Sucre,BOLIVIANA DE AVIACION,OB,625 / 572,2026-10-08 22:05,2026-10-09 08:30,ECONOMICA,AVION,1 escala (CBB) - 10:25,True,1,1091.0,1091.0,1091.0
2026-10-07 00:42:52,VUELO,2026-10-08,LPB,La Paz,SRE,Sucre,BOLIVIANA DE AVIACION,OB,629 / 572,2026-10-08 23:50,2026-10-09 08:30,ECONOMICA,AVION,1 escala (CBB) - 08:40,True,1,1091.0,1091.0,1091.0
2026-10-07 00:42:52,VUELO,2026-10-08,LPB,La Paz,TJA,Tarija,BOLIVIANA DE AVIACION,OB,625 / 524,2026-10-08 22:05,2026-10-09 08:25,ECONOMICA,AVION,1 escala (CBB) - 10:20,True,1,1429.0,1429.0,1429.0
2026-10-07 00:42:52,VUELO,2026-10-08,LPB,La Paz,TJA,Tarija,BOLIVIANA DE AVIACION,OB,629 / 524,2026-10-08 23:50,2026-10-09 08:25,ECONOMICA,AVION,1 escala (CBB) - 08:35,True,1,1429.0,1429.0,1429.0
2026-10-07 00:42:52,VUELO,2026-10-08,LPB,La Paz,SRE,Sucre,BOLIVIANA DE AVIACION,OB,988 / 631 / 572,2026-10-08 23:45,2026-10-09 08:30,ECONOMICA,AVION,"2 escala (VVI, CBB) - 08:45",True,2,1671.0,1671.0,1671.0
2026-10-07 00:42:52,VUELO,2026-10-08,LPB,La Paz,SRE,Sucre,BOLIVIANA DE AVIACION,OB,688 / 631 / 572,2026-10-08 23:00,2026-10-09 08:30,ECONOMICA,AVION,"2 escala (VVI, CBB) - 09:30",True,2,1765.0,1765.0,1765.0
2026-10-07 00:42:52,VUELO,2026-10-08,LPB,La Paz,TJA,Tarija,BOLIVIANA DE AVIACION,OB,988 / 631 / 524,2026-10-08 23:45,2026-10-09 08:25,ECONOMICA,AVION,"2 escala (VVI, CBB) - 08:40",True,2,1920.0,1920.0,1920.0
2026-10-07 00:42:52,VUELO,2026-10-08,LPB,La Paz,TJA,Tarija,BOLIVIANA DE AVIACION,OB,688 / 631 / 524,2026-10-08 23:00,2026-10-09 08:25,ECONOMICA,AVION,"2 escala (VVI, CBB) - 09:25",True,2,2014.0,2014.0,2014.0
2026-10-07 00:42:52,VUELO,2026-10-08,ORU,Oruro,CBB,Cochabamba,BOLIVIANA DE AVIACION,OB,325,2026-10-08 15:00,2026-10-08 15:35,ECONOMICA,AVION,Directo (00:35),False,0,376.0,376.0,376.0
2026-10-07 00:42:52,VUELO,2026-10-08,ORU,Oruro,VVI,Santa Cruz,BOLIVIANA DE AVIACION,OB,325 / 650,2026-10-08 15:00,2026-10-08 17:10,ECONOMICA,AVION,1 escala (CBB) - 02:10,True,1,981.0,981.0,981.0
2026-10-07 00:42:52,VUELO,2026-10-08,ORU,Oruro,VVI,Santa Cruz,BOLIVIANA DE AVIACION,OB,325 / 652,2026-10-08 15:00,2026-10-08 20:30,ECONOMICA,AVION,1 escala (CBB) - 05:30,True,1,981.0,981.0,981.0
2026-10-07 00:42:52,VUELO,2026-10-08,ORU,Oruro,VVI,Santa Cruz,BOLIVIANA DE AVIACION,OB,325 / 922 / 988,2026-10-08 15:00,2026-10-09 00:50,ECONOMICA,AVION,"2 escala (CBB, LPB) - 09:50",True,2,1653.0,1653.0,1653.0
2026-10-07 00:42:52,VUELO,2026-10-08,ORU,Oruro,VVI,Santa Cruz,BOLIVIANA DE AVIACION,OB,325 / 620 / 988,2026-10-08 15:00,2026-10-09 00:50,ECONOMICA,AVION,"2 escala (CBB, LPB) - 09:50",True,2,1720.0,1720.0,1720.0
2026-10-07 00:42:52,VUELO,2026-10-08,ORU,Oruro,VVI,Santa Cruz,BOLIVIANA DE AVIACION,OB,325 / 618 / 988,2026-10-08 15:00,2026-10-09 00:50,ECONOMICA,AVION,"2 escala (CBB, LPB) - 09:50",True,2,1735.0,1735.0,1735.0
2026-10-07 00:42:52,VUELO,2026-10-08,ORU,Oruro,VVI,Santa Cruz,BOLIVIANA DE AVIACION,OB,325 / 922 / 688,2026-10-08 15:00,2026-10-09 00:05,ECONOMICA,AVION,"2 escala (CBB, LPB) - 09:05",True,2,1748.0,1748.0,1748.0
2026-10-07 00:42:52,VUELO,2026-10-08,ORU,Oruro,VVI,Santa Cruz,BOLIVIANA DE AVIACION,OB,325 / 618 / 688,2026-10-08 15:00,2026-10-09 00:05,ECONOMICA,AVION,"2 escala (CBB, LPB) - 09:05",True,2,1814.0,1814.0,1814.0
2026-10-07 00:42:52,VUELO,2026-10-08,ORU,Oruro,VVI,Santa Cruz,BOLIVIANA DE AVIACION,OB,325 / 620 / 688,2026-10-08 15:00,2026-10-09 00:05,ECONOMICA,AVION,"2 escala (CBB, LPB) - 09:05",True,2,1814.0,1814.0,1814.0
2026-10-07 00:42:52,VUELO,2026-10-08,ORU,Oruro,VVI,Santa Cruz,BOLIVIANA DE AVIACION,OB,325 / 624 / 988,2026-10-08 15:00,2026-10-09 00:50,ECONOMICA,AVION,"2 escala (CBB, LPB) - 09:50",True,2,1887.0,1887.0,1887.0
2026-10-07 00:42:52,VUELO,2026-10-08,VVI,SANTA CRUZ,CBB,COCHABAMBA,TAMep,2E,706,2026-10-08 15:40,2026-10-08 16:30,ECONOMICA,AVION,Directo (00:50),False,0,539.0,539.0,539.0
2026-10-07 00:42:52,VUELO,2026-10-08,VVI,SANTA CRUZ,LPB,LA PAZ,TAMep,2E,708,2026-10-08 19:00,2026-10-08 20:10,ECONOMICA,AVION,Directo (01:10),False,0,733.0,733.0,733.0
2026-10-07 00:42:52,VUELO,2026-10-08,VVI,SANTA CRUZ,LPB,LA PAZ,TAMep,2E,711,2026-10-08 07:20,2026-10-08 08:30,ECONOMICA,AVION,Directo (01:10),False,0,787.0,787.0,787.0
2026-10-07 00:42:52,VUELO,2026-10-08,VVI,Santa Cruz,LPB,La Paz,BOLIVIANA DE AVIACION,OB,961,2026-10-08 05:15,2026-10-08 06:20,ECONOMICA,AVION,Directo (01:05),False,0,689.0,689.0,689.0
2026-10-07 00:42:52,VUELO,2026-10-08,VVI,Santa Cruz,CBB,Cochabamba,BOLIVIANA DE AVIACION,OB,643,2026-10-08 12:05,2026-10-08 12:50,ECONOMICA,AVION,Directo (00:45),False,0,713.0,713.0,713.0
2026-10-07 00:42:52,VUELO,2026-10-08,VVI,Santa Cruz,TDD,Trinidad,BOLIVIANA DE AVIACION,OB,643 / 446,2026-10-08 12:05,2026-10-08 14:25,ECONOMICA,AVION,1 escala (CBB) - 02:20,True,1,829.0,829.0,829.0
2026-10-07 00:42:52,VUELO,2026-10-08,VVI,Santa Cruz,LPB,La Paz,BOLIVIANA DE AVIACION,OB,661,2026-10-08 05:35,2026-10-08 06:40,ECONOMICA,AVION,Directo (01:05),False,0,877.0,877.0,877.0
2026-10-07 00:42:52,VUELO,2026-10-08,VVI,Santa Cruz,LPB,La Paz,BOLIVIANA DE AVIACION,OB,683,2026-10-08 21:05,2026-10-08 22:10,ECONOMICA,AVION,Directo (01:05),False,0,973.0,973.0,973.0
2026-10-07 00:42:52,VUELO,2026-10-08,VVI,Santa Cruz,LPB,La Paz,BOLIVIANA DE AVIACION,OB,685,2026-10-08 21:50,2026-10-08 22:55,ECONOMICA,AVION,Directo (01:05),False,0,973.0,973.0,973.0
2026-10-07 00:42:52,VUELO,2026-10-08,VVI,Santa Cruz,ORU,Oruro,BOLIVIANA DE AVIACION,OB,643 / 324,2026-10-08 12:05,2026-10-08 14:25,ECONOMICA,AVION,1 escala (CBB) - 02:20,True,1,981.0,981.0,981.0
2026-10-07 00:42:52,VUELO,2026-10-08,VVI,Santa Cruz,LPB,La Paz,BOLIVIANA DE AVIACION,OB,643 / 618,2026-10-08 12:05,2026-10-08 17:10,ECONOMICA,AVION,1 escala (CBB) - 05:05,True,1,1067.0,1067.0,1067.0
2026-10-07 00:42:52,VUELO,2026-10-08,VVI,Santa Cruz,LPB,La Paz,BOLIVIANA DE AVIACION,OB,673,2026-10-08 13:45,2026-10-08 14:50,ECONOMICA,AVION,Directo (01:05),False,0,1067.0,1067.0,1067.0
2026-10-07 00:42:52,VUELO,2026-10-08,VVI,Santa Cruz,LPB,La Paz,BOLIVIANA DE AVIACION,OB,677,2026-10-08 17:25,2026-10-08 18:30,ECONOMICA,AVION,Directo (01:05),False,0,1067.0,1067.0,1067.0
2026-10-07 00:42:52,VUELO,2026-10-08,VVI,Santa Cruz,CBB,Cochabamba,BOLIVIANA DE AVIACION,OB,683 / 629,2026-10-08 21:05,2026-10-09 00:35,ECONOMICA,AVION,1 escala (LPB) - 03:30,True,1,1511.0,1511.0,1511.0
2026-10-07 00:42:52,VUELO,2026-10-08,VVI,Santa Cruz,CBB,Cochabamba,BOLIVIANA DE AVIACION,OB,685 / 629,2026-10-08 21:50,2026-10-09 00:35,ECONOMICA,AVION,1 escala (LPB) - 02:45,True,1,1511.0,1511.0,1511.0
2026-10-07 00:42:52,VUELO,2026-10-08,VVI,Santa Cruz,TJA,Tarija,BOLIVIANA DE AVIACION,OB,643 / 532,2026-10-08 12:05,2026-10-08 20:15,ECONOMICA,AVION,1 escala (CBB) - 08:10,True,1,1589.0,1589.0,1589.0
2026-10-07 00:42:52,VUELO,2026-10-08,VVI,Santa Cruz,CBB,Cochabamba,BOLIVIANA DE AVIACION,OB,677 / 921,2026-10-08 17:25,2026-10-08 19:55,ECONOMICA,AVION,1 escala (LPB) - 02:30,True,1,1605.0,1605.0,1605.0
2026-10-07 00:42:52,VUELO,2026-10-08,VVI,Santa Cruz,TJA,Tarija,BOLIVIANA DE AVIACION,OB,683 / 603 / 524,2026-10-08 21:05,2026-10-09 08:25,ECONOMICA,AVION,"2 escala (LPB, CBB) - 11:20",True,2,2130.0,2130.0,2130.0
2026-10-07 00:42:52,VUELO,2026-10-08,VVI,Santa Cruz,TJA,Tarija,BOLIVIANA DE AVIACION,OB,685 / 603 / 524,2026-10-08 21:50,2026-10-09 08:25,ECONOMICA,AVION,"2 escala (LPB, CBB) - 10:35",True,2,2130.0,2130.0,2130.0
2026-10-07 00:42:52,VUELO,2026-10-08,VVI,Santa Cruz,TJA,Tarija,BOLIVIANA DE AVIACION,OB,683 / 629 / 524,2026-10-08 21:05,2026-10-09 08:25,ECONOMICA,AVION,"2 escala (LPB, CBB) - 11:20",True,2,2387.0,2387.0,2387.0
2026-10-07 00:42:52,VUELO,2026-10-08,VVI,Santa Cruz,TJA,Tarija,BOLIVIANA DE AVIACION,OB,685 / 629 / 524,2026-10-08 21:50,2026-10-09 08:25,ECONOMICA,AVION,"2 escala (LPB, CBB) - 10:35",True,2,2387.0,2387.0,2387.0
2026-10-07 00:42:52,VUELO,2026-10-08,TJA,Tarija,CBB,Cochabamba,BOLIVIANA DE AVIACION,OB,525,2026-10-08 08:55,2026-10-08 09:55,ECONOMICA,AVION,Directo (01:00),False,0,876.0,876.0,876.0
2026-10-07 00:42:52,VUELO,2026-10-08,TJA,Tarija,CBB,Cochabamba,BOLIVIANA DE AVIACION,OB,533,2026-10-08 20:45,2026-10-08 21:45,ECONOMICA,AVION,Directo (01:00),False,0,876.0,876.0,876.0
2026-10-07 00:42:52,VUELO,2026-10-08,TJA,Tarija,VVI,Santa Cruz,BOLIVIANA DE AVIACION,OB,525 / 642,2026-10-08 08:55,2026-10-08 12:25,ECONOMICA,AVION,1 escala (CBB) - 03:30,True,1,963.0,963.0,963.0
2026-10-07 00:42:52,VUELO,2026-10-08,TJA,Tarija,VVI,Santa Cruz,BOLIVIANA DE AVIACION,OB,525 / 646,2026-10-08 08:55,2026-10-08 16:40,ECONOMICA,AVION,1 escala (CBB) - 07:45,True,1,963.0,963.0,963.0
2026-10-07 00:42:52,VUELO,2026-10-08,TJA,Tarija,LPB,La Paz,BOLIVIANA DE AVIACION,OB,533 / 624,2026-10-08 20:45,2026-10-08 23:05,ECONOMICA,AVION,1 escala (CBB) - 02:20,True,1,1158.0,1158.0,1158.0
2026-10-07 00:42:52,VUELO,2026-10-08,TJA,Tarija,LPB,La Paz,BOLIVIANA DE AVIACION,OB,533 / 626,2026-10-08 20:45,2026-10-09 00:15,ECONOMICA,AVION,1 escala (CBB) - 03:30,True,1,1158.0,1158.0,1158.0
2026-10-07 00:42:52,VUELO,2026-10-08,TJA,Tarija,SRE,Sucre,BOLIVIANA DE AVIACION,OB,533 / 578,2026-10-08 20:45,2026-10-09 20:10,ECONOMICA,AVION,1 escala (CBB) - 23:25,True,1,1273.0,1273.0,1273.0
2026-10-07 00:42:52,VUELO,2026-10-08,TJA,Tarija,LPB,La Paz,BOLIVIANA DE AVIACION,OB,525 / 922,2026-10-08 08:55,2026-10-08 21:20,ECONOMICA,AVION,1 escala (CBB) - 12:25,True,1,1381.0,1381.0,1381.0
2026-10-07 00:42:52,VUELO,2026-10-08,TJA,Tarija,SRE,Sucre,BOLIVIANA DE AVIACION,OB,525 / 578,2026-10-08 08:55,2026-10-08 20:10,ECONOMICA,AVION,1 escala (CBB) - 11:15,True,1,1414.0,1414.0,1414.0
2026-10-07 00:42:52,VUELO,2026-10-08,TJA,Tarija,SRE,Sucre,BOLIVIANA DE AVIACION,OB,525 / 572,2026-10-08 08:55,2026-10-09 08:30,ECONOMICA,AVION,1 escala (CBB) - 23:35,True,1,1414.0,1414.0,1414.0
2026-10-07 00:42:52,VUELO,2026-10-08,TJA,Tarija,SRE,Sucre,BOLIVIANA DE AVIACION,OB,533 / 572,2026-10-08 20:45,2026-10-09 08:30,ECONOMICA,AVION,1 escala (CBB) - 11:45,True,1,1414.0,1414.0,1414.0
2026-10-07 00:42:52,VUELO,2026-10-08,TJA,Tarija,LPB,La Paz,BOLIVIANA DE AVIACION,OB,525 / 618,2026-10-08 08:55,2026-10-08 17:10,ECONOMICA,AVION,1 escala (CBB) - 08:15,True,1,1429.0,1429.0,1429.0
2026-10-07 00:42:52,VUELO,2026-10-08,TJA,Tarija,LPB,La Paz,BOLIVIANA DE AVIACION,OB,525 / 620,2026-10-08 08:55,2026-10-08 18:25,ECONOMICA,AVION,1 escala (CBB) - 09:30,True,1,1429.0,1429.0,1429.0
2026-10-07 00:42:52,VUELO,2026-10-08,TJA,Tarija,LPB,La Paz,BOLIVIANA DE AVIACION,OB,533 / 600,2026-10-08 20:45,2026-10-09 05:25,ECONOMICA,AVION,1 escala (CBB) - 08:40,True,1,1429.0,1429.0,1429.0
2026-10-07 00:42:52,VUELO,2026-10-08,TJA,Tarija,VVI,Santa Cruz,BOLIVIANA DE AVIACION,OB,525 / 650,2026-10-08 08:55,2026-10-08 17:10,ECONOMICA,AVION,1 escala (CBB) - 08:15,True,1,1589.0,1589.0,1589.0
2026-10-07 00:42:52,VUELO,2026-10-08,TJA,Tarija,VVI,Santa Cruz,BOLIVIANA DE AVIACION,OB,525 / 652,2026-10-08 08:55,2026-10-08 20:30,ECONOMICA,AVION,1 escala (CBB) - 11:35,True,1,1589.0,1589.0,1589.0
2026-10-07 00:42:52,VUELO,2026-10-08,TJA,Tarija,VVI,Santa Cruz,BOLIVIANA DE AVIACION,OB,533 / 134,2026-10-08 20:45,2026-10-09 07:35,ECONOMICA,AVION,1 escala (CBB) - 10:50,True,1,1589.0,1589.0,1589.0
2026-10-07 00:42:52,VUELO,2026-10-08,TJA,Tarija,VVI,Santa Cruz,BOLIVIANA DE AVIACION,OB,533 / 630,2026-10-08 20:45,2026-10-09 05:25,ECONOMICA,AVION,1 escala (CBB) - 08:40,True,1,1589.0,1589.0,1589.0
2026-10-07 00:42:52,VUELO,2026-10-08,TJA,Tarija,VVI,Santa Cruz,BOLIVIANA DE AVIACION,OB,533 / 634,2026-10-08 20:45,2026-10-09 07:50,ECONOMICA,AVION,1 escala (CBB) - 11:05,True,1,1589.0,1589.0,1589.0
2026-10-07 00:42:52,VUELO,2026-10-08,TJA,Tarija,LPB,La Paz,BOLIVIANA DE AVIACION,OB,525 / 642 / 673,2026-10-08 08:55,2026-10-08 14:50,ECONOMICA,AVION,"2 escala (CBB, VVI) - 05:55",True,2,2014.0,2014.0,2014.0
2026-10-07 00:42:52,VUELO,2026-10-08,TJA,Tarija,LPB,La Paz,BOLIVIANA DE AVIACION,OB,525 / 642 / 677,2026-10-08 08:55,2026-10-08 18:30,ECONOMICA,AVION,"2 escala (CBB, VVI) - 09:35",True,2,2014.0,2014.0,2014.0
2026-10-07 00:42:52,VUELO,2026-10-08,TJA,Tarija,LPB,La Paz,BOLIVIANA DE AVIACION,OB,525 / 646 / 677,2026-10-08 08:55,2026-10-08 18:30,ECONOMICA,AVION,"2 escala (CBB, VVI) - 09:35",True,2,2014.0,2014.0,2014.0
2026-10-07 00:42:52,VUELO,2026-10-08,TJA,Tarija,VVI,Santa Cruz,BOLIVIANA DE AVIACION,OB,533 / 624 / 660,2026-10-08 20:45,2026-10-09 05:50,ECONOMICA,AVION,"2 escala (CBB, LPB) - 09:05",True,2,2020.0,2020.0,2020.0
2026-10-07 00:42:52,VUELO,2026-10-08,TJA,Tarija,VVI,Santa Cruz,BOLIVIANA DE AVIACION,OB,533 / 626 / 660,2026-10-08 20:45,2026-10-09 05:50,ECONOMICA,AVION,"2 escala (CBB, LPB) - 09:05",True,2,2020.0,2020.0,2020.0
2026-10-07 00:42:52,VUELO,2026-10-08,TJA,Tarija,VVI,Santa Cruz,BOLIVIANA DE AVIACION,OB,533 / 624 / 988,2026-10-08 20:45,2026-10-09 00:50,ECONOMICA,AVION,"2 escala (CBB, LPB) - 04:05",True,2,2115.0,2115.0,2115.0
2026-10-07 00:42:52,VUELO,2026-10-08,TJA,Tarija,VVI,Santa Cruz,BOLIVIANA DE AVIACION,OB,533 / 624 / 662,2026-10-08 20:45,2026-10-09 08:35,ECONOMICA,AVION,"2 escala (CBB, LPB) - 11:50",True,2,2225.0,2225.0,2225.0
2026-10-07 00:42:52,VUELO,2026-10-08,TJA,Tarija,VVI,Santa Cruz,BOLIVIANA DE AVIACION,OB,533 / 626 / 662,2026-10-08 20:45,2026-10-09 08:35,ECONOMICA,AVION,"2 escala (CBB, LPB) - 11:50",True,2,2225.0,2225.0,2225.0
2026-10-07 00:42:52,VUELO,2026-10-08,TJA,Tarija,VVI,Santa Cruz,BOLIVIANA DE AVIACION,OB,533 / 600 / 662,2026-10-08 20:45,2026-10-09 08:35,ECONOMICA,AVION,"2 escala (CBB, LPB) - 11:50",True,2,2481.0,2481.0,2481.0
2026-10-07 00:42:52,VUELO,2026-10-08,TJA,Tarija,LPB,La Paz,BOLIVIANA DE AVIACION,OB,533 / 630 / 663,2026-10-08 20:45,2026-10-09 07:35,ECONOMICA,AVION,"2 escala (CBB, VVI) - 10:50",True,2,2546.0,2546.0,2546.0
2026-10-07 00:42:52,VUELO,2026-10-08,TDD,Trinidad,CBB,Cochabamba,BOLIVIANA DE AVIACION,OB,447,2026-10-08 14:55,2026-10-08 15:45,ECONOMICA,AVION,Directo (00:50),False,0,653.0,653.0,653.0
2026-10-07 00:42:52,VUELO,2026-10-08,TDD,Trinidad,VVI,Santa Cruz,BOLIVIANA DE AVIACION,OB,447 / 650,2026-10-08 14:55,2026-10-08 17:10,ECONOMICA,AVION,1 escala (CBB) - 02:15,True,1,829.0,829.0,829.0
2026-10-07 00:42:52,VUELO,2026-10-08,TDD,Trinidad,VVI,Santa Cruz,BOLIVIANA DE AVIACION,OB,447 / 652,2026-10-08 14:55,2026-10-08 20:30,ECONOMICA,AVION,1 escala (CBB) - 05:35,True,1,829.0,829.0,829.0
2026-10-07 00:42:52,VUELO,2026-10-08,TDD,Trinidad,LPB,La Paz,BOLIVIANA DE AVIACION,OB,447 / 618,2026-10-08 14:55,2026-10-08 17:10,ECONOMICA,AVION,1 escala (CBB) - 02:15,True,1,992.0,992.0,992.0
2026-10-07 00:42:52,VUELO,2026-10-08,TDD,Trinidad,LPB,La Paz,BOLIVIANA DE AVIACION,OB,447 / 620,2026-10-08 14:55,2026-10-08 18:25,ECONOMICA,AVION,1 escala (CBB) - 03:30,True,1,992.0,992.0,992.0
2026-10-07 00:42:52,VUELO,2026-10-08,TDD,Trinidad,LPB,La Paz,BOLIVIANA DE AVIACION,OB,447 / 922,2026-10-08 14:55,2026-10-08 21:20,ECONOMICA,AVION,1 escala (CBB) - 06:25,True,1,992.0,992.0,992.0
2026-10-07 00:42:52,VUELO,2026-10-08,TDD,Trinidad,LPB,La Paz,BOLIVIANA DE AVIACION,OB,447 / 626,2026-10-08 14:55,2026-10-09 00:15,ECONOMICA,AVION,1 escala (CBB) - 09:20,True,1,1061.0,1061.0,1061.0
2026-10-07 00:42:52,VUELO,2026-10-08,TDD,Trinidad,LPB,La Paz,BOLIVIANA DE AVIACION,OB,447 / 624,2026-10-08 14:55,2026-10-08 23:05,ECONOMICA,AVION,1 escala (CBB) - 08:10,True,1,1206.0,1206.0,1206.0
2026-10-07 00:42:52,VUELO,2026-10-08,TDD,Trinidad,LPB,La Paz,BOLIVIANA DE AVIACION,OB,447 / 650 / 683,2026-10-08 14:55,2026-10-08 22:10,ECONOMICA,AVION,"2 escala (CBB, VVI) - 07:15",True,2,1787.0,1787.0,1787.0
2026-10-07 00:42:52,VUELO,2026-10-08,TDD,Trinidad,LPB,La Paz,BOLIVIANA DE AVIACION,OB,447 / 652 / 683,2026-10-08 14:55,2026-10-08 22:10,ECONOMICA,AVION,"2 escala (CBB, VVI) - 07:15",True,2,1787.0,1787.0,1787.0
2026-10-07 00:42:52,VUELO,2026-10-08,TDD,Trinidad,LPB,La Paz,BOLIVIANA DE AVIACION,OB,447 / 650 / 685,2026-10-08 14:55,2026-10-08 22:55,ECONOMICA,AVION,"2 escala (CBB, VVI) - 08:00",True,2,1787.0,1787.0,1787.0
2026-10-07 00:42:52,VUELO,2026-10-08,TDD,Trinidad,LPB,La Paz,BOLIVIANA DE AVIACION,OB,447 / 652 / 685,2026-10-08 14:55,2026-10-08 22:55,ECONOMICA,AVION,"2 escala (CBB, VVI) - 08:00",True,2,1787.0,1787.0,1787.0
2026-10-07 00:42:52,VUELO,2026-10-08,TDD,Trinidad,VVI,Santa Cruz,BOLIVIANA DE AVIACION,OB,447 / 620 / 988,2026-10-08 14:55,2026-10-09 00:50,ECONOMICA,AVION,"2 escala (CBB, LPB) - 09:55",True,2,1950.0,1950.0,1950.0
2026-10-07 00:42:52,VUELO,2026-10-08,TDD,Trinidad,VVI,Santa Cruz,BOLIVIANA DE AVIACION,OB,447 / 922 / 988,2026-10-08 14:55,2026-10-09 00:50,ECONOMICA,AVION,"2 escala (CBB, LPB) - 09:55",True,2,1950.0,1950.0,1950.0
2026-10-07 00:42:52,VUELO,2026-10-08,TDD,Trinidad,VVI,Santa Cruz,BOLIVIANA DE AVIACION,OB,447 / 618 / 988,2026-10-08 14:55,2026-10-09 00:50,ECONOMICA,AVION,"2 escala (CBB, LPB) - 09:55",True,2,1965.0,1965.0,1965.0
2026-10-07 00:42:52,VUELO,2026-10-08,TDD,Trinidad,VVI,Santa Cruz,BOLIVIANA DE AVIACION,OB,447 / 618 / 688,2026-10-08 14:55,2026-10-09 00:05,ECONOMICA,AVION,"2 escala (CBB, LPB) - 09:10",True,2,2044.0,2044.0,2044.0
2026-10-07 00:42:52,VUELO,2026-10-08,TDD,Trinidad,VVI,Santa Cruz,BOLIVIANA DE AVIACION,OB,447 / 620 / 688,2026-10-08 14:55,2026-10-09 00:05,ECONOMICA,AVION,"2 escala (CBB, LPB) - 09:10",True,2,2044.0,2044.0,2044.0
2026-10-07 00:42:52,VUELO,2026-10-08,TDD,Trinidad,VVI,Santa Cruz,BOLIVIANA DE AVIACION,OB,447 / 922 / 688,2026-10-08 14:55,2026-10-09 00:05,ECONOMICA,AVION,"2 escala (CBB, LPB) - 09:10",True,2,2044.0,2044.0,2044.0
2026-10-07 00:42:52,VUELO,2026-10-08,TDD,Trinidad,VVI,Santa Cruz,BOLIVIANA DE AVIACION,OB,447 / 624 / 988,2026-10-08 14:55,2026-10-09 00:50,ECONOMICA,AVION,"2 escala (CBB, LPB) - 09:55",True,2,2164.0,2164.0,2164.0
2026-10-07 00:42:52,BUS,2026-10-09,COCHABAMBA,COCHABAMBA,LA PAZ,LA PAZ,EL DORADO,103,000,2026-10-09 07:30,2026-10-09 14:30,CAMA,CAMA 3 FILAS 40,Directo (7h 0m),False,0,0.0,0.0,0.0
2026-10-07 00:42:52,BUS,2026-10-09,COCHABAMBA,COCHABAMBA,LA PAZ,LA PAZ,EL DORADO,103,000,2026-10-09 09:30,2026-10-09 16:30,CAMA,CAMA 3 FILAS 40,Directo (7h 0m),False,0,0.0,0.0,0.0
2026-10-07 00:42:52,BUS,2026-10-09,COCHABAMBA,COCHABAMBA,LA PAZ,LA PAZ,EL DORADO,103,000,2026-10-09 10:30,2026-10-09 17:30,CAMA,CAMA 3 FILAS 40,Directo (7h 0m),False,0,0.0,0.0,0.0
2026-10-07 00:42:52,BUS,2026-10-09,COCHABAMBA,COCHABAMBA,LA PAZ,LA PAZ,EL DORADO,103,000,2026-10-09 12:00,2026-10-09 19:00,CAMA,CAMA 3 FILAS 40,Directo (7h 0m),False,0,0.0,0.0,0.0
2026-10-07 00:42:52,BUS,2026-10-09,COCHABAMBA,COCHABAMBA,LA PAZ,LA PAZ,EL DORADO,103,000,2026-10-09 15:00,2026-10-09 22:00,CAMA,CAMA 3 FILAS 40,Directo (7h 0m),False,0,0.0,0.0,0.0
2026-10-07 00:42:52,BUS,2026-10-09,COCHABAMBA,COCHABAMBA,LA PAZ,LA PAZ,EL DORADO,103,000,2026-10-09 17:00,2026-10-10 00:00,CAMA,CAMA 3 FILAS 40,Directo (7h 0m),False,0,0.0,0.0,0.0
2026-10-07 00:42:52,BUS,2026-10-09,COCHABAMBA,COCHABAMBA,TARIJA,TARIJA,TRANS COPACABANA S.A.,110,160,2026-10-09 17:00,2026-10-10 08:00,CAMA,CAMA TV 43,Directo (15h 0m),False,0,0.0,0.0,0.0
2026-10-07 00:42:52,BUS,2026-10-09,COCHABAMBA,COCHABAMBA,SANTA CRUZ,SANTA CRUZ,TRANS COPACABANA S.A.,110,151,2026-10-09 19:00,2026-10-10 05:00,CAMA,CAMA TV 43,Directo (10h 0m),False,0,0.0,0.0,0.0
2026-10-07 00:42:52,BUS,2026-10-09,COCHABAMBA,COCHABAMBA,SANTA CRUZ,SANTA CRUZ,EL DORADO,103,000,2026-10-09 20:00,2026-10-10 08:00,CAMA,CAMA 3 FILAS 40,Directo (12h 0m),False,0,0.0,0.0,0.0
2026-10-07 00:42:52,BUS,2026-10-09,COCHABAMBA,COCHABAMBA,SANTA CRUZ,SANTA CRUZ,TRANS COPACABANA S.A.,110,144,2026-10-09 20:00,2026-10-10 06:00,CAMA,CAMA TV 43,Directo (10h 0m),False,0,0.0,0.0,0.0
2026-10-07 00:42:52,BUS,2026-10-09,COCHABAMBA,COCHABAMBA,LA PAZ,LA PAZ,EL DORADO,103,000,2026-10-09 20:30,2026-10-10 03:30,CAMA,CAMA 3 FILAS 40,Directo (7h 0m),False,0,0.0,0.0,0.0
2026-10-07 00:42:52,BUS,2026-10-09,COCHABAMBA,COCHABAMBA,POTOSI,POTOSI,TRANS COPACABANA S.A.,110,133,2026-10-09 21:00,2026-10-10 07:00,CAMA,CAMA DD 43,Directo (10h 0m),False,0,0.0,0.0,0.0
2026-10-07 00:42:52,BUS,2026-10-09,COCHABAMBA,COCHABAMBA,POTOSI,POTOSI,EL DORADO,103,000,2026-10-09 21:00,2026-10-10 09:30,CAMA,CAMA 3 FILAS 40,Directo (12h 30m),False,0,0.0,0.0,0.0
2026-10-07 00:42:52,BUS,2026-10-09,COCHABAMBA,COCHABAMBA,SANTA CRUZ,SANTA CRUZ,TRANS COPACABANA S.A.,110,152,2026-10-09 21:00,2026-10-10 07:00,CAMA,CAMA TV 43,Directo (10h 0m),False,0,0.0,0.0,0.0
2026-10-07 00:42:52,BUS,2026-10-09,COCHABAMBA,COCHABAMBA,SUCRE,SUCRE,EL DORADO,103,000,2026-10-09 21:00,2026-10-10 07:00,CAMA,CAMA 3 FILAS 40,Directo (10h 0m),False,0,0.0,0.0,0.0
2026-10-07 00:42:52,BUS,2026-10-09,COCHABAMBA,COCHABAMBA,LA PAZ,LA PAZ,TRANS COPACABANA S.A.,110,132,2026-10-09 21:30,2026-10-10 05:30,CAMA,CAMA D - PISO 43,Directo (8h 0m),False,0,0.0,0.0,0.0
2026-10-07 00:42:52,BUS,2026-10-09,COCHABAMBA,COCHABAMBA,LA PAZ,LA PAZ,EL DORADO,103,000,2026-10-09 21:30,2026-10-10 04:30,CAMA,CAMA 3 FILAS 40,Directo (7h 0m),False,0,0.0,0.0,0.0
2026-10-07 00:42:52,BUS,2026-10-09,COCHABAMBA,COCHABAMBA,LA PAZ,LA PAZ,EL DORADO,103,000,2026-10-09 22:00,2026-10-10 05:00,CAMA,CAMA 3 FILAS 40,Directo (7h 0m),False,0,0.0,0.0,0.0
2026-10-07 00:42:52,BUS,2026-10-09,COCHABAMBA,COCHABAMBA,LA PAZ,LA PAZ,TRANS COPACABANA S.A.,110,132,2026-10-09 22:00,2026-10-10 06:00,CAMA,CAMA D - PISO 43,Directo (8h 0m),False,0,0.0,0.0,0.0
2026-10-07 00:42:52,BUS,2026-10-09,COCHABAMBA,COCHABAMBA,LA PAZ,LA PAZ,EL DORADO,103,000,2026-10-09 22:30,2026-10-10 05:30,CAMA,CAMA 3 FILAS 40,Directo (7h 0m),False,0,0.0,0.0,0.0
2026-10-07 00:42:52,BUS,2026-10-09,COCHABAMBA,COCHABAMBA,LA PAZ,LA PAZ,TRANS COPACABANA S.A.,110,132,2026-10-09 22:30,2026-10-10 06:30,CAMA,CAMA D - PISO 43,Directo (8h 0m),False,0,0.0,0.0,0.0
2026-10-07 00:42:52,BUS,2026-10-09,COCHABAMBA,COCHABAMBA,LA PAZ,LA PAZ,EL DORADO,103,NSH,2026-10-09 22:45,2026-10-10 05:45,SUITE,SUITE Y CAMA 30,Directo (7h 0m),False,0,0.0,0.0,0.0
2026-10-07 00:42:52,BUS,2026-10-09,COCHABAMBA,COCHABAMBA,LA PAZ,LA PAZ,EL DORADO,103,000,2026-10-09 23:00,2026-10-10 06:00,CAMA,CAMA 3 FILAS 40,Directo (7h 0m),False,0,0.0,0.0,0.0
2026-10-07 00:42:52,BUS,2026-10-09,COCHABAMBA,COCHABAMBA,SUCRE,SUCRE,TRANS COPACABANA S.A.,110,160,2026-10-09 21:30,2026-10-10 04:30,CAMA,CAMA TV 43,Directo (7h 0m),False,0,250.0,250.0,200.0
2026-10-07 00:42:52,BUS,2026-10-09,LA PAZ,LA PAZ,COCHABAMBA,COCHABAMBA,TRANS COPACABANA S.A.,110,125,2026-10-09 07:30,2026-10-09 15:30,CAMA,CAMA DD - PISO  43,Directo (8h 0m),False,0,0.0,0.0,0.0
2026-10-07 00:42:52,BUS,2026-10-09,LA PAZ,LA PAZ,COCHABAMBA,COCHABAMBA,EL DORADO,103,000,2026-10-09 08:00,2026-10-09 15:00,CAMA,CAMA 3 FILAS 40,Directo (7h 0m),False,0,0.0,0.0,0.0
2026-10-07 00:42:52,BUS,2026-10-09,LA PAZ,LA PAZ,COCHABAMBA,COCHABAMBA,EL DORADO,103,000,2026-10-09 09:00,2026-10-09 16:00,CAMA,CAMA 3 FILAS 40,Directo (7h 0m),False,0,0.0,0.0,0.0
2026-10-07 00:42:52,BUS,2026-10-09,LA PAZ,LA PAZ,COCHABAMBA,COCHABAMBA,BOLIVIA,113,3333,2026-10-09 10:00,2026-10-09 17:30,CAMA,CAMA  43,Directo (7h 30m),False,0,0.0,0.0,0.0
2026-10-07 00:42:52,BUS,2026-10-09,LA PAZ,LA PAZ,COCHABAMBA,COCHABAMBA,EL DORADO,103,000,2026-10-09 10:30,2026-10-09 17:30,CAMA,CAMA 3 FILAS 40,Directo (7h 0m),False,0,0.0,0.0,0.0
2026-10-07 00:42:52,BUS,2026-10-09,LA PAZ,LA PAZ,COCHABAMBA,COCHABAMBA,EL DORADO,103,000,2026-10-09 11:00,2026-10-09 18:00,CAMA,CAMA 3 FILAS 40,Directo (7h 0m),False,0,0.0,0.0,0.0
2026-10-07 00:42:52,BUS,2026-10-09,LA PAZ,LA PAZ,COCHABAMBA,COCHABAMBA,TRANS COPACABANA S.A.,110,128,2026-10-09 11:30,2026-10-09 19:30,CAMA,CAMA D - PISO 43,Directo (8h 0m),False,0,0.0,0.0,0.0
2026-10-07 00:42:52,BUS,2026-10-09,LA PAZ,LA PAZ,COCHABAMBA,COCHABAMBA,EL DORADO,103,000,2026-10-09 12:30,2026-10-09 19:30,CAMA,CAMA 3 FILAS 40,Directo (7h 0m),False,0,0.0,0.0,0.0
2026-10-07 00:42:52,BUS,2026-10-09,LA PAZ,LA PAZ,COCHABAMBA,COCHABAMBA,BOLIVIA,113,3333,2026-10-09 12:30,2026-10-09 20:00,CAMA,CAMA  43,Directo (7h 30m),False,0,0.0,0.0,0.0
2026-10-07 00:42:52,BUS,2026-10-09,LA PAZ,LA PAZ,SANTA CRUZ,SANTA CRUZ,EL DORADO,103,000,2026-10-09 12:30,2026-10-10 05:30,CAMA,CAMA 3 FILAS 40,Directo (17h 0m),False,0,0.0,0.0,0.0
2026-10-07 00:42:52,BUS,2026-10-09,LA PAZ,LA PAZ,COCHABAMBA,COCHABAMBA,EL DORADO,103,000,2026-10-09 13:00,2026-10-09 20:00,CAMA,CAMA 3 FILAS 40,Directo (7h 0m),False,0,0.0,0.0,0.0
2026-10-07 00:42:52,BUS,2026-10-09,LA PAZ,LA PAZ,COCHABAMBA,COCHABAMBA,EL DORADO,103,000,2026-10-09 14:00,2026-10-09 21:00,CAMA,CAMA 3 FILAS 40,Directo (7h 0m),False,0,0.0,0.0,0.0
2026-10-07 00:42:52,BUS,2026-10-09,LA PAZ,LA PAZ,SANTA CRUZ,SANTA CRUZ,TRANS COPACABANA S.A.,110,145,2026-10-09 14:00,2026-10-10 07:00,CAMA,CAMA TV 43,Directo (17h 0m),False,0,0.0,0.0,0.0
2026-10-07 00:42:52,BUS,2026-10-09,LA PAZ,LA PAZ,COCHABAMBA,COCHABAMBA,BOLIVIA,113,3333,2026-10-09 14:30,2026-10-09 22:00,CAMA,CAMA  43,Directo (7h 30m),False,0,0.0,0.0,0.0
2026-10-07 00:42:52,BUS,2026-10-09,LA PAZ,LA PAZ,COCHABAMBA,COCHABAMBA,EL DORADO,103,000,2026-10-09 15:30,2026-10-09 22:30,CAMA,CAMA 3 FILAS 40,Directo (7h 0m),False,0,0.0,0.0,0.0
2026-10-07 00:42:52,BUS,2026-10-09,LA PAZ,LA PAZ,COCHABAMBA,COCHABAMBA,TRANS COPACABANA S.A.,110,134,2026-10-09 16:00,2026-10-10 00:00,CAMA,CAMA DD 43,Directo (8h 0m),False,0,0.0,0.0,0.0
2026-10-07 00:42:52,BUS,2026-10-09,LA PAZ,LA PAZ,COCHABAMBA,COCHABAMBA,BOLIVIA,113,3333,2026-10-09 16:30,2026-10-10 00:00,CAMA,CAMA  43,Directo (7h 30m),False,0,0.0,0.0,0.0
2026-10-07 00:42:52,BUS,2026-10-09,LA PAZ,LA PAZ,SANTA CRUZ,SANTA CRUZ,TRANS COPACABANA S.A.,110,156,2026-10-09 16:30,2026-10-10 09:30,CAMA,CAMA TV 43,Directo (17h 0m),False,0,0.0,0.0,0.0
2026-10-07 00:42:52,BUS,2026-10-09,LA PAZ,LA PAZ,COCHABAMBA,COCHABAMBA,EL DORADO,103,000,2026-10-09 17:00,2026-10-10 00:00,CAMA,CAMA 3 FILAS 40,Directo (7h 0m),False,0,0.0,0.0,0.0
2026-10-07 00:42:52,BUS,2026-10-09,LA PAZ,LA PAZ,SANTA CRUZ,SANTA CRUZ,EL DORADO,103,000,2026-10-09 17:00,2026-10-10 10:00,CAMA,CAMA 3 FILAS 40,Directo (17h 0m),False,0,0.0,0.0,0.0
2026-10-07 00:42:52,BUS,2026-10-09,LA PAZ,LA PAZ,SANTA CRUZ,SANTA CRUZ,TRANS COPACABANA S.A.,110,160,2026-10-09 17:30,2026-10-10 10:30,CAMA,CAMA TV 43,Directo (17h 0m),False,0,0.0,0.0,0.0
2026-10-07 00:42:52,BUS,2026-10-09,LA PAZ,LA PAZ,COCHABAMBA,COCHABAMBA,BOLIVIA,113,3333,2026-10-09 18:30,2026-10-10 02:00,CAMA,CAMA  43,Directo (7h 30m),False,0,0.0,0.0,0.0
2026-10-07 00:42:52,BUS,2026-10-09,LA PAZ,LA PAZ,SUCRE,SUCRE,ILLIMANI,179,2181 BUA,2026-10-09 18:30,2026-10-10 03:52,CAMA,2181 BUA CAMA,Directo (9h 22m),False,0,0.0,0.0,0.0
2026-10-07 00:42:52,BUS,2026-10-09,LA PAZ,LA PAZ,COCHABAMBA,COCHABAMBA,EL DORADO,103,000,2026-10-09 19:00,2026-10-10 02:00,CAMA,CAMA 3 FILAS 40,Directo (7h 0m),False,0,0.0,0.0,0.0
2026-10-07 00:42:52,BUS,2026-10-09,LA PAZ,LA PAZ,SANTA CRUZ,SANTA CRUZ,TRANS COPACABANA S.A.,110,150,2026-10-09 19:00,2026-10-10 12:00,CAMA,CAMA TV 43,Directo (17h 0m),False,0,0.0,0.0,0.0
2026-10-07 00:42:52,BUS,2026-10-09,LA PAZ,LA PAZ,SANTA CRUZ,SANTA CRUZ,EL DORADO,103,000,2026-10-09 19:30,2026-10-10 12:30,CAMA,CAMA 3 FILAS 40,Directo (17h 0m),False,0,0.0,0.0,0.0
2026-10-07 00:42:52,BUS,2026-10-09,LA PAZ,LA PAZ,SUCRE,SUCRE,TRANS COPACABANA S.A.,110,153,2026-10-09 19:30,2026-10-10 07:30,CAMA,CAMA TV 43,Directo (12h 0m),False,0,0.0,0.0,0.0
2026-10-07 00:42:52,BUS,2026-10-09,LA PAZ,LA PAZ,SUCRE,SUCRE,EL DORADO,103,NSH,2026-10-09 19:30,2026-10-10 07:30,SUITE,SUITE Y CAMA 30,Directo (12h 0m),False,0,0.0,0.0,0.0
2026-10-07 00:42:52,BUS,2026-10-09,LA PAZ,LA PAZ,COCHABAMBA,COCHABAMBA,EL DORADO,103,000,2026-10-09 20:30,2026-10-10 03:30,CAMA,CAMA 3 FILAS 40,Directo (7h 0m),False,0,0.0,0.0,0.0
2026-10-07 00:42:52,BUS,2026-10-09,LA PAZ,LA PAZ,COCHABAMBA,COCHABAMBA,TRANS COPACABANA S.A.,110,118,2026-10-09 20:30,2026-10-10 04:30,CAMA,CAMA DD - PISO  43,Directo (8h 0m),False,0,0.0,0.0,0.0
2026-10-07 00:42:52,BUS,2026-10-09,LA PAZ,LA PAZ,COCHABAMBA,COCHABAMBA,BOLIVIA,113,3333,2026-10-09 20:30,2026-10-10 04:00,CAMA,CAMA  43,Directo (7h 30m),False,0,0.0,0.0,0.0
2026-10-07 00:42:52,BUS,2026-10-09,LA PAZ,LA PAZ,COCHABAMBA,COCHABAMBA,EL DORADO,103,000,2026-10-09 21:00,2026-10-10 04:00,CAMA,CAMA 3 FILAS 40,Directo (7h 0m),False,0,0.0,0.0,0.0
2026-10-07 00:42:52,BUS,2026-10-09,LA PAZ,LA PAZ,POTOSI,POTOSI,TRANS COPACABANA S.A.,110,165,2026-10-09 21:00,2026-10-10 06:00,CAMA,CAMA TV 46,Directo (9h 0m),False,0,0.0,0.0,0.0
2026-10-07 00:42:52,BUS,2026-10-09,LA PAZ,LA PAZ,COCHABAMBA,COCHABAMBA,BOLIVIA,113,3333,2026-10-09 21:15,2026-10-10 04:45,CAMA,CAMA  43,Directo (7h 30m),False,0,0.0,0.0,0.0
2026-10-07 00:42:52,BUS,2026-10-09,LA PAZ,LA PAZ,COCHABAMBA,COCHABAMBA,TRANS COPACABANA S.A.,110,130,2026-10-09 21:30,2026-10-10 05:30,CAMA,CAMA D - PISO 43,Directo (8h 0m),False,0,0.0,0.0,0.0
2026-10-07 00:42:52,BUS,2026-10-09,LA PAZ,LA PAZ,COCHABAMBA,COCHABAMBA,EL DORADO,103,000,2026-10-09 21:30,2026-10-10 04:30,CAMA,CAMA 3 FILAS 40,Directo (7h 0m),False,0,0.0,0.0,0.0
2026-10-07 00:42:52,BUS,2026-10-09,LA PAZ,LA PAZ,COCHABAMBA,COCHABAMBA,BOLIVIA,113,3333,2026-10-09 22:00,2026-10-10 05:30,CAMA,CAMA  43,Directo (7h 30m),False,0,0.0,0.0,0.0
2026-10-07 00:42:52,BUS,2026-10-09,LA PAZ,LA PAZ,COCHABAMBA,COCHABAMBA,EL DORADO,103,000,2026-10-09 22:00,2026-10-10 05:00,CAMA,CAMA 3 FILAS 40,Directo (7h 0m),False,0,0.0,0.0,0.0
2026-10-07 00:42:52,BUS,2026-10-09,LA PAZ,LA PAZ,COCHABAMBA,COCHABAMBA,TRANS COPACABANA S.A.,110,136,2026-10-09 22:00,2026-10-10 06:00,CAMA,CAMA DD 43,Directo (8h 0m),False,0,0.0,0.0,0.0
2026-10-07 00:42:52,BUS,2026-10-09,LA PAZ,LA PAZ,COCHABAMBA,COCHABAMBA,EL DORADO,103,000,2026-10-09 22:30,2026-10-10 05:30,CAMA,CAMA 3 FILAS 40,Directo (7h 0m),False,0,0.0,0.0,0.0
2026-10-07 00:42:52,BUS,2026-10-09,LA PAZ,LA PAZ,COCHABAMBA,COCHABAMBA,TRANS COPACABANA S.A.,110,150,2026-10-09 22:30,2026-10-10 06:30,CAMA,CAMA TV 43,Directo (8h 0m),False,0,0.0,0.0,0.0
2026-10-07 00:42:52,BUS,2026-10-09,LA PAZ,LA PAZ,COCHABAMBA,COCHABAMBA,BOLIVIA,113,3333,2026-10-09 22:45,2026-10-10 06:15,CAMA,CAMA  43,Directo (7h 30m),False,0,0.0,0.0,0.0
2026-10-07 00:42:52,BUS,2026-10-09,LA PAZ,LA PAZ,COCHABAMBA,COCHABAMBA,EL DORADO,103,000,2026-10-09 23:00,2026-10-10 06:00,CAMA,CAMA 3 FILAS 40,Directo (7h 0m),False,0,0.0,0.0,0.0
2026-10-07 00:42:52,BUS,2026-10-09,LA PAZ,LA PAZ,COCHABAMBA,COCHABAMBA,TRANS COPACABANA S.A.,110,144,2026-10-09 23:00,2026-10-10 07:00,CAMA,CAMA TV 43,Directo (8h 0m),False,0,0.0,0.0,0.0
2026-10-07 00:42:52,BUS,2026-10-09,LA PAZ,LA PAZ,POTOSI,POTOSI,EL DORADO,103,000,2026-10-09 21:30,2026-10-10 06:30,CAMA,CAMA 3 FILAS 40,Directo (9h 0m),False,0,250.0,250.0,190.0
2026-10-07 00:42:52,BUS,2026-10-09,LA PAZ,LA PAZ,TARIJA,TARIJA,TRANS COPACABANA S.A.,110,160,2026-10-09 18:30,2026-10-10 11:30,CAMA,CAMA TV 43,Directo (17h 0m),False,0,400.0,400.0,363.0
2026-10-07 00:42:52,BUS,2026-10-09,LA PAZ,LA PAZ,TARIJA,TARIJA,ROYAL CLASS,144,5310ULP,2026-10-09 19:00,2026-10-10 10:00,CAMA,SUITE - CAMA,Directo (15h 0m),False,0,400.0,450.0,300.0
2026-10-07 00:42:52,BUS,2026-10-09,ORURO,ORURO,COCHABAMBA,COCHABAMBA,TRANS COPACABANA S.A.,110,114,2026-10-09 08:30,2026-10-09 13:30,CAMA,CAMA DD - PISO  43,Directo (5h 0m),False,0,0.0,0.0,0.0
2026-10-07 00:42:52,BUS,2026-10-09,ORURO,ORURO,COCHABAMBA,COCHABAMBA,TRANS COPACABANA S.A.,110,112,2026-10-09 10:00,2026-10-09 15:00,CAMA,CAMA DD - PISO  43,Directo (5h 0m),False,0,0.0,0.0,0.0
2026-10-07 00:42:52,BUS,2026-10-09,ORURO,ORURO,COCHABAMBA,COCHABAMBA,TRANS COPACABANA S.A.,110,112,2026-10-09 13:30,2026-10-09 18:30,CAMA,CAMA DD - PISO  43,Directo (5h 0m),False,0,0.0,0.0,0.0
2026-10-07 00:42:52,BUS,2026-10-09,ORURO,ORURO,COCHABAMBA,COCHABAMBA,TRANS COPACABANA S.A.,110,112,2026-10-09 16:00,2026-10-09 21:00,CAMA,CAMA DD - PISO  43,Directo (5h 0m),False,0,0.0,0.0,0.0
2026-10-07 00:42:52,BUS,2026-10-09,ORURO,ORURO,COCHABAMBA,COCHABAMBA,TRANS COPACABANA S.A.,110,113,2026-10-09 19:00,2026-10-10 00:00,CAMA,CAMA DD - PISO  43,Directo (5h 0m),False,0,0.0,0.0,0.0
2026-10-07 00:42:52,BUS,2026-10-09,POTOSI,POTOSI,COCHABAMBA,COCHABAMBA,TRANS COPACABANA S.A.,110,150,2026-10-09 21:30,2026-10-10 07:30,CAMA,CAMA TV 43,Directo (10h 0m),False,0,0.0,0.0,0.0
2026-10-07 00:42:52,BUS,2026-10-09,POTOSI,POTOSI,LA PAZ,LA PAZ,TRANS COPACABANA S.A.,110,145,2026-10-09 22:00,2026-10-10 07:00,CAMA,CAMA TV 43,Directo (9h 0m),False,0,0.0,0.0,0.0
2026-10-07 00:42:52,BUS,2026-10-09,SANTA CRUZ,SANTA CRUZ,COCHABAMBA,COCHABAMBA,TRANS COPACABANA S.A.,110,145,2026-10-09 08:30,2026-10-09 18:30,CAMA,CAMA TV 43,Directo (10h 0m),False,0,0.0,0.0,0.0
2026-10-07 00:42:52,BUS,2026-10-09,SANTA CRUZ,SANTA CRUZ,LA PAZ,LA PAZ,TRANS COPACABANA S.A.,110,155,2026-10-09 14:00,2026-10-10 07:00,CAMA,CAMA TV 43,Directo (17h 0m),False,0,0.0,0.0,0.0
2026-10-07 00:42:52,BUS,2026-10-09,SANTA CRUZ,SANTA CRUZ,LA PAZ,LA PAZ,TRANS COPACABANA S.A.,110,155,2026-10-09 16:30,2026-10-10 09:30,CAMA,CAMA TV 43,Directo (17h 0m),False,0,0.0,0.0,0.0
2026-10-07 00:42:52,BUS,2026-10-09,SANTA CRUZ,SANTA CRUZ,LA PAZ,LA PAZ,TRANS COPACABANA S.A.,110,155,2026-10-09 17:30,2026-10-10 10:30,CAMA,CAMA TV 43,Directo (17h 0m),False,0,0.0,0.0,0.0
2026-10-07 00:42:52,BUS,2026-10-09,SANTA CRUZ,SANTA CRUZ,COCHABAMBA,COCHABAMBA,TRANS COPACABANA S.A.,110,127,2026-10-09 19:00,2026-10-10 05:00,CAMA,CAMA D - PISO 43,Directo (10h 0m),False,0,0.0,0.0,0.0
2026-10-07 00:42:52,BUS,2026-10-09,SANTA CRUZ,SANTA CRUZ,TARIJA,TARIJA,TRANS COPACABANA S.A.,110,163,2026-10-09 19:00,2026-10-10 07:00,CAMA,CAMA TV 43,Directo (12h 0m),False,0,0.0,0.0,0.0
2026-10-07 00:42:52,BUS,2026-10-09,SANTA CRUZ,SANTA CRUZ,LA PAZ,LA PAZ,TRANS COPACABANA S.A.,110,155,2026-10-09 19:30,2026-10-10 12:30,CAMA,CAMA TV 43,Directo (17h 0m),False,0,0.0,0.0,0.0
2026-10-07 00:42:52,BUS,2026-10-09,SANTA CRUZ,SANTA CRUZ,COCHABAMBA,COCHABAMBA,TRANS COPACABANA S.A.,110,142,2026-10-09 20:00,2026-10-10 06:00,CAMA,CAMA TV 43,Directo (10h 0m),False,0,0.0,0.0,0.0
2026-10-07 00:42:52,BUS,2026-10-09,SANTA CRUZ,SANTA CRUZ,COCHABAMBA,COCHABAMBA,TRANS COPACABANA S.A.,110,151,2026-10-09 21:00,2026-10-10 07:00,CAMA,CAMA TV 43,Directo (10h 0m),False,0,0.0,0.0,0.0
2026-10-07 00:42:52,BUS,2026-10-09,SANTA CRUZ,SANTA CRUZ,YACUIBA,YACUIBA,TRANS COPACABANA S.A.,110,129,2026-10-09 21:00,2026-10-10 06:00,CAMA,CAMA D - PISO 43,Directo (9h 0m),False,0,0.0,0.0,0.0
2026-10-07 00:42:52,BUS,2026-10-09,SANTA CRUZ,SANTA CRUZ,COCHABAMBA,COCHABAMBA,TRANS COPACABANA S.A.,110,140,2026-10-09 21:30,2026-10-10 07:30,CAMA,CAMA TV 43,Directo (10h 0m),False,0,0.0,0.0,0.0
2026-10-07 00:42:52,BUS,2026-10-09,SANTA CRUZ,SANTA CRUZ,COCHABAMBA,COCHABAMBA,EL DORADO,103,ABU,2026-10-09 21:30,2026-10-10 09:30,CAMA,CAMA 3F 43 VOLVO 2018,Directo (12h 0m),False,0,0.0,0.0,0.0
2026-10-07 00:42:52,BUS,2026-10-09,SANTA CRUZ,SANTA CRUZ,TRINIDAD,TRINIDAD,TRANS COPACABANA S.A.,110,131,2026-10-09 21:30,2026-10-10 06:30,CAMA,CAMA D - PISO 43,Directo (9h 0m),False,0,0.0,0.0,0.0
2026-10-07 00:42:52,BUS,2026-10-09,SUCRE,SUCRE,LA PAZ,LA PAZ,TRANS COPACABANA S.A.,110,151,2026-10-09 19:30,2026-10-10 07:30,CAMA,CAMA TV 43,Directo (12h 0m),False,0,0.0,0.0,0.0
2026-10-07 00:42:52,BUS,2026-10-09,SUCRE,SUCRE,COCHABAMBA,COCHABAMBA,TRANS COPACABANA S.A.,110,140,2026-10-09 21:00,2026-10-10 04:00,CAMA,CAMA TV 43,Directo (7h 0m),False,0,0.0,0.0,0.0
2026-10-07 00:42:52,BUS,2026-10-09,TARIJA,TARIJA,COCHABAMBA,COCHABAMBA,TRANS COPACABANA S.A.,110,150,2026-10-09 18:00,2026-10-10 09:00,CAMA,CAMA TV 43,Directo (15h 0m),False,0,0.0,0.0,0.0
2026-10-07 00:42:52,BUS,2026-10-09,TARIJA,TARIJA,LA PAZ,LA PAZ,ROYAL CLASS,144,5310UIG,2026-10-09 18:30,2026-10-10 09:30,CAMA,SUITE - CAMA,Directo (15h 0m),False,0,0.0,0.0,0.0
2026-10-07 00:42:52,BUS,2026-10-09,TARIJA,TARIJA,SANTA CRUZ,SANTA CRUZ,TRANS COPACABANA S.A.,110,160,2026-10-09 19:00,2026-10-10 07:30,CAMA,CAMA TV 43,Directo (12h 30m),False,0,0.0,0.0,0.0
2026-10-07 00:42:52,BUS,2026-10-09,TARIJA,TARIJA,LA PAZ,LA PAZ,TRANS COPACABANA S.A.,110,150,2026-10-09 19:30,2026-10-10 12:30,CAMA,CAMA TV 43,Directo (17h 0m),False,0,0.0,0.0,0.0
2026-10-07 00:42:52,BUS,2026-10-09,TARIJA,TARIJA,SUCRE,SUCRE,EL MEXICANO,206,CAMA,2026-10-09 19:30,2026-10-10 06:30,CAMA,CAMA LEITO 38,Directo (11h 0m),False,0,0.0,0.0,0.0
2026-10-07 00:42:52,BUS,2026-10-09,TARIJA,TARIJA,SANTA CRUZ,SANTA CRUZ,EL MEXICANO,206,5215 AUI,2026-10-09 18:30,2026-10-10 08:30,SUITE,SUITE CAMA 32,Directo (14h 0m),False,0,350.0,350.0,300.0
2026-10-07 00:42:52,BUS,2026-10-09,TRINIDAD,TRINIDAD,SANTA CRUZ,SANTA CRUZ,TRANS COPACABANA S.A.,110,147,2026-10-09 21:30,2026-10-10 06:30,CAMA,CAMA TV 43,Directo (9h 0m),False,0,0.0,0.0,0.0
2026-10-07 00:42:52,BUS,2026-10-09,YACUIBA,YACUIBA,SANTA CRUZ,SANTA CRUZ,TRANS COPACABANA S.A.,110,150,2026-10-09 21:00,2026-10-10 06:00,CAMA,CAMA TV 43,Directo (9h 0m),False,0,0.0,0.0,0.0
2026-10-07 00:42:52,BUS,2026-10-09,YACUIBA,YACUIBA,SANTA CRUZ,SANTA CRUZ,RENACER,105,102,2026-10-09 21:00,2026-10-10 09:00,CAMA,CAMA LEITO 43,Directo (12h 0m),False,0,0.0,0.0,0.0
2026-10-07 00:42:52,VUELO,2026-10-09,CBB,COCHABAMBA,LPB,LA PAZ,TAMep,2E,715,2026-10-09 19:50,2026-10-09 20:30,ECONOMICA,AVION,Directo (00:40),False,0,339.0,339.0,339.0
2026-10-07 00:42:52,VUELO,2026-10-09,CBB,COCHABAMBA,VVI,SANTA CRUZ,TAMep,2E,707,2026-10-09 17:00,2026-10-09 17:50,ECONOMICA,AVION,Directo (00:50),False,0,678.0,678.0,678.0
2026-10-07 00:42:52,VUELO,2026-10-09,CIJ,Cobija,LPB,La Paz,BOLIVIANA DE AVIACION,OB,401,2026-10-09 10:00,2026-10-09 11:10,ECONOMICA,AVION,Directo (01:10),False,0,950.0,950.0,950.0
2026-10-07 00:42:52,VUELO,2026-10-09,CBB,Cochabamba,ORU,Oruro,BOLIVIANA DE AVIACION,OB,324,2026-10-09 13:50,2026-10-09 14:25,ECONOMICA,AVION,Directo (00:35),False,0,376.0,376.0,376.0
2026-10-07 00:42:52,VUELO,2026-10-09,CBB,Cochabamba,SRE,Sucre,BOLIVIANA DE AVIACION,OB,578,2026-10-09 19:30,2026-10-09 20:10,ECONOMICA,AVION,Directo (00:40),False,0,397.0,397.0,397.0
2026-10-07 00:42:52,VUELO,2026-10-09,CBB,Cochabamba,LPB,La Paz,BOLIVIANA DE AVIACION,OB,626,2026-10-09 23:30,2026-10-10 00:15,ECONOMICA,AVION,Directo (00:45),False,0,408.0,408.0,408.0
2026-10-07 00:42:52,VUELO,2026-10-09,CBB,Cochabamba,SRE,Sucre,BOLIVIANA DE AVIACION,OB,572,2026-10-09 07:50,2026-10-09 08:30,ECONOMICA,AVION,Directo (00:40),False,0,538.0,538.0,538.0
2026-10-07 00:42:52,VUELO,2026-10-09,CBB,Cochabamba,TDD,Trinidad,BOLIVIANA DE AVIACION,OB,446,2026-10-09 13:30,2026-10-09 14:25,ECONOMICA,AVION,Directo (00:55),False,0,538.0,538.0,538.0
2026-10-07 00:42:52,VUELO,2026-10-09,CBB,Cochabamba,LPB,La Paz,BOLIVIANA DE AVIACION,OB,600,2026-10-09 04:40,2026-10-09 05:25,ECONOMICA,AVION,Directo (00:45),False,0,553.0,553.0,553.0
2026-10-07 00:42:52,VUELO,2026-10-09,CBB,Cochabamba,LPB,La Paz,BOLIVIANA DE AVIACION,OB,610,2026-10-09 10:40,2026-10-09 11:25,ECONOMICA,AVION,Directo (00:45),False,0,553.0,553.0,553.0
2026-10-07 00:42:52,VUELO,2026-10-09,CBB,Cochabamba,LPB,La Paz,BOLIVIANA DE AVIACION,OB,618,2026-10-09 16:25,2026-10-09 17:10,ECONOMICA,AVION,Directo (00:45),False,0,553.0,553.0,553.0
2026-10-07 00:42:52,VUELO,2026-10-09,CBB,Cochabamba,LPB,La Paz,BOLIVIANA DE AVIACION,OB,624,2026-10-09 22:20,2026-10-09 23:05,ECONOMICA,AVION,Directo (00:45),False,0,553.0,553.0,553.0
2026-10-07 00:42:52,VUELO,2026-10-09,CBB,Cochabamba,LPB,La Paz,BOLIVIANA DE AVIACION,OB,924,2026-10-09 22:35,2026-10-09 23:20,ECONOMICA,AVION,Directo (00:45),False,0,553.0,553.0,553.0
2026-10-07 00:42:52,VUELO,2026-10-09,CBB,Cochabamba,VVI,Santa Cruz,BOLIVIANA DE AVIACION,OB,630,2026-10-09 04:35,2026-10-09 05:25,ECONOMICA,AVION,Directo (00:50),False,0,713.0,713.0,713.0
2026-10-07 00:42:52,VUELO,2026-10-09,CBB,Cochabamba,VVI,Santa Cruz,BOLIVIANA DE AVIACION,OB,134,2026-10-09 06:45,2026-10-09 07:35,ECONOMICA,AVION,Directo (00:50),False,0,713.0,713.0,713.0
2026-10-07 00:42:52,VUELO,2026-10-09,CBB,Cochabamba,VVI,Santa Cruz,BOLIVIANA DE AVIACION,OB,634,2026-10-09 07:00,2026-10-09 07:50,ECONOMICA,AVION,Directo (00:50),False,0,713.0,713.0,713.0
2026-10-07 00:42:52,VUELO,2026-10-09,CBB,Cochabamba,VVI,Santa Cruz,BOLIVIANA DE AVIACION,OB,640,2026-10-09 10:35,2026-10-09 11:25,ECONOMICA,AVION,Directo (00:50),False,0,713.0,713.0,713.0
2026-10-07 00:42:52,VUELO,2026-10-09,CBB,Cochabamba,VVI,Santa Cruz,BOLIVIANA DE AVIACION,OB,642,2026-10-09 11:35,2026-10-09 12:25,ECONOMICA,AVION,Directo (00:50),False,0,713.0,713.0,713.0
2026-10-07 00:42:52,VUELO,2026-10-09,CBB,Cochabamba,TJA,Tarija,BOLIVIANA DE AVIACION,OB,524,2026-10-09 07:25,2026-10-09 08:25,ECONOMICA,AVION,Directo (01:00),False,0,876.0,876.0,876.0
2026-10-07 00:42:52,VUELO,2026-10-09,CBB,Cochabamba,TJA,Tarija,BOLIVIANA DE AVIACION,OB,532,2026-10-09 19:15,2026-10-09 20:15,ECONOMICA,AVION,Directo (01:00),False,0,876.0,876.0,876.0
2026-10-07 00:42:52,VUELO,2026-10-09,CBB,Cochabamba,VVI,Santa Cruz,BOLIVIANA DE AVIACION,OB,624 / 988,2026-10-09 22:20,2026-10-10 00:50,ECONOMICA,AVION,1 escala (LPB) - 02:30,True,1,1511.0,1511.0,1511.0
2026-10-07 00:42:52,VUELO,2026-10-09,CBB,Cochabamba,VVI,Santa Cruz,BOLIVIANA DE AVIACION,OB,600 / 662,2026-10-09 04:40,2026-10-09 08:35,ECONOMICA,AVION,1 escala (LPB) - 03:55,True,1,1605.0,1605.0,1605.0
2026-10-07 00:42:52,VUELO,2026-10-09,CBB,Cochabamba,LPB,La Paz,BOLIVIANA DE AVIACION,OB,630 / 663,2026-10-09 04:35,2026-10-09 07:35,ECONOMICA,AVION,1 escala (VVI) - 03:00,True,1,1671.0,1671.0,1671.0
2026-10-07 00:42:52,VUELO,2026-10-09,CBB,Cochabamba,LPB,La Paz,BOLIVIANA DE AVIACION,OB,642 / 673,2026-10-09 11:35,2026-10-09 14:50,ECONOMICA,AVION,1 escala (VVI) - 03:15,True,1,1765.0,1765.0,1765.0
2026-10-07 00:42:52,VUELO,2026-10-09,LPB,LA PAZ,VVI,SANTA CRUZ,TAMep,2E,709,2026-10-09 21:00,2026-10-09 22:10,ECONOMICA,AVION,Directo (01:10),False,0,787.0,787.0,787.0
2026-10-07 00:42:52,VUELO,2026-10-09,LPB,LA PAZ,VVI,SANTA CRUZ,TAMep,2E,705,2026-10-09 12:30,2026-10-09 13:40,ECONOMICA,AVION,Directo (01:10),False,0,843.0,843.0,843.0
2026-10-07 00:42:52,VUELO,2026-10-09,LPB,La Paz,CBB,Cochabamba,BOLIVIANA DE AVIACION,OB,929,2026-10-09 23:55,2026-10-10 00:40,ECONOMICA,AVION,Directo (00:45),False,0,457.0,457.0,457.0
2026-10-07 00:42:52,VUELO,2026-10-09,LPB,La Paz,CBB,Cochabamba,BOLIVIANA DE AVIACION,OB,603,2026-10-09 06:10,2026-10-09 06:55,ECONOMICA,AVION,Directo (00:45),False,0,553.0,553.0,553.0
2026-10-07 00:42:52,VUELO,2026-10-09,LPB,La Paz,CBB,Cochabamba,BOLIVIANA DE AVIACION,OB,625,2026-10-09 22:05,2026-10-09 22:50,ECONOMICA,AVION,Directo (00:45),False,0,553.0,553.0,553.0
2026-10-07 00:42:52,VUELO,2026-10-09,LPB,La Paz,CBB,Cochabamba,BOLIVIANA DE AVIACION,OB,629,2026-10-09 23:50,2026-10-10 00:35,ECONOMICA,AVION,Directo (00:45),False,0,553.0,553.0,553.0
2026-10-07 00:42:52,VUELO,2026-10-09,LPB,La Paz,SRE,Sucre,BOLIVIANA DE AVIACION,OB,603 / 572,2026-10-09 06:10,2026-10-09 08:30,ECONOMICA,AVION,1 escala (CBB) - 02:20,True,1,788.0,788.0,788.0
2026-10-07 00:42:52,VUELO,2026-10-09,LPB,La Paz,CIJ,Cobija,BOLIVIANA DE AVIACION,OB,400,2026-10-09 08:25,2026-10-09 09:30,ECONOMICA,AVION,Directo (01:05),False,0,846.0,846.0,846.0
2026-10-07 00:42:52,VUELO,2026-10-09,LPB,La Paz,VVI,Santa Cruz,BOLIVIANA DE AVIACION,OB,660,2026-10-09 04:45,2026-10-09 05:50,ECONOMICA,AVION,Directo (01:05),False,0,877.0,877.0,877.0
2026-10-07 00:42:52,VUELO,2026-10-09,LPB,La Paz,VVI,Santa Cruz,BOLIVIANA DE AVIACION,OB,988,2026-10-09 23:45,2026-10-10 00:50,ECONOMICA,AVION,Directo (01:05),False,0,973.0,973.0,973.0
2026-10-07 00:42:52,VUELO,2026-10-09,LPB,La Paz,SRE,Sucre,BOLIVIANA DE AVIACION,OB,929 / 572,2026-10-09 23:55,2026-10-10 08:30,ECONOMICA,AVION,1 escala (CBB) - 08:35,True,1,995.0,995.0,995.0
2026-10-07 00:42:52,VUELO,2026-10-09,LPB,La Paz,VVI,Santa Cruz,BOLIVIANA DE AVIACION,OB,603 / 640,2026-10-09 06:10,2026-10-09 11:25,ECONOMICA,AVION,1 escala (CBB) - 05:15,True,1,1067.0,1067.0,1067.0
2026-10-07 00:42:52,VUELO,2026-10-09,LPB,La Paz,VVI,Santa Cruz,BOLIVIANA DE AVIACION,OB,662,2026-10-09 07:30,2026-10-09 08:35,ECONOMICA,AVION,Directo (01:05),False,0,1067.0,1067.0,1067.0
2026-10-07 00:42:52,VUELO,2026-10-09,LPB,La Paz,VVI,Santa Cruz,BOLIVIANA DE AVIACION,OB,668,2026-10-09 10:50,2026-10-09 11:55,ECONOMICA,AVION,Directo (01:05),False,0,1067.0,1067.0,1067.0
2026-10-07 00:42:52,VUELO,2026-10-09,LPB,La Paz,VVI,Santa Cruz,BOLIVIANA DE AVIACION,OB,688,2026-10-09 23:00,2026-10-10 00:05,ECONOMICA,AVION,Directo (01:05),False,0,1067.0,1067.0,1067.0
2026-10-07 00:42:52,VUELO,2026-10-09,LPB,La Paz,VVI,Santa Cruz,BOLIVIANA DE AVIACION,OB,629 / 630,2026-10-09 23:50,2026-10-10 05:25,ECONOMICA,AVION,1 escala (CBB) - 05:35,True,1,1067.0,1067.0,1067.0
2026-10-07 00:42:52,VUELO,2026-10-09,LPB,La Paz,VVI,Santa Cruz,BOLIVIANA DE AVIACION,OB,929 / 630,2026-10-09 23:55,2026-10-10 05:25,ECONOMICA,AVION,1 escala (CBB) - 05:30,True,1,1067.0,1067.0,1067.0
2026-10-07 00:42:52,VUELO,2026-10-09,LPB,La Paz,TDD,Trinidad,BOLIVIANA DE AVIACION,OB,603 / 446,2026-10-09 06:10,2026-10-09 14:25,ECONOMICA,AVION,1 escala (CBB) - 08:15,True,1,1091.0,1091.0,1091.0
2026-10-07 00:42:52,VUELO,2026-10-09,LPB,La Paz,SRE,Sucre,BOLIVIANA DE AVIACION,OB,625 / 572,2026-10-09 22:05,2026-10-10 08:30,ECONOMICA,AVION,1 escala (CBB) - 10:25,True,1,1091.0,1091.0,1091.0
2026-10-07 00:42:52,VUELO,2026-10-09,LPB,La Paz,SRE,Sucre,BOLIVIANA DE AVIACION,OB,629 / 572,2026-10-09 23:50,2026-10-10 08:30,ECONOMICA,AVION,1 escala (CBB) - 08:40,True,1,1091.0,1091.0,1091.0
2026-10-07 00:42:52,VUELO,2026-10-09,LPB,La Paz,TJA,Tarija,BOLIVIANA DE AVIACION,OB,603 / 524,2026-10-09 06:10,2026-10-09 08:25,ECONOMICA,AVION,1 escala (CBB) - 02:15,True,1,1158.0,1158.0,1158.0
2026-10-07 00:42:52,VUELO,2026-10-09,LPB,La Paz,TJA,Tarija,BOLIVIANA DE AVIACION,OB,929 / 524,2026-10-09 23:55,2026-10-10 08:25,ECONOMICA,AVION,1 escala (CBB) - 08:30,True,1,1333.0,1333.0,1333.0
2026-10-07 00:42:52,VUELO,2026-10-09,LPB,La Paz,TJA,Tarija,BOLIVIANA DE AVIACION,OB,625 / 524,2026-10-09 22:05,2026-10-10 08:25,ECONOMICA,AVION,1 escala (CBB) - 10:20,True,1,1429.0,1429.0,1429.0
2026-10-07 00:42:52,VUELO,2026-10-09,LPB,La Paz,TJA,Tarija,BOLIVIANA DE AVIACION,OB,629 / 524,2026-10-09 23:50,2026-10-10 08:25,ECONOMICA,AVION,1 escala (CBB) - 08:35,True,1,1429.0,1429.0,1429.0
2026-10-07 00:42:52,VUELO,2026-10-09,ORU,Oruro,CBB,Cochabamba,BOLIVIANA DE AVIACION,OB,325,2026-10-09 15:00,2026-10-09 15:35,ECONOMICA,AVION,Directo (00:35),False,0,477.0,477.0,477.0
2026-10-07 00:42:52,VUELO,2026-10-09,ORU,Oruro,VVI,Santa Cruz,BOLIVIANA DE AVIACION,OB,325 / 618 / 988,2026-10-09 15:00,2026-10-10 00:50,ECONOMICA,AVION,"2 escala (CBB, LPB) - 09:50",True,2,1735.0,1735.0,1735.0
2026-10-07 00:42:52,VUELO,2026-10-09,ORU,Oruro,VVI,Santa Cruz,BOLIVIANA DE AVIACION,OB,325 / 618 / 688,2026-10-09 15:00,2026-10-10 00:05,ECONOMICA,AVION,"2 escala (CBB, LPB) - 09:05",True,2,1814.0,1814.0,1814.0
2026-10-07 00:42:52,VUELO,2026-10-09,ORU,Oruro,VVI,Santa Cruz,BOLIVIANA DE AVIACION,OB,325 / 624 / 988,2026-10-09 15:00,2026-10-10 00:50,ECONOMICA,AVION,"2 escala (CBB, LPB) - 09:50",True,2,1988.0,1988.0,1988.0
2026-10-07 00:42:52,VUELO,2026-10-09,VVI,SANTA CRUZ,CBB,COCHABAMBA,TAMep,2E,706,2026-10-09 15:40,2026-10-09 16:30,ECONOMICA,AVION,Directo (00:50),False,0,643.0,643.0,643.0
2026-10-07 00:42:52,VUELO,2026-10-09,VVI,SANTA CRUZ,CBB,COCHABAMBA,TAMep,2E,715,2026-10-09 18:30,2026-10-09 19:20,ECONOMICA,AVION,Directo (00:50),False,0,678.0,678.0,678.0
2026-10-07 00:42:52,VUELO,2026-10-09,VVI,SANTA CRUZ,LPB,LA PAZ,TAMep,2E,702,2026-10-09 06:10,2026-10-09 07:20,ECONOMICA,AVION,Directo (01:10),False,0,733.0,733.0,733.0
2026-10-07 00:42:52,VUELO,2026-10-09,VVI,SANTA CRUZ,LPB,LA PAZ,TAMep,2E,715 / 715,2026-10-09 18:30,2026-10-09 20:30,ECONOMICA,AVION,1 escala (CBB) - 02:00,True,1,953.0,953.0,953.0
2026-10-07 00:42:52,VUELO,2026-10-09,VVI,SANTA CRUZ,LPB,LA PAZ,TAMep,2E,706 / 715,2026-10-09 15:40,2026-10-09 20:30,ECONOMICA,AVION,1 escala (CBB) - 04:50,True,1,1008.0,1008.0,1008.0
2026-10-07 00:42:52,VUELO,2026-10-09,VVI,Santa Cruz,CBB,Cochabamba,BOLIVIANA DE AVIACION,OB,631,2026-10-09 05:35,2026-10-09 06:20,ECONOMICA,AVION,Directo (00:45),False,0,713.0,713.0,713.0
2026-10-07 00:42:52,VUELO,2026-10-09,VVI,Santa Cruz,SRE,Sucre,BOLIVIANA DE AVIACION,OB,631 / 572,2026-10-09 05:35,2026-10-09 08:30,ECONOMICA,AVION,1 escala (CBB) - 02:55,True,1,713.0,713.0,713.0
2026-10-07 00:42:52,VUELO,2026-10-09,VVI,Santa Cruz,LPB,La Paz,BOLIVIANA DE AVIACION,OB,961,2026-10-09 05:15,2026-10-09 06:20,ECONOMICA,AVION,Directo (01:05),False,0,783.0,783.0,783.0
2026-10-07 00:42:52,VUELO,2026-10-09,VVI,Santa Cruz,LPB,La Paz,BOLIVIANA DE AVIACION,OB,661,2026-10-09 05:35,2026-10-09 06:40,ECONOMICA,AVION,Directo (01:05),False,0,783.0,783.0,783.0
2026-10-07 00:42:52,VUELO,2026-10-09,VVI,Santa Cruz,TJA,Tarija,BOLIVIANA DE AVIACION,OB,631 / 524,2026-10-09 05:35,2026-10-09 08:25,ECONOMICA,AVION,1 escala (CBB) - 02:50,True,1,963.0,963.0,963.0
2026-10-07 00:42:52,VUELO,2026-10-09,VVI,Santa Cruz,LPB,La Paz,BOLIVIANA DE AVIACION,OB,663,2026-10-09 06:30,2026-10-09 07:35,ECONOMICA,AVION,Directo (01:05),False,0,973.0,973.0,973.0
2026-10-07 00:42:52,VUELO,2026-10-09,VVI,Santa Cruz,LPB,La Paz,BOLIVIANA DE AVIACION,OB,673,2026-10-09 13:45,2026-10-09 14:50,ECONOMICA,AVION,Directo (01:05),False,0,1067.0,1067.0,1067.0
2026-10-07 00:42:52,VUELO,2026-10-09,VVI,Santa Cruz,LPB,La Paz,BOLIVIANA DE AVIACION,OB,681,2026-10-09 20:00,2026-10-09 21:05,ECONOMICA,AVION,Directo (01:05),False,0,1067.0,1067.0,1067.0
2026-10-07 00:42:52,VUELO,2026-10-09,VVI,Santa Cruz,LPB,La Paz,BOLIVIANA DE AVIACION,OB,685,2026-10-09 21:50,2026-10-09 22:55,ECONOMICA,AVION,Directo (01:05),False,0,1067.0,1067.0,1067.0
2026-10-07 00:42:52,VUELO,2026-10-09,VVI,Santa Cruz,ORU,Oruro,BOLIVIANA DE AVIACION,OB,631 / 324,2026-10-09 05:35,2026-10-09 14:25,ECONOMICA,AVION,1 escala (CBB) - 08:50,True,1,1089.0,1089.0,1089.0
2026-10-07 00:42:52,VUELO,2026-10-09,VVI,Santa Cruz,TDD,Trinidad,BOLIVIANA DE AVIACION,OB,631 / 446,2026-10-09 05:35,2026-10-09 14:25,ECONOMICA,AVION,1 escala (CBB) - 08:50,True,1,1251.0,1251.0,1251.0
2026-10-07 00:42:52,VUELO,2026-10-09,VVI,Santa Cruz,CBB,Cochabamba,BOLIVIANA DE AVIACION,OB,685 / 929,2026-10-09 21:50,2026-10-10 00:40,ECONOMICA,AVION,1 escala (LPB) - 02:50,True,1,1508.0,1508.0,1508.0
2026-10-07 00:42:52,VUELO,2026-10-09,VVI,Santa Cruz,CBB,Cochabamba,BOLIVIANA DE AVIACION,OB,681 / 625,2026-10-09 20:00,2026-10-09 22:50,ECONOMICA,AVION,1 escala (LPB) - 02:50,True,1,1605.0,1605.0,1605.0
2026-10-07 00:42:52,VUELO,2026-10-09,VVI,Santa Cruz,CBB,Cochabamba,BOLIVIANA DE AVIACION,OB,685 / 629,2026-10-09 21:50,2026-10-10 00:35,ECONOMICA,AVION,1 escala (LPB) - 02:45,True,1,1605.0,1605.0,1605.0
2026-10-07 00:42:52,VUELO,2026-10-09,SRE,Sucre,CBB,Cochabamba,BOLIVIANA DE AVIACION,OB,573,2026-10-09 09:05,2026-10-09 09:45,ECONOMICA,AVION,Directo (00:40),False,0,538.0,538.0,538.0
2026-10-07 00:42:52,VUELO,2026-10-09,SRE,Sucre,VVI,Santa Cruz,BOLIVIANA DE AVIACION,OB,573 / 640,2026-10-09 09:05,2026-10-09 11:25,ECONOMICA,AVION,1 escala (CBB) - 02:20,True,1,713.0,713.0,713.0
2026-10-07 00:42:52,VUELO,2026-10-09,SRE,Sucre,VVI,Santa Cruz,BOLIVIANA DE AVIACION,OB,573 / 642,2026-10-09 09:05,2026-10-09 12:25,ECONOMICA,AVION,1 escala (CBB) - 03:20,True,1,713.0,713.0,713.0
2026-10-07 00:42:52,VUELO,2026-10-09,SRE,Sucre,LPB,La Paz,BOLIVIANA DE AVIACION,OB,573 / 610,2026-10-09 09:05,2026-10-09 11:25,ECONOMICA,AVION,1 escala (CBB) - 02:20,True,1,788.0,788.0,788.0
2026-10-07 00:42:52,VUELO,2026-10-09,SRE,Sucre,LPB,La Paz,BOLIVIANA DE AVIACION,OB,573 / 618,2026-10-09 09:05,2026-10-09 17:10,ECONOMICA,AVION,1 escala (CBB) - 08:05,True,1,1091.0,1091.0,1091.0
2026-10-07 00:42:52,VUELO,2026-10-09,SRE,Sucre,TJA,Tarija,BOLIVIANA DE AVIACION,OB,573 / 532,2026-10-09 09:05,2026-10-09 20:15,ECONOMICA,AVION,1 escala (CBB) - 11:10,True,1,1414.0,1414.0,1414.0
2026-10-07 00:42:52,VUELO,2026-10-09,SRE,Sucre,LPB,La Paz,BOLIVIANA DE AVIACION,OB,573 / 640 / 673,2026-10-09 09:05,2026-10-09 14:50,ECONOMICA,AVION,"2 escala (CBB, VVI) - 05:45",True,2,1765.0,1765.0,1765.0
2026-10-07 00:42:52,VUELO,2026-10-09,SRE,Sucre,LPB,La Paz,BOLIVIANA DE AVIACION,OB,573 / 642 / 673,2026-10-09 09:05,2026-10-09 14:50,ECONOMICA,AVION,"2 escala (CBB, VVI) - 05:45",True,2,1765.0,1765.0,1765.0
2026-10-07 00:42:52,VUELO,2026-10-09,SRE,Sucre,LPB,La Paz,BOLIVIANA DE AVIACION,OB,573 / 640 / 681,2026-10-09 09:05,2026-10-09 21:05,ECONOMICA,AVION,"2 escala (CBB, VVI) - 12:00",True,2,1780.0,1780.0,1780.0
2026-10-07 00:42:52,VUELO,2026-10-09,SRE,Sucre,LPB,La Paz,BOLIVIANA DE AVIACION,OB,573 / 642 / 681,2026-10-09 09:05,2026-10-09 21:05,ECONOMICA,AVION,"2 escala (CBB, VVI) - 12:00",True,2,1780.0,1780.0,1780.0
2026-10-07 00:42:52,VUELO,2026-10-09,TJA,Tarija,CBB,Cochabamba,BOLIVIANA DE AVIACION,OB,525,2026-10-09 08:55,2026-10-09 09:55,ECONOMICA,AVION,Directo (01:00),False,0,876.0,876.0,876.0
2026-10-07 00:42:52,VUELO,2026-10-09,TJA,Tarija,CBB,Cochabamba,BOLIVIANA DE AVIACION,OB,533,2026-10-09 20:45,2026-10-09 21:45,ECONOMICA,AVION,Directo (01:00),False,0,876.0,876.0,876.0
2026-10-07 00:42:52,VUELO,2026-10-09,TJA,Tarija,VVI,Santa Cruz,BOLIVIANA DE AVIACION,OB,525 / 640,2026-10-09 08:55,2026-10-09 11:25,ECONOMICA,AVION,1 escala (CBB) - 02:30,True,1,963.0,963.0,963.0
2026-10-07 00:42:52,VUELO,2026-10-09,TJA,Tarija,VVI,Santa Cruz,BOLIVIANA DE AVIACION,OB,525 / 642,2026-10-09 08:55,2026-10-09 12:25,ECONOMICA,AVION,1 escala (CBB) - 03:30,True,1,963.0,963.0,963.0
2026-10-07 00:42:52,VUELO,2026-10-09,TJA,Tarija,VVI,Santa Cruz,BOLIVIANA DE AVIACION,OB,255,2026-10-09 14:45,2026-10-09 15:45,ECONOMICA,AVION,Directo (01:00),False,0,963.0,963.0,963.0
2026-10-07 00:42:52,VUELO,2026-10-09,TJA,Tarija,LPB,La Paz,BOLIVIANA DE AVIACION,OB,525 / 610,2026-10-09 08:55,2026-10-09 11:25,ECONOMICA,AVION,1 escala (CBB) - 02:30,True,1,1158.0,1158.0,1158.0
2026-10-07 00:42:52,VUELO,2026-10-09,TJA,Tarija,LPB,La Paz,BOLIVIANA DE AVIACION,OB,533 / 624,2026-10-09 20:45,2026-10-09 23:05,ECONOMICA,AVION,1 escala (CBB) - 02:20,True,1,1158.0,1158.0,1158.0
2026-10-07 00:42:52,VUELO,2026-10-09,TJA,Tarija,LPB,La Paz,BOLIVIANA DE AVIACION,OB,533 / 924,2026-10-09 20:45,2026-10-09 23:20,ECONOMICA,AVION,1 escala (CBB) - 02:35,True,1,1158.0,1158.0,1158.0
2026-10-07 00:42:52,VUELO,2026-10-09,TJA,Tarija,LPB,La Paz,BOLIVIANA DE AVIACION,OB,533 / 626,2026-10-09 20:45,2026-10-10 00:15,ECONOMICA,AVION,1 escala (CBB) - 03:30,True,1,1158.0,1158.0,1158.0
2026-10-07 00:42:52,VUELO,2026-10-09,TJA,Tarija,SRE,Sucre,BOLIVIANA DE AVIACION,OB,525 / 578,2026-10-09 08:55,2026-10-09 20:10,ECONOMICA,AVION,1 escala (CBB) - 11:15,True,1,1273.0,1273.0,1273.0
2026-10-07 00:42:52,VUELO,2026-10-09,TJA,Tarija,LPB,La Paz,BOLIVIANA DE AVIACION,OB,533 / 600,2026-10-09 20:45,2026-10-10 05:25,ECONOMICA,AVION,1 escala (CBB) - 08:40,True,1,1284.0,1284.0,1284.0
2026-10-07 00:42:52,VUELO,2026-10-09,TJA,Tarija,SRE,Sucre,BOLIVIANA DE AVIACION,OB,533 / 572,2026-10-09 20:45,2026-10-10 08:30,ECONOMICA,AVION,1 escala (CBB) - 11:45,True,1,1414.0,1414.0,1414.0
2026-10-07 00:42:52,VUELO,2026-10-09,TJA,Tarija,LPB,La Paz,BOLIVIANA DE AVIACION,OB,525 / 618,2026-10-09 08:55,2026-10-09 17:10,ECONOMICA,AVION,1 escala (CBB) - 08:15,True,1,1429.0,1429.0,1429.0
2026-10-07 00:42:52,VUELO,2026-10-09,TJA,Tarija,LPB,La Paz,BOLIVIANA DE AVIACION,OB,525 / 640 / 673,2026-10-09 08:55,2026-10-09 14:50,ECONOMICA,AVION,"2 escala (CBB, VVI) - 05:55",True,2,2014.0,2014.0,2014.0
2026-10-07 00:42:52,VUELO,2026-10-09,TJA,Tarija,LPB,La Paz,BOLIVIANA DE AVIACION,OB,525 / 642 / 673,2026-10-09 08:55,2026-10-09 14:50,ECONOMICA,AVION,"2 escala (CBB, VVI) - 05:55",True,2,2014.0,2014.0,2014.0
2026-10-07 00:42:52,VUELO,2026-10-09,TJA,Tarija,LPB,La Paz,BOLIVIANA DE AVIACION,OB,255 / 681,2026-10-09 14:45,2026-10-09 21:05,ECONOMICA,AVION,1 escala (VVI) - 06:20,True,1,2014.0,2014.0,2014.0
2026-10-07 00:42:52,VUELO,2026-10-09,TJA,Tarija,LPB,La Paz,BOLIVIANA DE AVIACION,OB,525 / 640 / 681,2026-10-09 08:55,2026-10-09 21:05,ECONOMICA,AVION,"2 escala (CBB, VVI) - 12:10",True,2,2029.0,2029.0,2029.0
2026-10-07 00:42:52,VUELO,2026-10-09,TJA,Tarija,LPB,La Paz,BOLIVIANA DE AVIACION,OB,525 / 642 / 681,2026-10-09 08:55,2026-10-09 21:05,ECONOMICA,AVION,"2 escala (CBB, VVI) - 12:10",True,2,2029.0,2029.0,2029.0
2026-10-07 00:42:52,VUELO,2026-10-09,TJA,Tarija,LPB,La Paz,BOLIVIANA DE AVIACION,OB,255 / 685,2026-10-09 14:45,2026-10-09 22:55,ECONOMICA,AVION,1 escala (VVI) - 08:10,True,1,2029.0,2029.0,2029.0
2026-10-07 00:42:52,VUELO,2026-10-09,TJA,Tarija,VVI,Santa Cruz,BOLIVIANA DE AVIACION,OB,533 / 624 / 988,2026-10-09 20:45,2026-10-10 00:50,ECONOMICA,AVION,"2 escala (CBB, LPB) - 04:05",True,2,2115.0,2115.0,2115.0
2026-10-07 00:42:52,VUELO,2026-10-09,TJA,Tarija,LPB,La Paz,BOLIVIANA DE AVIACION,OB,533 / 630 / 663,2026-10-09 20:45,2026-10-10 07:35,ECONOMICA,AVION,"2 escala (CBB, VVI) - 10:50",True,2,2451.0,2451.0,2451.0
2026-10-07 00:42:52,VUELO,2026-10-09,TDD,Trinidad,CBB,Cochabamba,BOLIVIANA DE AVIACION,OB,447,2026-10-09 14:55,2026-10-09 15:45,ECONOMICA,AVION,Directo (00:50),False,0,653.0,653.0,653.0
2026-10-07 00:42:52,VUELO,2026-10-09,TDD,Trinidad,LPB,La Paz,BOLIVIANA DE AVIACION,OB,447 / 618,2026-10-09 14:55,2026-10-09 17:10,ECONOMICA,AVION,1 escala (CBB) - 02:15,True,1,992.0,992.0,992.0
2026-10-07 00:42:52,VUELO,2026-10-09,TDD,Trinidad,LPB,La Paz,BOLIVIANA DE AVIACION,OB,447 / 626,2026-10-09 14:55,2026-10-10 00:15,ECONOMICA,AVION,1 escala (CBB) - 09:20,True,1,1061.0,1061.0,1061.0
2026-10-07 00:42:52,VUELO,2026-10-09,TDD,Trinidad,LPB,La Paz,BOLIVIANA DE AVIACION,OB,447 / 624,2026-10-09 14:55,2026-10-09 23:05,ECONOMICA,AVION,1 escala (CBB) - 08:10,True,1,1206.0,1206.0,1206.0
2026-10-07 00:42:52,VUELO,2026-10-09,TDD,Trinidad,LPB,La Paz,BOLIVIANA DE AVIACION,OB,447 / 924,2026-10-09 14:55,2026-10-09 23:20,ECONOMICA,AVION,1 escala (CBB) - 08:25,True,1,1206.0,1206.0,1206.0
2026-10-07 00:42:52,VUELO,2026-10-09,TDD,Trinidad,VVI,Santa Cruz,BOLIVIANA DE AVIACION,OB,447 / 618 / 988,2026-10-09 14:55,2026-10-10 00:50,ECONOMICA,AVION,"2 escala (CBB, LPB) - 09:55",True,2,1965.0,1965.0,1965.0
2026-10-07 00:42:52,VUELO,2026-10-09,TDD,Trinidad,VVI,Santa Cruz,BOLIVIANA DE AVIACION,OB,447 / 618 / 688,2026-10-09 14:55,2026-10-10 00:05,ECONOMICA,AVION,"2 escala (CBB, LPB) - 09:10",True,2,2044.0,2044.0,2044.0
2026-10-07 00:42:52,VUELO,2026-10-09,TDD,Trinidad,VVI,Santa Cruz,BOLIVIANA DE AVIACION,OB,447 / 624 / 988,2026-10-09 14:55,2026-10-10 00:50,ECONOMICA,AVION,"2 escala (CBB, LPB) - 09:55",True,2,2164.0,2164.0,2164.0
